customer_id,first_name,last_name,email,city,state,country,signup_date,customer_segment
1,Amaka,Wilson,amaka.wilson1@example.com,Toronto,Ontario,Canada,2023-03-13,Consumer
2,Amaka,Mohammed,amaka.mohammed2@example.com,Accra,Greater Accra,Ghana,2023-11-27,Consumer
3,Grace,Brown,grace.brown3@example.com,Nairobi,Nairobi,Kenya,2023-05-11,Consumer
4,Daniel,Eze,daniel.eze4@example.com,Benin City,Edo,Nigeria,2024-01-21,Consumer
5,Aisha,Eze,aisha.eze5@example.com,New York,New York,USA,2023-01-22,Consumer
6,Ada,Taylor,ada.taylor6@example.com,Johannesburg,Gauteng,South Africa,2024-11-30,Consumer
7,Esther,Mohammed,esther.mohammed7@example.com,Johannesburg,Gauteng,South Africa,2024-07-20,Corporate
8,Chinedu,Ibrahim,chinedu.ibrahim8@example.com,Ibadan,Oyo,Nigeria,2024-10-08,Consumer
9,Amaka,Ojo,amaka.ojo9@example.com,Port Harcourt,Rivers,Nigeria,2024-08-23,Corporate
10,Peter,Musa,peter.musa10@example.com,New York,New York,USA,2024-07-18,Consumer
11,Esther,Obi,esther.obi11@example.com,Johannesburg,Gauteng,South Africa,2024-05-23,Small Business
12,Chinedu,Bello,chinedu.bello12@example.com,Lagos,Lagos,Nigeria,2025-07-20,Consumer
13,Grace,Johnson,grace.johnson13@example.com,Benin City,Edo,Nigeria,2024-07-19,Consumer
14,Peter,Eze,peter.eze14@example.com,Abuja,FCT,Nigeria,2023-07-21,Corporate
15,Ibrahim,Nwosu,ibrahim.nwosu15@example.com,Nairobi,Nairobi,Kenya,2024-04-06,Consumer
16,David,Nwosu,david.nwosu16@example.com,Abuja,FCT,Nigeria,2025-05-28,Small Business
17,Sarah,Musa,sarah.musa17@example.com,Lagos,Lagos,Nigeria,2025-05-06,Corporate
18,Aisha,Eze,aisha.eze18@example.com,Nairobi,Nairobi,Kenya,2024-04-16,Consumer
19,Mary,Thomas,mary.thomas19@example.com,Nairobi,Nairobi,Kenya,2024-11-05,Small Business
20,Tosin,Taylor,tosin.taylor20@example.com,Accra,Greater Accra,Ghana,2023-02-10,Corporate
21,Fatima,Brown,fatima.brown21@example.com,Johannesburg,Gauteng,South Africa,2025-07-18,Consumer
22,Tosin,Adeyemi,tosin.adeyemi22@example.com,Johannesburg,Gauteng,South Africa,2025-05-21,Consumer
23,Chinedu,Okafor,chinedu.okafor23@example.com,Ibadan,Oyo,Nigeria,2024-09-04,Corporate
24,Chinedu,Okafor,chinedu.okafor24@example.com,Kano,Kano,Nigeria,2023-08-06,Consumer
25,Ibrahim,Obi,ibrahim.obi25@example.com,Toronto,Ontario,Canada,2024-01-28,Small Business
26,Michael,Smith,michael.smith26@example.com,Ibadan,Oyo,Nigeria,2024-07-28,Corporate
27,Ada,Wilson,ada.wilson27@example.com,Port Harcourt,Rivers,Nigeria,2025-01-03,Consumer
28,Amaka,Smith,amaka.smith28@example.com,Toronto,Ontario,Canada,2024-06-24,Consumer
29,Amaka,Mohammed,amaka.mohammed29@example.com,Benin City,Edo,Nigeria,2025-03-06,Corporate
30,Sarah,Mensah,sarah.mensah30@example.com,Johannesburg,Gauteng,South Africa,2023-01-28,Consumer
31,Oluwaseun,Adebayo,oluwaseun.adebayo31@example.com,New York,New York,USA,2023-12-14,Consumer
32,Aisha,Okafor,aisha.okafor32@example.com,London,England,UK,2023-10-10,Consumer
33,Oluwaseun,Smith,oluwaseun.smith33@example.com,London,England,UK,2023-09-16,Consumer
34,David,Musa,david.musa34@example.com,Kano,Kano,Nigeria,2023-08-13,Consumer
35,Emeka,Clark,emeka.clark35@example.com,Toronto,Ontario,Canada,2024-01-09,Consumer
36,Fatima,Wilson,fatima.wilson36@example.com,Lagos,Lagos,Nigeria,2025-04-09,Corporate
37,Oluwaseun,Eze,oluwaseun.eze37@example.com,Accra,Greater Accra,Ghana,2024-01-21,Small Business
38,Tosin,Thomas,tosin.thomas38@example.com,Nairobi,Nairobi,Kenya,2023-03-22,Consumer
39,Daniel,Johnson,daniel.johnson39@example.com,Johannesburg,Gauteng,South Africa,2024-07-19,Consumer
40,Aisha,Okafor,aisha.okafor40@example.com,Ibadan,Oyo,Nigeria,2024-09-29,Consumer
41,Emeka,Mensah,emeka.mensah41@example.com,Accra,Greater Accra,Ghana,2025-04-15,Consumer
42,Ada,Mensah,ada.mensah42@example.com,Nairobi,Nairobi,Kenya,2025-04-16,Small Business
43,Samuel,Adebayo,samuel.adebayo43@example.com,Lagos,Lagos,Nigeria,2023-07-20,Consumer
44,Samuel,Nwosu,samuel.nwosu44@example.com,Ibadan,Oyo,Nigeria,2024-10-21,Consumer
45,Grace,Mohammed,grace.mohammed45@example.com,New York,New York,USA,2025-08-20,Small Business
46,Oluwaseun,Obi,oluwaseun.obi46@example.com,Port Harcourt,Rivers,Nigeria,2024-05-03,Small Business
47,Amaka,Ojo,amaka.ojo47@example.com,Nairobi,Nairobi,Kenya,2024-10-02,Small Business
48,Peter,Taylor,peter.taylor48@example.com,Ibadan,Oyo,Nigeria,2023-09-20,Small Business
49,Joshua,Wilson,joshua.wilson49@example.com,Johannesburg,Gauteng,South Africa,2025-05-30,Consumer
50,Joshua,Eze,joshua.eze50@example.com,Kano,Kano,Nigeria,2023-02-06,Corporate
51,Fatima,Musa,fatima.musa51@example.com,Ibadan,Oyo,Nigeria,2024-10-20,Small Business
52,Chinedu,Wilson,chinedu.wilson52@example.com,Nairobi,Nairobi,Kenya,2023-02-23,Small Business
53,Oluwaseun,Adebayo,oluwaseun.adebayo53@example.com,Lagos,Lagos,Nigeria,2025-08-25,Small Business
54,David,Wilson,david.wilson54@example.com,Ibadan,Oyo,Nigeria,2023-04-22,Consumer
55,Chinedu,Ojo,chinedu.ojo55@example.com,Abuja,FCT,Nigeria,2024-12-06,Small Business
56,Joshua,Musa,joshua.musa56@example.com,Port Harcourt,Rivers,Nigeria,2023-06-10,Consumer
57,Ibrahim,Nwosu,ibrahim.nwosu57@example.com,Port Harcourt,Rivers,Nigeria,2024-05-18,Small Business
58,Amaka,Adeyemi,amaka.adeyemi58@example.com,Lagos,Lagos,Nigeria,2024-10-01,Consumer
59,Emeka,Mohammed,emeka.mohammed59@example.com,Benin City,Edo,Nigeria,2024-01-10,Consumer
60,Samuel,Mensah,samuel.mensah60@example.com,Ibadan,Oyo,Nigeria,2024-03-13,Corporate
61,Daniel,Okafor,daniel.okafor61@example.com,Johannesburg,Gauteng,South Africa,2025-05-28,Consumer
62,Tosin,Nwosu,tosin.nwosu62@example.com,Ibadan,Oyo,Nigeria,2024-05-30,Consumer
63,Ada,Thomas,ada.thomas63@example.com,Johannesburg,Gauteng,South Africa,2023-08-08,Consumer
64,Ibrahim,Mensah,ibrahim.mensah64@example.com,Ibadan,Oyo,Nigeria,2025-06-10,Consumer
65,Ada,Bello,ada.bello65@example.com,Kano,Kano,Nigeria,2024-08-29,Corporate
66,Aisha,Wilson,aisha.wilson66@example.com,Kano,Kano,Nigeria,2025-07-16,Small Business
67,Chinedu,Ojo,chinedu.ojo67@example.com,London,England,UK,2025-01-04,Small Business
68,Chinedu,Brown,chinedu.brown68@example.com,Nairobi,Nairobi,Kenya,2024-09-17,Consumer
69,Daniel,Taylor,daniel.taylor69@example.com,Abuja,FCT,Nigeria,2025-09-12,Small Business
70,Aisha,Musa,aisha.musa70@example.com,Toronto,Ontario,Canada,2023-09-03,Consumer
71,Michael,Adeyemi,michael.adeyemi71@example.com,Abuja,FCT,Nigeria,2025-07-09,Consumer
72,Amaka,Williams,amaka.williams72@example.com,Port Harcourt,Rivers,Nigeria,2023-11-17,Consumer
73,Ibrahim,Nwosu,ibrahim.nwosu73@example.com,Johannesburg,Gauteng,South Africa,2025-06-01,Consumer
74,Daniel,Johnson,daniel.johnson74@example.com,Accra,Greater Accra,Ghana,2025-08-16,Consumer
75,Ada,Wilson,ada.wilson75@example.com,New York,New York,USA,2025-04-17,Consumer
76,Blessing,Ibrahim,blessing.ibrahim76@example.com,Lagos,Lagos,Nigeria,2023-09-21,Small Business
77,Emeka,Eze,emeka.eze77@example.com,Kano,Kano,Nigeria,2023-04-13,Consumer
78,Sarah,Wilson,sarah.wilson78@example.com,Ibadan,Oyo,Nigeria,2025-04-02,Consumer
79,Joshua,Smith,joshua.smith79@example.com,Abuja,FCT,Nigeria,2024-09-27,Small Business
80,Mary,Thomas,mary.thomas80@example.com,Nairobi,Nairobi,Kenya,2025-04-10,Consumer
81,Tosin,Musa,tosin.musa81@example.com,Johannesburg,Gauteng,South Africa,2024-10-02,Consumer
82,Aisha,Clark,aisha.clark82@example.com,Abuja,FCT,Nigeria,2023-04-06,Consumer
83,Joshua,Brown,joshua.brown83@example.com,Kano,Kano,Nigeria,2025-06-15,Corporate
84,Amaka,Ibrahim,amaka.ibrahim84@example.com,Benin City,Edo,Nigeria,2025-05-10,Consumer
85,Emeka,Nwosu,emeka.nwosu85@example.com,Ibadan,Oyo,Nigeria,2025-09-23,Consumer
86,Ibrahim,Ibrahim,ibrahim.ibrahim86@example.com,Lagos,Lagos,Nigeria,2023-04-04,Small Business
87,Oluwaseun,Ibrahim,oluwaseun.ibrahim87@example.com,Johannesburg,Gauteng,South Africa,2025-06-30,Consumer
88,Joshua,Obi,joshua.obi88@example.com,Port Harcourt,Rivers,Nigeria,2023-10-16,Consumer
89,Tosin,Taylor,tosin.taylor89@example.com,Benin City,Edo,Nigeria,2025-04-16,Corporate
90,Oluwaseun,Taylor,oluwaseun.taylor90@example.com,New York,New York,USA,2024-10-20,Consumer
91,Aisha,Ibrahim,aisha.ibrahim91@example.com,Port Harcourt,Rivers,Nigeria,2023-01-16,Consumer
92,Daniel,Thomas,daniel.thomas92@example.com,Johannesburg,Gauteng,South Africa,2025-06-14,Small Business
93,Oluwaseun,Eze,oluwaseun.eze93@example.com,Abuja,FCT,Nigeria,2024-11-05,Small Business
94,Aisha,Mohammed,aisha.mohammed94@example.com,Toronto,Ontario,Canada,2024-09-04,Small Business
95,Aisha,Okafor,aisha.okafor95@example.com,Nairobi,Nairobi,Kenya,2025-04-21,Consumer
96,Sarah,Eze,sarah.eze96@example.com,Abuja,FCT,Nigeria,2023-09-10,Consumer
97,Chinedu,Thomas,chinedu.thomas97@example.com,New York,New York,USA,2025-02-14,Consumer
98,Michael,Johnson,michael.johnson98@example.com,Ibadan,Oyo,Nigeria,2024-09-08,Consumer
99,Peter,Smith,peter.smith99@example.com,Toronto,Ontario,Canada,2024-02-17,Consumer
100,Grace,Taylor,grace.taylor100@example.com,Kano,Kano,Nigeria,2024-04-01,Consumer
101,Chinedu,Thomas,chinedu.thomas101@example.com,Ibadan,Oyo,Nigeria,2024-07-01,Consumer
102,Amaka,Ibrahim,amaka.ibrahim102@example.com,Johannesburg,Gauteng,South Africa,2024-01-04,Small Business
103,Chinedu,Musa,chinedu.musa103@example.com,Lagos,Lagos,Nigeria,2025-05-30,Consumer
104,Joshua,Smith,joshua.smith104@example.com,Toronto,Ontario,Canada,2023-01-19,Consumer
105,Emeka,Musa,emeka.musa105@example.com,Ibadan,Oyo,Nigeria,2023-03-17,Consumer
106,Ibrahim,Wilson,ibrahim.wilson106@example.com,Ibadan,Oyo,Nigeria,2024-05-20,Small Business
107,Tosin,Adeyemi,tosin.adeyemi107@example.com,Johannesburg,Gauteng,South Africa,2023-01-25,Consumer
108,Grace,Nwosu,grace.nwosu108@example.com,London,England,UK,2023-02-08,Consumer
109,Michael,Obi,michael.obi109@example.com,New York,New York,USA,2023-05-13,Small Business
110,Blessing,Adebayo,blessing.adebayo110@example.com,Abuja,FCT,Nigeria,2025-01-20,Consumer
111,Michael,Eze,michael.eze111@example.com,Lagos,Lagos,Nigeria,2023-09-10,Small Business
112,Ibrahim,Smith,ibrahim.smith112@example.com,Nairobi,Nairobi,Kenya,2023-06-19,Consumer
113,Daniel,Ibrahim,daniel.ibrahim113@example.com,Kano,Kano,Nigeria,2024-02-26,Corporate
114,Joshua,Smith,joshua.smith114@example.com,Lagos,Lagos,Nigeria,2023-12-08,Small Business
115,Amaka,Smith,amaka.smith115@example.com,Port Harcourt,Rivers,Nigeria,2025-03-14,Consumer
116,Mary,Eze,mary.eze116@example.com,Benin City,Edo,Nigeria,2023-06-16,Consumer
117,Mary,Obi,mary.obi117@example.com,Ibadan,Oyo,Nigeria,2023-06-22,Consumer
118,Oluwaseun,Brown,oluwaseun.brown118@example.com,London,England,UK,2025-07-23,Small Business
119,Sarah,Thomas,sarah.thomas119@example.com,London,England,UK,2025-04-03,Consumer
120,Samuel,Eze,samuel.eze120@example.com,Kano,Kano,Nigeria,2023-03-21,Consumer
121,Blessing,Ibrahim,blessing.ibrahim121@example.com,Port Harcourt,Rivers,Nigeria,2023-08-15,Small Business
122,Peter,Clark,peter.clark122@example.com,London,England,UK,2023-11-01,Small Business
123,Aisha,Adeyemi,aisha.adeyemi123@example.com,Accra,Greater Accra,Ghana,2025-08-10,Corporate
124,Michael,Nwosu,michael.nwosu124@example.com,Nairobi,Nairobi,Kenya,2023-12-24,Consumer
125,David,Williams,david.williams125@example.com,New York,New York,USA,2024-10-09,Consumer
126,Peter,Ibrahim,peter.ibrahim126@example.com,London,England,UK,2025-01-09,Corporate
127,Ada,Musa,ada.musa127@example.com,Lagos,Lagos,Nigeria,2024-12-24,Consumer
128,Joshua,Smith,joshua.smith128@example.com,Ibadan,Oyo,Nigeria,2023-09-10,Corporate
129,Mary,Ibrahim,mary.ibrahim129@example.com,London,England,UK,2024-03-25,Consumer
130,Peter,Smith,peter.smith130@example.com,Kano,Kano,Nigeria,2023-04-29,Consumer
131,Aisha,Ojo,aisha.ojo131@example.com,Lagos,Lagos,Nigeria,2025-02-17,Consumer
132,Ada,Smith,ada.smith132@example.com,Lagos,Lagos,Nigeria,2024-09-01,Consumer
133,Aisha,Nwosu,aisha.nwosu133@example.com,Accra,Greater Accra,Ghana,2024-06-01,Small Business
134,Tosin,Ibrahim,tosin.ibrahim134@example.com,Benin City,Edo,Nigeria,2025-02-09,Consumer
135,Tosin,Ibrahim,tosin.ibrahim135@example.com,New York,New York,USA,2024-04-02,Consumer
136,Ibrahim,Musa,ibrahim.musa136@example.com,Lagos,Lagos,Nigeria,2023-02-20,Consumer
137,Grace,Okafor,grace.okafor137@example.com,Lagos,Lagos,Nigeria,2024-05-02,Consumer
138,David,Obi,david.obi138@example.com,New York,New York,USA,2023-09-07,Consumer
139,Chinedu,Ojo,chinedu.ojo139@example.com,Johannesburg,Gauteng,South Africa,2025-08-18,Consumer
140,Tosin,Thomas,tosin.thomas140@example.com,Accra,Greater Accra,Ghana,2023-07-26,Small Business
141,Ibrahim,Johnson,ibrahim.johnson141@example.com,Toronto,Ontario,Canada,2024-03-10,Corporate
142,Daniel,Mensah,daniel.mensah142@example.com,Abuja,FCT,Nigeria,2023-04-08,Small Business
143,Esther,Mohammed,esther.mohammed143@example.com,Abuja,FCT,Nigeria,2023-11-04,Consumer
144,Aisha,Clark,aisha.clark144@example.com,Johannesburg,Gauteng,South Africa,2024-06-25,Small Business
145,Mary,Thomas,mary.thomas145@example.com,Kano,Kano,Nigeria,2025-03-07,Consumer
146,Ada,Taylor,ada.taylor146@example.com,Lagos,Lagos,Nigeria,2024-05-22,Consumer
147,Tosin,Johnson,tosin.johnson147@example.com,Benin City,Edo,Nigeria,2023-02-22,Consumer
148,Blessing,Adebayo,blessing.adebayo148@example.com,Toronto,Ontario,Canada,2025-06-01,Consumer
149,Joshua,Adebayo,joshua.adebayo149@example.com,Benin City,Edo,Nigeria,2025-06-30,Small Business
150,David,Williams,david.williams150@example.com,Nairobi,Nairobi,Kenya,2023-10-08,Corporate
151,Chinedu,Ojo,chinedu.ojo151@example.com,New York,New York,USA,2023-02-20,Consumer
152,Tosin,Ojo,tosin.ojo152@example.com,Johannesburg,Gauteng,South Africa,2024-11-12,Consumer
153,Samuel,Okafor,samuel.okafor153@example.com,Kano,Kano,Nigeria,2023-08-21,Consumer
154,Ibrahim,Johnson,ibrahim.johnson154@example.com,Lagos,Lagos,Nigeria,2023-03-19,Consumer
155,Fatima,Clark,fatima.clark155@example.com,London,England,UK,2023-08-02,Consumer
156,Blessing,Nwosu,blessing.nwosu156@example.com,Lagos,Lagos,Nigeria,2023-01-26,Small Business
157,David,Thomas,david.thomas157@example.com,Ibadan,Oyo,Nigeria,2023-09-10,Corporate
158,Esther,Bello,esther.bello158@example.com,New York,New York,USA,2023-01-28,Consumer
159,Daniel,Smith,daniel.smith159@example.com,New York,New York,USA,2024-06-09,Consumer
160,Mary,Obi,mary.obi160@example.com,Ibadan,Oyo,Nigeria,2024-09-14,Small Business
161,Blessing,Clark,blessing.clark161@example.com,Johannesburg,Gauteng,South Africa,2023-10-01,Consumer
162,Chinedu,Mohammed,chinedu.mohammed162@example.com,London,England,UK,2024-09-22,Consumer
163,Michael,Obi,michael.obi163@example.com,London,England,UK,2023-09-30,Consumer
164,Emeka,Thomas,emeka.thomas164@example.com,Port Harcourt,Rivers,Nigeria,2023-01-25,Small Business
165,Chinedu,Musa,chinedu.musa165@example.com,Abuja,FCT,Nigeria,2023-04-21,Consumer
166,Daniel,Clark,daniel.clark166@example.com,Nairobi,Nairobi,Kenya,2025-07-24,Consumer
167,Mary,Taylor,mary.taylor167@example.com,London,England,UK,2024-09-04,Consumer
168,Daniel,Smith,daniel.smith168@example.com,Benin City,Edo,Nigeria,2025-01-10,Corporate
169,Samuel,Mensah,samuel.mensah169@example.com,Accra,Greater Accra,Ghana,2024-09-15,Consumer
170,Blessing,Musa,blessing.musa170@example.com,Accra,Greater Accra,Ghana,2025-06-17,Consumer
171,David,Ibrahim,david.ibrahim171@example.com,Port Harcourt,Rivers,Nigeria,2025-07-08,Consumer
172,Daniel,Wilson,daniel.wilson172@example.com,Johannesburg,Gauteng,South Africa,2023-03-16,Small Business
173,Samuel,Thomas,samuel.thomas173@example.com,Nairobi,Nairobi,Kenya,2025-09-24,Small Business
174,Daniel,Clark,daniel.clark174@example.com,Toronto,Ontario,Canada,2024-01-27,Consumer
175,Sarah,Eze,sarah.eze175@example.com,Kano,Kano,Nigeria,2023-11-22,Corporate
176,Grace,Mohammed,grace.mohammed176@example.com,Port Harcourt,Rivers,Nigeria,2023-08-13,Small Business
177,Emeka,Clark,emeka.clark177@example.com,Lagos,Lagos,Nigeria,2023-03-31,Small Business
178,Samuel,Ibrahim,samuel.ibrahim178@example.com,Toronto,Ontario,Canada,2024-05-25,Consumer
179,Blessing,Adeyemi,blessing.adeyemi179@example.com,Lagos,Lagos,Nigeria,2025-06-20,Consumer
180,Michael,Ibrahim,michael.ibrahim180@example.com,Accra,Greater Accra,Ghana,2024-10-11,Corporate
181,Sarah,Brown,sarah.brown181@example.com,Abuja,FCT,Nigeria,2024-08-18,Consumer
182,Tosin,Musa,tosin.musa182@example.com,Lagos,Lagos,Nigeria,2025-02-15,Consumer
183,Samuel,Adeyemi,samuel.adeyemi183@example.com,Lagos,Lagos,Nigeria,2024-08-03,Small Business
184,Emeka,Ojo,emeka.ojo184@example.com,Kano,Kano,Nigeria,2024-01-11,Corporate
185,Daniel,Eze,daniel.eze185@example.com,Ibadan,Oyo,Nigeria,2024-06-30,Corporate
186,David,Adebayo,david.adebayo186@example.com,London,England,UK,2023-08-17,Consumer
187,Chinedu,Ibrahim,chinedu.ibrahim187@example.com,Kano,Kano,Nigeria,2025-04-30,Small Business
188,Grace,Smith,grace.smith188@example.com,New York,New York,USA,2023-03-30,Small Business
189,David,Obi,david.obi189@example.com,Nairobi,Nairobi,Kenya,2024-06-09,Corporate
190,Samuel,Okafor,samuel.okafor190@example.com,Accra,Greater Accra,Ghana,2024-07-28,Consumer
191,Ada,Okafor,ada.okafor191@example.com,Accra,Greater Accra,Ghana,2025-08-19,Consumer
192,David,Brown,david.brown192@example.com,Ibadan,Oyo,Nigeria,2023-02-08,Consumer
193,Samuel,Adeyemi,samuel.adeyemi193@example.com,Accra,Greater Accra,Ghana,2023-06-28,Consumer
194,Oluwaseun,Clark,oluwaseun.clark194@example.com,Lagos,Lagos,Nigeria,2024-04-22,Corporate
195,Grace,Mensah,grace.mensah195@example.com,London,England,UK,2023-04-07,Small Business
196,Aisha,Williams,aisha.williams196@example.com,Benin City,Edo,Nigeria,2025-04-13,Small Business
197,Michael,Okafor,michael.okafor197@example.com,Benin City,Edo,Nigeria,2025-03-16,Consumer
198,Esther,Williams,esther.williams198@example.com,Nairobi,Nairobi,Kenya,2025-08-05,Consumer
199,David,Ibrahim,david.ibrahim199@example.com,Port Harcourt,Rivers,Nigeria,2025-04-23,Small Business
200,Mary,Mohammed,mary.mohammed200@example.com,Port Harcourt,Rivers,Nigeria,2023-10-19,Small Business
201,Tosin,Wilson,tosin.wilson201@example.com,Toronto,Ontario,Canada,2023-09-11,Corporate
202,Samuel,Mensah,samuel.mensah202@example.com,Nairobi,Nairobi,Kenya,2023-01-23,Consumer
203,Ibrahim,Adebayo,ibrahim.adebayo203@example.com,Johannesburg,Gauteng,South Africa,2023-08-06,Consumer
204,Peter,Okafor,peter.okafor204@example.com,Nairobi,Nairobi,Kenya,2025-04-07,Consumer
205,Emeka,Williams,emeka.williams205@example.com,Port Harcourt,Rivers,Nigeria,2023-05-13,Corporate
206,David,Taylor,david.taylor206@example.com,Lagos,Lagos,Nigeria,2024-08-26,Consumer
207,Fatima,Mohammed,fatima.mohammed207@example.com,Nairobi,Nairobi,Kenya,2023-10-24,Corporate
208,Aisha,Bello,aisha.bello208@example.com,Kano,Kano,Nigeria,2024-02-09,Consumer
209,Grace,Okafor,grace.okafor209@example.com,Benin City,Edo,Nigeria,2024-07-20,Consumer
210,Esther,Clark,esther.clark210@example.com,London,England,UK,2023-11-05,Consumer
211,Oluwaseun,Musa,oluwaseun.musa211@example.com,Ibadan,Oyo,Nigeria,2024-07-28,Consumer
212,Blessing,Mensah,blessing.mensah212@example.com,Abuja,FCT,Nigeria,2025-06-21,Consumer
213,Daniel,Thomas,daniel.thomas213@example.com,Toronto,Ontario,Canada,2025-08-12,Consumer
214,Mary,Obi,mary.obi214@example.com,Port Harcourt,Rivers,Nigeria,2024-12-10,Consumer
215,Aisha,Thomas,aisha.thomas215@example.com,Toronto,Ontario,Canada,2024-10-23,Consumer
216,Peter,Thomas,peter.thomas216@example.com,Accra,Greater Accra,Ghana,2025-04-28,Corporate
217,Ada,Wilson,ada.wilson217@example.com,Benin City,Edo,Nigeria,2023-12-08,Consumer
218,David,Thomas,david.thomas218@example.com,Accra,Greater Accra,Ghana,2025-02-07,Consumer
219,Mary,Mohammed,mary.mohammed219@example.com,Lagos,Lagos,Nigeria,2024-03-04,Consumer
220,Joshua,Brown,joshua.brown220@example.com,Ibadan,Oyo,Nigeria,2023-01-18,Consumer
221,Mary,Clark,mary.clark221@example.com,Abuja,FCT,Nigeria,2023-07-13,Consumer
222,Ada,Ojo,ada.ojo222@example.com,Benin City,Edo,Nigeria,2025-08-04,Consumer
223,Aisha,Brown,aisha.brown223@example.com,Accra,Greater Accra,Ghana,2025-05-20,Small Business
224,Michael,Taylor,michael.taylor224@example.com,Ibadan,Oyo,Nigeria,2025-05-27,Consumer
225,Aisha,Ojo,aisha.ojo225@example.com,Accra,Greater Accra,Ghana,2023-12-15,Consumer
226,Chinedu,Brown,chinedu.brown226@example.com,Benin City,Edo,Nigeria,2025-01-30,Small Business
227,Chinedu,Mohammed,chinedu.mohammed227@example.com,Lagos,Lagos,Nigeria,2024-08-26,Consumer
228,Daniel,Adeyemi,daniel.adeyemi228@example.com,Nairobi,Nairobi,Kenya,2023-03-19,Consumer
229,Ibrahim,Adebayo,ibrahim.adebayo229@example.com,Port Harcourt,Rivers,Nigeria,2024-05-14,Small Business
230,Ibrahim,Nwosu,ibrahim.nwosu230@example.com,Abuja,FCT,Nigeria,2023-01-07,Small Business
231,Aisha,Mohammed,aisha.mohammed231@example.com,Ibadan,Oyo,Nigeria,2024-07-01,Small Business
232,Peter,Johnson,peter.johnson232@example.com,Lagos,Lagos,Nigeria,2025-03-25,Small Business
233,Blessing,Taylor,blessing.taylor233@example.com,Abuja,FCT,Nigeria,2024-12-07,Consumer
234,Emeka,Wilson,emeka.wilson234@example.com,Kano,Kano,Nigeria,2025-03-15,Consumer
235,Fatima,Johnson,fatima.johnson235@example.com,Kano,Kano,Nigeria,2025-07-28,Consumer
236,Emeka,Thomas,emeka.thomas236@example.com,New York,New York,USA,2023-06-07,Consumer
237,Ibrahim,Thomas,ibrahim.thomas237@example.com,Abuja,FCT,Nigeria,2023-04-25,Consumer
238,Fatima,Brown,fatima.brown238@example.com,Abuja,FCT,Nigeria,2023-08-25,Consumer
239,Fatima,Adebayo,fatima.adebayo239@example.com,Port Harcourt,Rivers,Nigeria,2024-10-27,Consumer
240,Sarah,Johnson,sarah.johnson240@example.com,Accra,Greater Accra,Ghana,2025-03-15,Consumer
241,Peter,Taylor,peter.taylor241@example.com,Port Harcourt,Rivers,Nigeria,2023-02-10,Consumer
242,Ada,Ibrahim,ada.ibrahim242@example.com,London,England,UK,2025-09-24,Small Business
243,Michael,Mensah,michael.mensah243@example.com,Toronto,Ontario,Canada,2023-06-17,Consumer
244,Sarah,Obi,sarah.obi244@example.com,New York,New York,USA,2024-11-15,Small Business
245,Ibrahim,Johnson,ibrahim.johnson245@example.com,Johannesburg,Gauteng,South Africa,2025-04-01,Small Business
246,Mary,Williams,mary.williams246@example.com,Ibadan,Oyo,Nigeria,2025-03-04,Consumer
247,Blessing,Brown,blessing.brown247@example.com,Toronto,Ontario,Canada,2024-05-26,Corporate
248,Amaka,Brown,amaka.brown248@example.com,Ibadan,Oyo,Nigeria,2023-11-06,Consumer
249,Esther,Ibrahim,esther.ibrahim249@example.com,Nairobi,Nairobi,Kenya,2023-10-16,Consumer
250,Esther,Wilson,esther.wilson250@example.com,Ibadan,Oyo,Nigeria,2025-01-08,Small Business
251,Ada,Smith,ada.smith251@example.com,Toronto,Ontario,Canada,2024-04-26,Small Business
252,Daniel,Musa,daniel.musa252@example.com,London,England,UK,2023-10-23,Small Business
253,Blessing,Brown,blessing.brown253@example.com,New York,New York,USA,2023-01-25,Consumer
254,Chinedu,Ojo,chinedu.ojo254@example.com,Kano,Kano,Nigeria,2023-04-18,Small Business
255,Samuel,Johnson,samuel.johnson255@example.com,Johannesburg,Gauteng,South Africa,2023-10-02,Consumer
256,Ada,Thomas,ada.thomas256@example.com,New York,New York,USA,2024-07-22,Consumer
257,Esther,Eze,esther.eze257@example.com,Nairobi,Nairobi,Kenya,2023-12-05,Small Business
258,Ada,Ibrahim,ada.ibrahim258@example.com,Benin City,Edo,Nigeria,2025-09-02,Small Business
259,Peter,Eze,peter.eze259@example.com,Toronto,Ontario,Canada,2025-07-10,Consumer
260,Esther,Taylor,esther.taylor260@example.com,Accra,Greater Accra,Ghana,2024-02-05,Consumer
261,Amaka,Bello,amaka.bello261@example.com,Kano,Kano,Nigeria,2024-06-02,Consumer
262,Joshua,Brown,joshua.brown262@example.com,Abuja,FCT,Nigeria,2025-04-06,Corporate
263,Peter,Wilson,peter.wilson263@example.com,Accra,Greater Accra,Ghana,2025-09-21,Consumer
264,Michael,Obi,michael.obi264@example.com,Lagos,Lagos,Nigeria,2024-06-09,Consumer
265,Chinedu,Eze,chinedu.eze265@example.com,Johannesburg,Gauteng,South Africa,2025-03-23,Consumer
266,Tosin,Adebayo,tosin.adebayo266@example.com,Nairobi,Nairobi,Kenya,2025-09-12,Small Business
267,Emeka,Obi,emeka.obi267@example.com,Nairobi,Nairobi,Kenya,2024-05-11,Consumer
268,Sarah,Ojo,sarah.ojo268@example.com,Lagos,Lagos,Nigeria,2023-01-16,Consumer
269,Emeka,Johnson,emeka.johnson269@example.com,Accra,Greater Accra,Ghana,2025-01-08,Corporate
270,Sarah,Smith,sarah.smith270@example.com,Abuja,FCT,Nigeria,2024-02-20,Corporate
271,Amaka,Bello,amaka.bello271@example.com,Port Harcourt,Rivers,Nigeria,2023-01-29,Small Business
272,Emeka,Nwosu,emeka.nwosu272@example.com,Nairobi,Nairobi,Kenya,2025-01-17,Corporate
273,Michael,Obi,michael.obi273@example.com,Port Harcourt,Rivers,Nigeria,2024-01-24,Small Business
274,Ada,Adeyemi,ada.adeyemi274@example.com,Nairobi,Nairobi,Kenya,2024-10-31,Small Business
275,Peter,Ibrahim,peter.ibrahim275@example.com,London,England,UK,2024-03-07,Consumer
276,Ibrahim,Clark,ibrahim.clark276@example.com,London,England,UK,2024-02-03,Consumer
277,Grace,Eze,grace.eze277@example.com,Toronto,Ontario,Canada,2025-03-15,Small Business
278,Blessing,Mensah,blessing.mensah278@example.com,Accra,Greater Accra,Ghana,2024-03-15,Corporate
279,Blessing,Smith,blessing.smith279@example.com,Abuja,FCT,Nigeria,2023-06-02,Small Business
280,Grace,Brown,grace.brown280@example.com,Port Harcourt,Rivers,Nigeria,2025-05-10,Small Business
281,Mary,Smith,mary.smith281@example.com,New York,New York,USA,2023-04-17,Consumer
282,Fatima,Thomas,fatima.thomas282@example.com,New York,New York,USA,2023-09-16,Small Business
283,Tosin,Ibrahim,tosin.ibrahim283@example.com,Benin City,Edo,Nigeria,2023-02-16,Consumer
284,Fatima,Adeyemi,fatima.adeyemi284@example.com,Port Harcourt,Rivers,Nigeria,2025-06-08,Consumer
285,Michael,Adeyemi,michael.adeyemi285@example.com,Abuja,FCT,Nigeria,2025-04-29,Small Business
286,Chinedu,Adeyemi,chinedu.adeyemi286@example.com,Benin City,Edo,Nigeria,2025-02-19,Consumer
287,Esther,Musa,esther.musa287@example.com,Port Harcourt,Rivers,Nigeria,2025-06-28,Small Business
288,Blessing,Musa,blessing.musa288@example.com,Nairobi,Nairobi,Kenya,2023-11-19,Consumer
289,Fatima,Adeyemi,fatima.adeyemi289@example.com,London,England,UK,2025-01-07,Small Business
290,Fatima,Clark,fatima.clark290@example.com,Nairobi,Nairobi,Kenya,2024-06-20,Consumer
291,Daniel,Clark,daniel.clark291@example.com,Benin City,Edo,Nigeria,2023-11-24,Small Business
292,Joshua,Ojo,joshua.ojo292@example.com,Benin City,Edo,Nigeria,2023-02-06,Consumer
293,Sarah,Ibrahim,sarah.ibrahim293@example.com,Lagos,Lagos,Nigeria,2023-04-24,Consumer
294,Mary,Adeyemi,mary.adeyemi294@example.com,Nairobi,Nairobi,Kenya,2023-02-09,Small Business
295,Sarah,Smith,sarah.smith295@example.com,Lagos,Lagos,Nigeria,2023-09-19,Consumer
296,Joshua,Brown,joshua.brown296@example.com,Johannesburg,Gauteng,South Africa,2023-12-19,Consumer
297,Joshua,Musa,joshua.musa297@example.com,Toronto,Ontario,Canada,2024-07-10,Small Business
298,Michael,Williams,michael.williams298@example.com,Toronto,Ontario,Canada,2024-02-26,Consumer
299,Tosin,Adebayo,tosin.adebayo299@example.com,New York,New York,USA,2025-01-30,Consumer
300,Michael,Taylor,michael.taylor300@example.com,Toronto,Ontario,Canada,2024-03-12,Small Business
301,Peter,Williams,peter.williams301@example.com,Abuja,FCT,Nigeria,2024-12-18,Small Business
302,Emeka,Obi,emeka.obi302@example.com,Abuja,FCT,Nigeria,2023-08-12,Consumer
303,Ada,Musa,ada.musa303@example.com,Lagos,Lagos,Nigeria,2023-12-26,Consumer
304,Sarah,Adeyemi,sarah.adeyemi304@example.com,Benin City,Edo,Nigeria,2024-04-11,Small Business
305,Michael,Musa,michael.musa305@example.com,Abuja,FCT,Nigeria,2025-04-10,Consumer
306,Esther,Ibrahim,esther.ibrahim306@example.com,Benin City,Edo,Nigeria,2023-07-15,Consumer
307,Grace,Ojo,grace.ojo307@example.com,Port Harcourt,Rivers,Nigeria,2024-12-31,Consumer
308,Emeka,Thomas,emeka.thomas308@example.com,New York,New York,USA,2025-06-04,Consumer
309,Peter,Ojo,peter.ojo309@example.com,Johannesburg,Gauteng,South Africa,2024-11-06,Small Business
310,Oluwaseun,Eze,oluwaseun.eze310@example.com,Accra,Greater Accra,Ghana,2023-01-29,Consumer
311,Samuel,Clark,samuel.clark311@example.com,Ibadan,Oyo,Nigeria,2024-04-03,Small Business
312,Daniel,Bello,daniel.bello312@example.com,Abuja,FCT,Nigeria,2023-10-12,Corporate
313,Chinedu,Smith,chinedu.smith313@example.com,London,England,UK,2023-02-08,Consumer
314,Blessing,Wilson,blessing.wilson314@example.com,Abuja,FCT,Nigeria,2024-11-17,Small Business
315,Blessing,Adeyemi,blessing.adeyemi315@example.com,Lagos,Lagos,Nigeria,2024-01-17,Consumer
316,Esther,Nwosu,esther.nwosu316@example.com,Kano,Kano,Nigeria,2025-08-12,Corporate
317,Mary,Ibrahim,mary.ibrahim317@example.com,Ibadan,Oyo,Nigeria,2024-05-21,Consumer
318,Samuel,Clark,samuel.clark318@example.com,Abuja,FCT,Nigeria,2025-08-14,Consumer
319,Ada,Eze,ada.eze319@example.com,Abuja,FCT,Nigeria,2023-09-28,Consumer
320,David,Bello,david.bello320@example.com,London,England,UK,2024-10-18,Consumer
321,David,Clark,david.clark321@example.com,Toronto,Ontario,Canada,2024-11-16,Consumer
322,Amaka,Adeyemi,amaka.adeyemi322@example.com,Johannesburg,Gauteng,South Africa,2024-11-23,Corporate
323,Chinedu,Wilson,chinedu.wilson323@example.com,London,England,UK,2025-01-03,Consumer
324,Ada,Eze,ada.eze324@example.com,Port Harcourt,Rivers,Nigeria,2025-01-09,Consumer
325,Joshua,Johnson,joshua.johnson325@example.com,Nairobi,Nairobi,Kenya,2024-08-06,Consumer
326,Sarah,Thomas,sarah.thomas326@example.com,Nairobi,Nairobi,Kenya,2025-02-27,Consumer
327,Peter,Bello,peter.bello327@example.com,Benin City,Edo,Nigeria,2024-06-27,Small Business
328,Aisha,Mensah,aisha.mensah328@example.com,London,England,UK,2024-01-27,Small Business
329,Mary,Musa,mary.musa329@example.com,Lagos,Lagos,Nigeria,2024-08-10,Corporate
330,Esther,Nwosu,esther.nwosu330@example.com,Benin City,Edo,Nigeria,2023-03-27,Consumer
331,Aisha,Taylor,aisha.taylor331@example.com,Nairobi,Nairobi,Kenya,2025-07-16,Corporate
332,Aisha,Johnson,aisha.johnson332@example.com,Lagos,Lagos,Nigeria,2025-03-11,Corporate
333,Aisha,Smith,aisha.smith333@example.com,Port Harcourt,Rivers,Nigeria,2024-10-27,Consumer
334,Daniel,Mensah,daniel.mensah334@example.com,Accra,Greater Accra,Ghana,2023-03-31,Small Business
335,Peter,Clark,peter.clark335@example.com,Abuja,FCT,Nigeria,2023-04-16,Consumer
336,Ada,Brown,ada.brown336@example.com,Toronto,Ontario,Canada,2023-11-13,Small Business
337,Samuel,Musa,samuel.musa337@example.com,Benin City,Edo,Nigeria,2023-03-14,Consumer
338,Fatima,Ojo,fatima.ojo338@example.com,Johannesburg,Gauteng,South Africa,2023-09-21,Corporate
339,Oluwaseun,Clark,oluwaseun.clark339@example.com,Toronto,Ontario,Canada,2024-01-18,Consumer
340,Oluwaseun,Nwosu,oluwaseun.nwosu340@example.com,Port Harcourt,Rivers,Nigeria,2024-01-25,Small Business
341,Chinedu,Musa,chinedu.musa341@example.com,Johannesburg,Gauteng,South Africa,2025-05-23,Consumer
342,Peter,Eze,peter.eze342@example.com,Accra,Greater Accra,Ghana,2024-06-07,Consumer
343,Sarah,Mohammed,sarah.mohammed343@example.com,New York,New York,USA,2023-05-27,Corporate
344,Grace,Smith,grace.smith344@example.com,Nairobi,Nairobi,Kenya,2025-01-02,Small Business
345,Mary,Eze,mary.eze345@example.com,Abuja,FCT,Nigeria,2025-08-23,Small Business
346,Tosin,Musa,tosin.musa346@example.com,Toronto,Ontario,Canada,2024-10-04,Consumer
347,Mary,Adeyemi,mary.adeyemi347@example.com,Benin City,Edo,Nigeria,2025-08-16,Consumer
348,Amaka,Eze,amaka.eze348@example.com,Lagos,Lagos,Nigeria,2025-05-11,Corporate
349,Oluwaseun,Ibrahim,oluwaseun.ibrahim349@example.com,Port Harcourt,Rivers,Nigeria,2025-01-01,Consumer
350,Oluwaseun,Ojo,oluwaseun.ojo350@example.com,Lagos,Lagos,Nigeria,2025-08-04,Consumer
351,Grace,Johnson,grace.johnson351@example.com,Port Harcourt,Rivers,Nigeria,2024-07-31,Consumer
352,Grace,Mensah,grace.mensah352@example.com,Accra,Greater Accra,Ghana,2025-07-26,Corporate
353,Emeka,Adeyemi,emeka.adeyemi353@example.com,Abuja,FCT,Nigeria,2024-07-05,Small Business
354,Aisha,Adeyemi,aisha.adeyemi354@example.com,New York,New York,USA,2024-06-03,Consumer
355,Michael,Eze,michael.eze355@example.com,Abuja,FCT,Nigeria,2024-01-10,Consumer
356,Samuel,Smith,samuel.smith356@example.com,London,England,UK,2023-11-14,Consumer
357,Esther,Bello,esther.bello357@example.com,Nairobi,Nairobi,Kenya,2023-08-19,Consumer
358,Daniel,Obi,daniel.obi358@example.com,Benin City,Edo,Nigeria,2023-05-25,Consumer
359,Daniel,Adeyemi,daniel.adeyemi359@example.com,Kano,Kano,Nigeria,2023-09-18,Consumer
360,David,Eze,david.eze360@example.com,Nairobi,Nairobi,Kenya,2024-11-06,Corporate
361,Esther,Adebayo,esther.adebayo361@example.com,New York,New York,USA,2024-12-07,Consumer
362,Joshua,Taylor,joshua.taylor362@example.com,New York,New York,USA,2025-04-23,Small Business
363,Aisha,Ibrahim,aisha.ibrahim363@example.com,Port Harcourt,Rivers,Nigeria,2025-02-14,Consumer
364,Aisha,Wilson,aisha.wilson364@example.com,Johannesburg,Gauteng,South Africa,2023-05-01,Consumer
365,Esther,Ibrahim,esther.ibrahim365@example.com,Johannesburg,Gauteng,South Africa,2023-06-14,Small Business
366,Emeka,Clark,emeka.clark366@example.com,Benin City,Edo,Nigeria,2024-09-11,Consumer
367,Oluwaseun,Ojo,oluwaseun.ojo367@example.com,Abuja,FCT,Nigeria,2025-08-26,Consumer
368,Oluwaseun,Okafor,oluwaseun.okafor368@example.com,Accra,Greater Accra,Ghana,2023-02-04,Consumer
369,Tosin,Okafor,tosin.okafor369@example.com,Lagos,Lagos,Nigeria,2024-11-21,Consumer
370,Michael,Wilson,michael.wilson370@example.com,Kano,Kano,Nigeria,2023-08-30,Corporate
371,Blessing,Johnson,blessing.johnson371@example.com,London,England,UK,2023-11-02,Corporate
372,Amaka,Clark,amaka.clark372@example.com,Toronto,Ontario,Canada,2023-06-27,Consumer
373,Samuel,Wilson,samuel.wilson373@example.com,Accra,Greater Accra,Ghana,2024-01-19,Consumer
374,Oluwaseun,Nwosu,oluwaseun.nwosu374@example.com,Abuja,FCT,Nigeria,2025-01-15,Small Business
375,David,Ojo,david.ojo375@example.com,Kano,Kano,Nigeria,2023-05-09,Small Business
376,Samuel,Ibrahim,samuel.ibrahim376@example.com,Benin City,Edo,Nigeria,2023-06-24,Small Business
377,Blessing,Taylor,blessing.taylor377@example.com,Abuja,FCT,Nigeria,2025-09-04,Consumer
378,David,Clark,david.clark378@example.com,Nairobi,Nairobi,Kenya,2025-05-30,Consumer
379,David,Bello,david.bello379@example.com,Port Harcourt,Rivers,Nigeria,2025-03-11,Consumer
380,Joshua,Bello,joshua.bello380@example.com,Kano,Kano,Nigeria,2023-10-31,Small Business
381,Daniel,Ojo,daniel.ojo381@example.com,Benin City,Edo,Nigeria,2024-07-28,Corporate
382,Fatima,Nwosu,fatima.nwosu382@example.com,London,England,UK,2025-01-26,Consumer
383,Fatima,Adebayo,fatima.adebayo383@example.com,Port Harcourt,Rivers,Nigeria,2024-09-01,Consumer
384,Ibrahim,Williams,ibrahim.williams384@example.com,Benin City,Edo,Nigeria,2023-01-19,Small Business
385,Peter,Smith,peter.smith385@example.com,London,England,UK,2023-10-06,Consumer
386,Blessing,Okafor,blessing.okafor386@example.com,Nairobi,Nairobi,Kenya,2025-04-01,Small Business
387,Esther,Okafor,esther.okafor387@example.com,Johannesburg,Gauteng,South Africa,2024-12-11,Consumer
388,Mary,Okafor,mary.okafor388@example.com,Lagos,Lagos,Nigeria,2025-01-05,Consumer
389,Emeka,Mensah,emeka.mensah389@example.com,New York,New York,USA,2023-09-24,Consumer
390,Ibrahim,Bello,ibrahim.bello390@example.com,New York,New York,USA,2025-08-19,Consumer
391,Chinedu,Brown,chinedu.brown391@example.com,Abuja,FCT,Nigeria,2024-03-29,Corporate
392,Emeka,Ibrahim,emeka.ibrahim392@example.com,Abuja,FCT,Nigeria,2023-10-31,Consumer
393,Emeka,Williams,emeka.williams393@example.com,Toronto,Ontario,Canada,2025-08-01,Consumer
394,Ibrahim,Ojo,ibrahim.ojo394@example.com,Johannesburg,Gauteng,South Africa,2025-06-09,Consumer
395,Blessing,Nwosu,blessing.nwosu395@example.com,Kano,Kano,Nigeria,2023-05-04,Corporate
396,Grace,Adebayo,grace.adebayo396@example.com,Ibadan,Oyo,Nigeria,2025-02-21,Consumer
397,Sarah,Mohammed,sarah.mohammed397@example.com,Abuja,FCT,Nigeria,2023-11-30,Consumer
398,Joshua,Wilson,joshua.wilson398@example.com,Toronto,Ontario,Canada,2024-10-30,Small Business
399,Chinedu,Brown,chinedu.brown399@example.com,New York,New York,USA,2024-02-24,Small Business
400,Daniel,Thomas,daniel.thomas400@example.com,Port Harcourt,Rivers,Nigeria,2023-03-31,Consumer
401,Blessing,Obi,blessing.obi401@example.com,Johannesburg,Gauteng,South Africa,2024-08-08,Small Business
402,Amaka,Thomas,amaka.thomas402@example.com,New York,New York,USA,2024-03-20,Consumer
403,Grace,Wilson,grace.wilson403@example.com,Port Harcourt,Rivers,Nigeria,2025-06-04,Small Business
404,Aisha,Eze,aisha.eze404@example.com,Nairobi,Nairobi,Kenya,2024-11-15,Small Business
405,Sarah,Musa,sarah.musa405@example.com,New York,New York,USA,2024-06-04,Small Business
406,Michael,Brown,michael.brown406@example.com,Nairobi,Nairobi,Kenya,2024-12-20,Consumer
407,Tosin,Williams,tosin.williams407@example.com,Abuja,FCT,Nigeria,2024-10-25,Small Business
408,Amaka,Taylor,amaka.taylor408@example.com,London,England,UK,2023-05-26,Small Business
409,Michael,Okafor,michael.okafor409@example.com,Accra,Greater Accra,Ghana,2023-08-30,Consumer
410,Ada,Adeyemi,ada.adeyemi410@example.com,Johannesburg,Gauteng,South Africa,2023-08-14,Consumer
411,Ada,Nwosu,ada.nwosu411@example.com,Kano,Kano,Nigeria,2024-10-16,Consumer
412,Amaka,Adebayo,amaka.adebayo412@example.com,New York,New York,USA,2025-08-26,Consumer
413,Daniel,Adeyemi,daniel.adeyemi413@example.com,Accra,Greater Accra,Ghana,2024-08-19,Small Business
414,Michael,Obi,michael.obi414@example.com,London,England,UK,2025-01-22,Consumer
415,Ibrahim,Mohammed,ibrahim.mohammed415@example.com,Port Harcourt,Rivers,Nigeria,2023-08-06,Consumer
416,Amaka,Smith,amaka.smith416@example.com,Port Harcourt,Rivers,Nigeria,2025-01-13,Small Business
417,Grace,Adeyemi,grace.adeyemi417@example.com,London,England,UK,2024-10-09,Consumer
418,Samuel,Musa,samuel.musa418@example.com,Accra,Greater Accra,Ghana,2024-12-08,Consumer
419,Daniel,Ibrahim,daniel.ibrahim419@example.com,Johannesburg,Gauteng,South Africa,2024-06-22,Small Business
420,David,Mensah,david.mensah420@example.com,Nairobi,Nairobi,Kenya,2024-07-15,Small Business
421,Emeka,Adeyemi,emeka.adeyemi421@example.com,Benin City,Edo,Nigeria,2025-04-17,Consumer
422,Emeka,Johnson,emeka.johnson422@example.com,Benin City,Edo,Nigeria,2023-07-28,Corporate
423,Oluwaseun,Brown,oluwaseun.brown423@example.com,Benin City,Edo,Nigeria,2025-03-22,Consumer
424,Tosin,Smith,tosin.smith424@example.com,London,England,UK,2023-11-07,Consumer
425,Joshua,Eze,joshua.eze425@example.com,Lagos,Lagos,Nigeria,2024-02-04,Small Business
426,Oluwaseun,Adeyemi,oluwaseun.adeyemi426@example.com,Accra,Greater Accra,Ghana,2023-12-14,Corporate
427,Tosin,Wilson,tosin.wilson427@example.com,Nairobi,Nairobi,Kenya,2023-09-05,Consumer
428,Oluwaseun,Mensah,oluwaseun.mensah428@example.com,Benin City,Edo,Nigeria,2025-09-04,Small Business
429,Aisha,Nwosu,aisha.nwosu429@example.com,Johannesburg,Gauteng,South Africa,2024-07-03,Consumer
430,Ibrahim,Williams,ibrahim.williams430@example.com,Lagos,Lagos,Nigeria,2024-10-24,Consumer
431,Daniel,Musa,daniel.musa431@example.com,Kano,Kano,Nigeria,2025-02-08,Corporate
432,Fatima,Okafor,fatima.okafor432@example.com,Toronto,Ontario,Canada,2025-04-14,Consumer
433,Grace,Ojo,grace.ojo433@example.com,Accra,Greater Accra,Ghana,2023-09-19,Corporate
434,Blessing,Clark,blessing.clark434@example.com,Benin City,Edo,Nigeria,2023-11-12,Small Business
435,Michael,Eze,michael.eze435@example.com,Lagos,Lagos,Nigeria,2023-02-11,Consumer
436,Sarah,Adeyemi,sarah.adeyemi436@example.com,Nairobi,Nairobi,Kenya,2024-10-31,Small Business
437,Chinedu,Nwosu,chinedu.nwosu437@example.com,Accra,Greater Accra,Ghana,2025-08-05,Small Business
438,Esther,Adeyemi,esther.adeyemi438@example.com,Abuja,FCT,Nigeria,2025-05-08,Small Business
439,Peter,Bello,peter.bello439@example.com,Port Harcourt,Rivers,Nigeria,2025-09-04,Small Business
440,Daniel,Okafor,daniel.okafor440@example.com,Port Harcourt,Rivers,Nigeria,2023-04-05,Consumer
441,Ibrahim,Nwosu,ibrahim.nwosu441@example.com,Benin City,Edo,Nigeria,2023-08-26,Consumer
442,Chinedu,Adeyemi,chinedu.adeyemi442@example.com,London,England,UK,2025-06-20,Consumer
443,Daniel,Brown,daniel.brown443@example.com,Kano,Kano,Nigeria,2025-09-20,Consumer
444,Esther,Williams,esther.williams444@example.com,Johannesburg,Gauteng,South Africa,2023-01-12,Corporate
445,Sarah,Bello,sarah.bello445@example.com,Port Harcourt,Rivers,Nigeria,2024-10-19,Consumer
446,Samuel,Adebayo,samuel.adebayo446@example.com,Abuja,FCT,Nigeria,2023-03-01,Consumer
447,Mary,Ibrahim,mary.ibrahim447@example.com,Ibadan,Oyo,Nigeria,2025-07-18,Consumer
448,Daniel,Adebayo,daniel.adebayo448@example.com,Abuja,FCT,Nigeria,2023-09-10,Consumer
449,Esther,Musa,esther.musa449@example.com,Accra,Greater Accra,Ghana,2023-03-24,Consumer
450,Fatima,Bello,fatima.bello450@example.com,Ibadan,Oyo,Nigeria,2023-09-20,Small Business
451,Aisha,Williams,aisha.williams451@example.com,Port Harcourt,Rivers,Nigeria,2024-09-06,Consumer
452,Tosin,Obi,tosin.obi452@example.com,Johannesburg,Gauteng,South Africa,2025-03-30,Consumer
453,Grace,Mensah,grace.mensah453@example.com,Accra,Greater Accra,Ghana,2024-11-20,Consumer
454,Oluwaseun,Adeyemi,oluwaseun.adeyemi454@example.com,Accra,Greater Accra,Ghana,2023-06-04,Consumer
455,Ibrahim,Obi,ibrahim.obi455@example.com,Kano,Kano,Nigeria,2024-08-20,Corporate
456,Daniel,Mensah,daniel.mensah456@example.com,Kano,Kano,Nigeria,2024-10-11,Small Business
457,Amaka,Ibrahim,amaka.ibrahim457@example.com,Lagos,Lagos,Nigeria,2023-01-13,Consumer
458,Peter,Smith,peter.smith458@example.com,Kano,Kano,Nigeria,2024-11-23,Small Business
459,Sarah,Williams,sarah.williams459@example.com,Lagos,Lagos,Nigeria,2025-09-21,Consumer
460,Blessing,Wilson,blessing.wilson460@example.com,Accra,Greater Accra,Ghana,2024-09-20,Consumer
461,Grace,Johnson,grace.johnson461@example.com,Port Harcourt,Rivers,Nigeria,2024-09-15,Small Business
462,David,Adeyemi,david.adeyemi462@example.com,London,England,UK,2025-01-02,Consumer
463,Samuel,Taylor,samuel.taylor463@example.com,Kano,Kano,Nigeria,2024-07-07,Corporate
464,Fatima,Thomas,fatima.thomas464@example.com,Nairobi,Nairobi,Kenya,2024-01-28,Corporate
465,Daniel,Nwosu,daniel.nwosu465@example.com,Lagos,Lagos,Nigeria,2023-01-10,Corporate
466,David,Adebayo,david.adebayo466@example.com,Accra,Greater Accra,Ghana,2025-03-12,Consumer
467,David,Thomas,david.thomas467@example.com,Lagos,Lagos,Nigeria,2025-08-13,Consumer
468,Sarah,Mohammed,sarah.mohammed468@example.com,Kano,Kano,Nigeria,2024-02-20,Corporate
469,Tosin,Brown,tosin.brown469@example.com,Nairobi,Nairobi,Kenya,2024-05-19,Small Business
470,Aisha,Smith,aisha.smith470@example.com,Ibadan,Oyo,Nigeria,2024-02-12,Consumer
471,Ada,Ibrahim,ada.ibrahim471@example.com,Port Harcourt,Rivers,Nigeria,2023-10-04,Consumer
472,Ibrahim,Williams,ibrahim.williams472@example.com,Toronto,Ontario,Canada,2024-03-11,Small Business
473,Amaka,Mohammed,amaka.mohammed473@example.com,Johannesburg,Gauteng,South Africa,2024-07-16,Consumer
474,Tosin,Ibrahim,tosin.ibrahim474@example.com,Benin City,Edo,Nigeria,2023-12-18,Consumer
475,Michael,Mensah,michael.mensah475@example.com,Johannesburg,Gauteng,South Africa,2023-12-03,Consumer
476,David,Musa,david.musa476@example.com,Abuja,FCT,Nigeria,2024-04-07,Consumer
477,Ada,Williams,ada.williams477@example.com,Port Harcourt,Rivers,Nigeria,2024-08-12,Consumer
478,Peter,Taylor,peter.taylor478@example.com,Kano,Kano,Nigeria,2024-11-06,Consumer
479,David,Johnson,david.johnson479@example.com,Benin City,Edo,Nigeria,2025-02-19,Consumer
480,Joshua,Johnson,joshua.johnson480@example.com,Toronto,Ontario,Canada,2024-06-05,Consumer
481,David,Ojo,david.ojo481@example.com,Accra,Greater Accra,Ghana,2025-08-26,Consumer
482,Ibrahim,Ojo,ibrahim.ojo482@example.com,Benin City,Edo,Nigeria,2024-02-18,Corporate
483,Emeka,Mohammed,emeka.mohammed483@example.com,Lagos,Lagos,Nigeria,2025-06-06,Corporate
484,Amaka,Thomas,amaka.thomas484@example.com,Johannesburg,Gauteng,South Africa,2023-08-21,Consumer
485,Sarah,Brown,sarah.brown485@example.com,Nairobi,Nairobi,Kenya,2023-08-26,Small Business
486,Emeka,Adebayo,emeka.adebayo486@example.com,Benin City,Edo,Nigeria,2024-10-23,Corporate
487,Sarah,Ojo,sarah.ojo487@example.com,Abuja,FCT,Nigeria,2024-06-24,Small Business
488,Oluwaseun,Ojo,oluwaseun.ojo488@example.com,Ibadan,Oyo,Nigeria,2024-02-11,Small Business
489,Sarah,Adebayo,sarah.adebayo489@example.com,Kano,Kano,Nigeria,2024-12-01,Small Business
490,Chinedu,Mohammed,chinedu.mohammed490@example.com,Accra,Greater Accra,Ghana,2024-02-17,Consumer
491,Emeka,Clark,emeka.clark491@example.com,London,England,UK,2023-05-08,Consumer
492,David,Taylor,david.taylor492@example.com,New York,New York,USA,2024-10-17,Small Business
493,Emeka,Ibrahim,emeka.ibrahim493@example.com,Ibadan,Oyo,Nigeria,2024-03-24,Consumer
494,Chinedu,Taylor,chinedu.taylor494@example.com,Abuja,FCT,Nigeria,2024-05-05,Consumer
495,Ibrahim,Obi,ibrahim.obi495@example.com,Toronto,Ontario,Canada,2025-07-11,Small Business
496,Joshua,Smith,joshua.smith496@example.com,London,England,UK,2024-05-14,Consumer
497,Michael,Eze,michael.eze497@example.com,Lagos,Lagos,Nigeria,2025-08-31,Consumer
498,Daniel,Wilson,daniel.wilson498@example.com,Toronto,Ontario,Canada,2025-06-30,Consumer
499,Samuel,Mohammed,samuel.mohammed499@example.com,Kano,Kano,Nigeria,2024-11-28,Consumer
500,Grace,Wilson,grace.wilson500@example.com,New York,New York,USA,2024-06-19,Consumer
501,Tosin,Mensah,tosin.mensah501@example.com,Kano,Kano,Nigeria,2025-04-01,Small Business
502,Michael,Mensah,michael.mensah502@example.com,Port Harcourt,Rivers,Nigeria,2023-07-07,Small Business
503,Oluwaseun,Thomas,oluwaseun.thomas503@example.com,Accra,Greater Accra,Ghana,2024-08-05,Consumer
504,Ibrahim,Adeyemi,ibrahim.adeyemi504@example.com,Nairobi,Nairobi,Kenya,2025-01-10,Consumer
505,Oluwaseun,Williams,oluwaseun.williams505@example.com,Nairobi,Nairobi,Kenya,2025-02-04,Consumer
506,Peter,Mohammed,peter.mohammed506@example.com,Johannesburg,Gauteng,South Africa,2023-03-01,Consumer
507,Ibrahim,Mohammed,ibrahim.mohammed507@example.com,Benin City,Edo,Nigeria,2024-10-25,Consumer
508,Samuel,Williams,samuel.williams508@example.com,Ibadan,Oyo,Nigeria,2024-03-07,Consumer
509,Ada,Okafor,ada.okafor509@example.com,Abuja,FCT,Nigeria,2025-04-10,Consumer
510,Esther,Adebayo,esther.adebayo510@example.com,London,England,UK,2023-04-28,Small Business
511,Ada,Mensah,ada.mensah511@example.com,Port Harcourt,Rivers,Nigeria,2024-10-21,Small Business
512,Esther,Mensah,esther.mensah512@example.com,Johannesburg,Gauteng,South Africa,2023-03-16,Small Business
513,Joshua,Ibrahim,joshua.ibrahim513@example.com,London,England,UK,2024-05-14,Consumer
514,Peter,Adeyemi,peter.adeyemi514@example.com,Toronto,Ontario,Canada,2024-09-16,Consumer
515,Sarah,Mensah,sarah.mensah515@example.com,Lagos,Lagos,Nigeria,2025-05-26,Small Business
516,Mary,Taylor,mary.taylor516@example.com,Ibadan,Oyo,Nigeria,2023-10-29,Consumer
517,Tosin,Ibrahim,tosin.ibrahim517@example.com,Port Harcourt,Rivers,Nigeria,2023-02-18,Consumer
518,Tosin,Williams,tosin.williams518@example.com,Benin City,Edo,Nigeria,2024-08-24,Consumer
519,Amaka,Obi,amaka.obi519@example.com,Abuja,FCT,Nigeria,2025-07-19,Consumer
520,Grace,Mensah,grace.mensah520@example.com,London,England,UK,2023-07-01,Consumer
521,Emeka,Wilson,emeka.wilson521@example.com,Nairobi,Nairobi,Kenya,2025-09-11,Corporate
522,Emeka,Taylor,emeka.taylor522@example.com,Benin City,Edo,Nigeria,2023-08-08,Consumer
523,Ibrahim,Taylor,ibrahim.taylor523@example.com,Benin City,Edo,Nigeria,2025-09-17,Consumer
524,Sarah,Mensah,sarah.mensah524@example.com,Johannesburg,Gauteng,South Africa,2025-04-20,Consumer
525,Blessing,Wilson,blessing.wilson525@example.com,Abuja,FCT,Nigeria,2023-09-07,Consumer
526,Grace,Ojo,grace.ojo526@example.com,Lagos,Lagos,Nigeria,2025-09-13,Consumer
527,Esther,Ojo,esther.ojo527@example.com,Nairobi,Nairobi,Kenya,2023-07-22,Corporate
528,Esther,Nwosu,esther.nwosu528@example.com,Accra,Greater Accra,Ghana,2025-07-05,Consumer
529,Emeka,Bello,emeka.bello529@example.com,London,England,UK,2023-06-14,Corporate
530,Peter,Ibrahim,peter.ibrahim530@example.com,Ibadan,Oyo,Nigeria,2024-08-21,Consumer
531,Ada,Mohammed,ada.mohammed531@example.com,Ibadan,Oyo,Nigeria,2025-05-06,Corporate
532,Emeka,Musa,emeka.musa532@example.com,Lagos,Lagos,Nigeria,2023-06-27,Small Business
533,Michael,Obi,michael.obi533@example.com,Benin City,Edo,Nigeria,2023-10-16,Consumer
534,Daniel,Adebayo,daniel.adebayo534@example.com,London,England,UK,2024-02-27,Small Business
535,Ada,Johnson,ada.johnson535@example.com,Benin City,Edo,Nigeria,2024-05-08,Consumer
536,Aisha,Taylor,aisha.taylor536@example.com,Kano,Kano,Nigeria,2024-05-31,Corporate
537,Joshua,Johnson,joshua.johnson537@example.com,New York,New York,USA,2023-04-08,Small Business
538,Mary,Obi,mary.obi538@example.com,Benin City,Edo,Nigeria,2024-08-10,Consumer
539,David,Mensah,david.mensah539@example.com,Johannesburg,Gauteng,South Africa,2024-07-24,Consumer
540,Mary,Thomas,mary.thomas540@example.com,Accra,Greater Accra,Ghana,2023-10-04,Consumer
541,Grace,Bello,grace.bello541@example.com,Port Harcourt,Rivers,Nigeria,2023-08-02,Consumer
542,David,Clark,david.clark542@example.com,Benin City,Edo,Nigeria,2024-09-19,Corporate
543,Fatima,Brown,fatima.brown543@example.com,New York,New York,USA,2025-03-06,Small Business
544,Daniel,Adeyemi,daniel.adeyemi544@example.com,Nairobi,Nairobi,Kenya,2023-02-13,Consumer
545,Oluwaseun,Adeyemi,oluwaseun.adeyemi545@example.com,Benin City,Edo,Nigeria,2024-11-09,Small Business
546,Peter,Adebayo,peter.adebayo546@example.com,Ibadan,Oyo,Nigeria,2024-12-09,Corporate
547,Emeka,Taylor,emeka.taylor547@example.com,Nairobi,Nairobi,Kenya,2025-07-08,Consumer
548,Fatima,Williams,fatima.williams548@example.com,Kano,Kano,Nigeria,2024-08-19,Consumer
549,Fatima,Clark,fatima.clark549@example.com,Nairobi,Nairobi,Kenya,2023-07-29,Consumer
550,Oluwaseun,Mensah,oluwaseun.mensah550@example.com,Johannesburg,Gauteng,South Africa,2024-01-21,Consumer
551,Chinedu,Smith,chinedu.smith551@example.com,Ibadan,Oyo,Nigeria,2023-10-10,Consumer
552,David,Mensah,david.mensah552@example.com,Lagos,Lagos,Nigeria,2023-08-08,Consumer
553,David,Ibrahim,david.ibrahim553@example.com,Johannesburg,Gauteng,South Africa,2024-11-18,Consumer
554,Grace,Mensah,grace.mensah554@example.com,Benin City,Edo,Nigeria,2025-02-25,Corporate
555,Emeka,Adebayo,emeka.adebayo555@example.com,Accra,Greater Accra,Ghana,2023-01-16,Corporate
556,Sarah,Smith,sarah.smith556@example.com,Abuja,FCT,Nigeria,2023-09-17,Corporate
557,Tosin,Adeyemi,tosin.adeyemi557@example.com,Lagos,Lagos,Nigeria,2023-07-15,Small Business
558,Daniel,Ibrahim,daniel.ibrahim558@example.com,Ibadan,Oyo,Nigeria,2024-12-01,Consumer
559,Fatima,Wilson,fatima.wilson559@example.com,Benin City,Edo,Nigeria,2024-03-09,Consumer
560,Emeka,Adebayo,emeka.adebayo560@example.com,Abuja,FCT,Nigeria,2025-07-31,Small Business
561,Fatima,Johnson,fatima.johnson561@example.com,Benin City,Edo,Nigeria,2023-05-11,Corporate
562,Joshua,Okafor,joshua.okafor562@example.com,Kano,Kano,Nigeria,2024-11-05,Consumer
563,Fatima,Mohammed,fatima.mohammed563@example.com,Abuja,FCT,Nigeria,2023-11-10,Consumer
564,Joshua,Thomas,joshua.thomas564@example.com,Kano,Kano,Nigeria,2024-09-11,Consumer
565,Esther,Adeyemi,esther.adeyemi565@example.com,Lagos,Lagos,Nigeria,2024-12-24,Small Business
566,Daniel,Johnson,daniel.johnson566@example.com,Ibadan,Oyo,Nigeria,2025-07-24,Consumer
567,Esther,Obi,esther.obi567@example.com,Benin City,Edo,Nigeria,2023-07-20,Small Business
568,Aisha,Brown,aisha.brown568@example.com,Accra,Greater Accra,Ghana,2025-05-04,Consumer
569,Chinedu,Williams,chinedu.williams569@example.com,New York,New York,USA,2025-07-09,Consumer
570,Esther,Adeyemi,esther.adeyemi570@example.com,London,England,UK,2024-09-20,Consumer
571,Oluwaseun,Bello,oluwaseun.bello571@example.com,Port Harcourt,Rivers,Nigeria,2024-04-04,Consumer
572,Fatima,Adeyemi,fatima.adeyemi572@example.com,Johannesburg,Gauteng,South Africa,2025-04-24,Corporate
573,Mary,Okafor,mary.okafor573@example.com,Benin City,Edo,Nigeria,2023-09-08,Consumer
574,Daniel,Bello,daniel.bello574@example.com,Benin City,Edo,Nigeria,2023-05-22,Small Business
575,David,Adeyemi,david.adeyemi575@example.com,Ibadan,Oyo,Nigeria,2024-06-25,Small Business
576,Oluwaseun,Thomas,oluwaseun.thomas576@example.com,London,England,UK,2024-02-28,Small Business
577,Samuel,Nwosu,samuel.nwosu577@example.com,London,England,UK,2023-03-24,Corporate
578,Chinedu,Taylor,chinedu.taylor578@example.com,Ibadan,Oyo,Nigeria,2024-12-13,Small Business
579,Sarah,Obi,sarah.obi579@example.com,London,England,UK,2025-02-01,Small Business
580,Mary,Clark,mary.clark580@example.com,Port Harcourt,Rivers,Nigeria,2024-02-02,Consumer
581,Grace,Brown,grace.brown581@example.com,Lagos,Lagos,Nigeria,2023-10-13,Consumer
582,Aisha,Wilson,aisha.wilson582@example.com,London,England,UK,2024-10-15,Consumer
583,Chinedu,Musa,chinedu.musa583@example.com,Toronto,Ontario,Canada,2023-11-30,Small Business
584,Grace,Williams,grace.williams584@example.com,Johannesburg,Gauteng,South Africa,2025-02-14,Corporate
585,Ibrahim,Musa,ibrahim.musa585@example.com,Nairobi,Nairobi,Kenya,2023-05-07,Small Business
586,Joshua,Thomas,joshua.thomas586@example.com,Johannesburg,Gauteng,South Africa,2023-02-04,Consumer
587,Ibrahim,Ojo,ibrahim.ojo587@example.com,Kano,Kano,Nigeria,2025-02-05,Small Business
588,Joshua,Wilson,joshua.wilson588@example.com,Kano,Kano,Nigeria,2025-08-20,Consumer
589,Fatima,Musa,fatima.musa589@example.com,Port Harcourt,Rivers,Nigeria,2023-02-04,Small Business
590,Aisha,Brown,aisha.brown590@example.com,Accra,Greater Accra,Ghana,2024-03-06,Consumer
591,Emeka,Bello,emeka.bello591@example.com,London,England,UK,2024-10-20,Corporate
592,David,Mohammed,david.mohammed592@example.com,Benin City,Edo,Nigeria,2025-02-26,Small Business
593,Mary,Williams,mary.williams593@example.com,Accra,Greater Accra,Ghana,2024-03-30,Consumer
594,Grace,Eze,grace.eze594@example.com,Ibadan,Oyo,Nigeria,2025-05-03,Consumer
595,Daniel,Musa,daniel.musa595@example.com,Lagos,Lagos,Nigeria,2024-08-06,Small Business
596,Samuel,Ojo,samuel.ojo596@example.com,Lagos,Lagos,Nigeria,2024-07-26,Consumer
597,David,Mohammed,david.mohammed597@example.com,Johannesburg,Gauteng,South Africa,2023-12-28,Corporate
598,Sarah,Thomas,sarah.thomas598@example.com,Ibadan,Oyo,Nigeria,2024-02-28,Consumer
599,Joshua,Smith,joshua.smith599@example.com,Port Harcourt,Rivers,Nigeria,2025-04-03,Consumer
600,Samuel,Thomas,samuel.thomas600@example.com,Lagos,Lagos,Nigeria,2023-07-09,Small Business
601,Oluwaseun,Okafor,oluwaseun.okafor601@example.com,New York,New York,USA,2025-03-17,Small Business
602,Ada,Taylor,ada.taylor602@example.com,Toronto,Ontario,Canada,2025-04-01,Corporate
603,Fatima,Ibrahim,fatima.ibrahim603@example.com,Lagos,Lagos,Nigeria,2024-07-06,Small Business
604,Mary,Obi,mary.obi604@example.com,Accra,Greater Accra,Ghana,2023-02-10,Consumer
605,Blessing,Bello,blessing.bello605@example.com,Ibadan,Oyo,Nigeria,2025-06-25,Consumer
606,Ibrahim,Smith,ibrahim.smith606@example.com,Lagos,Lagos,Nigeria,2023-06-17,Consumer
607,Emeka,Brown,emeka.brown607@example.com,Nairobi,Nairobi,Kenya,2025-08-14,Small Business
608,Emeka,Nwosu,emeka.nwosu608@example.com,Lagos,Lagos,Nigeria,2023-10-28,Small Business
609,Tosin,Brown,tosin.brown609@example.com,London,England,UK,2025-05-08,Consumer
610,Sarah,Clark,sarah.clark610@example.com,Accra,Greater Accra,Ghana,2024-11-19,Consumer
611,Peter,Ojo,peter.ojo611@example.com,Abuja,FCT,Nigeria,2023-11-20,Consumer
612,Grace,Ojo,grace.ojo612@example.com,Kano,Kano,Nigeria,2024-10-20,Consumer
613,David,Wilson,david.wilson613@example.com,Lagos,Lagos,Nigeria,2025-01-06,Consumer
614,Mary,Clark,mary.clark614@example.com,London,England,UK,2025-07-23,Consumer
615,Fatima,Taylor,fatima.taylor615@example.com,Abuja,FCT,Nigeria,2025-03-29,Consumer
616,Michael,Bello,michael.bello616@example.com,Abuja,FCT,Nigeria,2024-07-16,Corporate
617,Amaka,Adeyemi,amaka.adeyemi617@example.com,Port Harcourt,Rivers,Nigeria,2024-03-29,Consumer
618,Daniel,Mensah,daniel.mensah618@example.com,Ibadan,Oyo,Nigeria,2025-06-30,Corporate
619,Daniel,Thomas,daniel.thomas619@example.com,London,England,UK,2023-09-25,Consumer
620,Aisha,Smith,aisha.smith620@example.com,New York,New York,USA,2023-12-23,Consumer
621,Ada,Mensah,ada.mensah621@example.com,Johannesburg,Gauteng,South Africa,2023-10-04,Small Business
622,Peter,Williams,peter.williams622@example.com,Ibadan,Oyo,Nigeria,2024-03-04,Consumer
623,Samuel,Eze,samuel.eze623@example.com,Abuja,FCT,Nigeria,2025-03-10,Small Business
624,Emeka,Clark,emeka.clark624@example.com,London,England,UK,2023-03-04,Consumer
625,Blessing,Nwosu,blessing.nwosu625@example.com,New York,New York,USA,2025-04-04,Consumer
626,Aisha,Obi,aisha.obi626@example.com,Abuja,FCT,Nigeria,2024-03-15,Consumer
627,Amaka,Williams,amaka.williams627@example.com,Kano,Kano,Nigeria,2024-07-21,Small Business
628,Esther,Wilson,esther.wilson628@example.com,Ibadan,Oyo,Nigeria,2024-10-30,Consumer
629,Peter,Adeyemi,peter.adeyemi629@example.com,Toronto,Ontario,Canada,2024-04-23,Small Business
630,Blessing,Thomas,blessing.thomas630@example.com,Lagos,Lagos,Nigeria,2025-03-16,Small Business
631,David,Johnson,david.johnson631@example.com,Port Harcourt,Rivers,Nigeria,2024-03-15,Corporate
632,Aisha,Williams,aisha.williams632@example.com,Lagos,Lagos,Nigeria,2025-05-26,Corporate
633,Chinedu,Adebayo,chinedu.adebayo633@example.com,Port Harcourt,Rivers,Nigeria,2024-10-27,Consumer
634,Blessing,Taylor,blessing.taylor634@example.com,Ibadan,Oyo,Nigeria,2025-03-28,Consumer
635,Esther,Taylor,esther.taylor635@example.com,Kano,Kano,Nigeria,2023-05-02,Consumer
636,Michael,Ibrahim,michael.ibrahim636@example.com,Ibadan,Oyo,Nigeria,2023-03-28,Consumer
637,Peter,Musa,peter.musa637@example.com,Lagos,Lagos,Nigeria,2025-03-07,Consumer
638,Esther,Wilson,esther.wilson638@example.com,Lagos,Lagos,Nigeria,2023-04-19,Corporate
639,Grace,Ibrahim,grace.ibrahim639@example.com,Kano,Kano,Nigeria,2024-05-03,Consumer
640,Daniel,Smith,daniel.smith640@example.com,Benin City,Edo,Nigeria,2025-03-31,Small Business
641,Mary,Adeyemi,mary.adeyemi641@example.com,New York,New York,USA,2023-12-20,Consumer
642,Mary,Thomas,mary.thomas642@example.com,Kano,Kano,Nigeria,2025-07-30,Small Business
643,Emeka,Adebayo,emeka.adebayo643@example.com,Accra,Greater Accra,Ghana,2025-04-15,Consumer
644,Chinedu,Smith,chinedu.smith644@example.com,Abuja,FCT,Nigeria,2023-05-19,Consumer
645,Ada,Adeyemi,ada.adeyemi645@example.com,Johannesburg,Gauteng,South Africa,2025-04-29,Small Business
646,Mary,Ibrahim,mary.ibrahim646@example.com,Accra,Greater Accra,Ghana,2025-05-02,Consumer
647,Tosin,Thomas,tosin.thomas647@example.com,Kano,Kano,Nigeria,2023-06-13,Corporate
648,Daniel,Adebayo,daniel.adebayo648@example.com,Benin City,Edo,Nigeria,2024-11-15,Consumer
649,Blessing,Obi,blessing.obi649@example.com,Johannesburg,Gauteng,South Africa,2024-05-31,Small Business
650,Oluwaseun,Musa,oluwaseun.musa650@example.com,New York,New York,USA,2024-06-07,Corporate
651,Mary,Mohammed,mary.mohammed651@example.com,New York,New York,USA,2023-10-31,Consumer
652,Oluwaseun,Mensah,oluwaseun.mensah652@example.com,Accra,Greater Accra,Ghana,2025-01-31,Consumer
653,Blessing,Okafor,blessing.okafor653@example.com,Nairobi,Nairobi,Kenya,2024-02-11,Consumer
654,Blessing,Mohammed,blessing.mohammed654@example.com,Abuja,FCT,Nigeria,2024-04-09,Small Business
655,Ibrahim,Ojo,ibrahim.ojo655@example.com,Johannesburg,Gauteng,South Africa,2025-08-04,Consumer
656,Esther,Williams,esther.williams656@example.com,Accra,Greater Accra,Ghana,2023-12-31,Consumer
657,Fatima,Brown,fatima.brown657@example.com,Port Harcourt,Rivers,Nigeria,2025-07-29,Consumer
658,Ada,Okafor,ada.okafor658@example.com,Nairobi,Nairobi,Kenya,2023-05-27,Consumer
659,Chinedu,Ibrahim,chinedu.ibrahim659@example.com,Accra,Greater Accra,Ghana,2024-12-20,Small Business
660,Blessing,Adeyemi,blessing.adeyemi660@example.com,Benin City,Edo,Nigeria,2025-06-24,Consumer
661,Joshua,Eze,joshua.eze661@example.com,Abuja,FCT,Nigeria,2024-11-11,Consumer
662,Esther,Adeyemi,esther.adeyemi662@example.com,Ibadan,Oyo,Nigeria,2024-01-05,Small Business
663,Ada,Brown,ada.brown663@example.com,Accra,Greater Accra,Ghana,2024-06-25,Consumer
664,Aisha,Williams,aisha.williams664@example.com,London,England,UK,2024-07-02,Small Business
665,Tosin,Smith,tosin.smith665@example.com,Nairobi,Nairobi,Kenya,2024-10-09,Small Business
666,Fatima,Okafor,fatima.okafor666@example.com,Port Harcourt,Rivers,Nigeria,2024-06-30,Consumer
667,David,Musa,david.musa667@example.com,Abuja,FCT,Nigeria,2025-07-30,Consumer
668,Grace,Mensah,grace.mensah668@example.com,Toronto,Ontario,Canada,2023-12-21,Consumer
669,Ibrahim,Smith,ibrahim.smith669@example.com,Abuja,FCT,Nigeria,2023-02-14,Corporate
670,Samuel,Nwosu,samuel.nwosu670@example.com,Abuja,FCT,Nigeria,2025-07-24,Consumer
671,Daniel,Taylor,daniel.taylor671@example.com,Johannesburg,Gauteng,South Africa,2024-10-17,Consumer
672,Daniel,Johnson,daniel.johnson672@example.com,New York,New York,USA,2023-01-13,Small Business
673,Daniel,Obi,daniel.obi673@example.com,Ibadan,Oyo,Nigeria,2025-06-22,Consumer
674,Amaka,Obi,amaka.obi674@example.com,Lagos,Lagos,Nigeria,2025-07-01,Small Business
675,Sarah,Mohammed,sarah.mohammed675@example.com,Kano,Kano,Nigeria,2025-02-25,Small Business
676,Ada,Taylor,ada.taylor676@example.com,New York,New York,USA,2024-04-28,Small Business
677,Oluwaseun,Wilson,oluwaseun.wilson677@example.com,Abuja,FCT,Nigeria,2023-01-14,Consumer
678,Ibrahim,Wilson,ibrahim.wilson678@example.com,Kano,Kano,Nigeria,2024-02-12,Consumer
679,Grace,Smith,grace.smith679@example.com,Toronto,Ontario,Canada,2024-04-15,Small Business
680,Emeka,Bello,emeka.bello680@example.com,Abuja,FCT,Nigeria,2025-04-29,Small Business
681,Blessing,Musa,blessing.musa681@example.com,Johannesburg,Gauteng,South Africa,2024-07-14,Consumer
682,Ada,Ojo,ada.ojo682@example.com,Benin City,Edo,Nigeria,2023-10-21,Corporate
683,Peter,Brown,peter.brown683@example.com,London,England,UK,2024-01-25,Consumer
684,Blessing,Okafor,blessing.okafor684@example.com,Toronto,Ontario,Canada,2024-10-20,Consumer
685,Daniel,Eze,daniel.eze685@example.com,Port Harcourt,Rivers,Nigeria,2024-09-03,Corporate
686,Mary,Smith,mary.smith686@example.com,Ibadan,Oyo,Nigeria,2023-06-26,Consumer
687,Emeka,Mohammed,emeka.mohammed687@example.com,Kano,Kano,Nigeria,2024-02-05,Small Business
688,Aisha,Taylor,aisha.taylor688@example.com,Accra,Greater Accra,Ghana,2024-12-25,Small Business
689,Sarah,Ibrahim,sarah.ibrahim689@example.com,Lagos,Lagos,Nigeria,2024-06-19,Small Business
690,Ada,Williams,ada.williams690@example.com,London,England,UK,2024-08-28,Consumer
691,Oluwaseun,Mohammed,oluwaseun.mohammed691@example.com,Ibadan,Oyo,Nigeria,2024-10-13,Corporate
692,Ada,Ibrahim,ada.ibrahim692@example.com,Benin City,Edo,Nigeria,2023-10-31,Consumer
693,Fatima,Adeyemi,fatima.adeyemi693@example.com,Abuja,FCT,Nigeria,2025-02-06,Consumer
694,Emeka,Musa,emeka.musa694@example.com,Johannesburg,Gauteng,South Africa,2024-03-30,Small Business
695,Peter,Ibrahim,peter.ibrahim695@example.com,Port Harcourt,Rivers,Nigeria,2023-01-31,Small Business
696,Fatima,Musa,fatima.musa696@example.com,Benin City,Edo,Nigeria,2024-04-03,Small Business
697,Aisha,Williams,aisha.williams697@example.com,Accra,Greater Accra,Ghana,2023-06-22,Consumer
698,Fatima,Brown,fatima.brown698@example.com,Accra,Greater Accra,Ghana,2025-03-14,Small Business
699,Samuel,Eze,samuel.eze699@example.com,Johannesburg,Gauteng,South Africa,2023-05-29,Small Business
700,Aisha,Williams,aisha.williams700@example.com,Kano,Kano,Nigeria,2023-09-09,Consumer
701,Sarah,Thomas,sarah.thomas701@example.com,Benin City,Edo,Nigeria,2023-02-23,Consumer
702,Emeka,Clark,emeka.clark702@example.com,Kano,Kano,Nigeria,2024-08-08,Consumer
703,Tosin,Mensah,tosin.mensah703@example.com,Nairobi,Nairobi,Kenya,2025-02-08,Consumer
704,Grace,Bello,grace.bello704@example.com,New York,New York,USA,2024-11-05,Consumer
705,Esther,Mensah,esther.mensah705@example.com,Lagos,Lagos,Nigeria,2025-02-18,Consumer
706,Blessing,Williams,blessing.williams706@example.com,New York,New York,USA,2023-07-07,Consumer
707,Aisha,Wilson,aisha.wilson707@example.com,Accra,Greater Accra,Ghana,2023-06-05,Consumer
708,Ada,Brown,ada.brown708@example.com,Johannesburg,Gauteng,South Africa,2024-11-28,Small Business
709,Michael,Clark,michael.clark709@example.com,London,England,UK,2024-11-04,Consumer
710,Amaka,Okafor,amaka.okafor710@example.com,Accra,Greater Accra,Ghana,2025-08-11,Consumer
711,Emeka,Nwosu,emeka.nwosu711@example.com,Toronto,Ontario,Canada,2024-01-08,Small Business
712,Amaka,Williams,amaka.williams712@example.com,Ibadan,Oyo,Nigeria,2024-04-01,Consumer
713,David,Okafor,david.okafor713@example.com,Accra,Greater Accra,Ghana,2024-12-29,Consumer
714,Sarah,Williams,sarah.williams714@example.com,Nairobi,Nairobi,Kenya,2023-07-14,Small Business
715,Daniel,Johnson,daniel.johnson715@example.com,Johannesburg,Gauteng,South Africa,2023-07-24,Small Business
716,Emeka,Williams,emeka.williams716@example.com,New York,New York,USA,2023-04-14,Corporate
717,Tosin,Wilson,tosin.wilson717@example.com,Abuja,FCT,Nigeria,2023-11-27,Corporate
718,Fatima,Thomas,fatima.thomas718@example.com,Toronto,Ontario,Canada,2023-03-31,Consumer
719,Michael,Taylor,michael.taylor719@example.com,Toronto,Ontario,Canada,2023-10-28,Consumer
720,Sarah,Brown,sarah.brown720@example.com,Nairobi,Nairobi,Kenya,2023-03-09,Consumer
721,Blessing,Adebayo,blessing.adebayo721@example.com,Lagos,Lagos,Nigeria,2023-02-18,Corporate
722,Samuel,Clark,samuel.clark722@example.com,London,England,UK,2024-11-16,Consumer
723,Ada,Ojo,ada.ojo723@example.com,Kano,Kano,Nigeria,2024-08-18,Small Business
724,Blessing,Okafor,blessing.okafor724@example.com,Abuja,FCT,Nigeria,2024-02-26,Consumer
725,Esther,Bello,esther.bello725@example.com,Kano,Kano,Nigeria,2024-01-25,Consumer
726,Peter,Bello,peter.bello726@example.com,New York,New York,USA,2023-10-29,Consumer
727,Chinedu,Mensah,chinedu.mensah727@example.com,Nairobi,Nairobi,Kenya,2024-03-03,Corporate
728,Emeka,Okafor,emeka.okafor728@example.com,Lagos,Lagos,Nigeria,2025-01-21,Corporate
729,Peter,Adebayo,peter.adebayo729@example.com,Johannesburg,Gauteng,South Africa,2024-05-06,Corporate
730,Joshua,Williams,joshua.williams730@example.com,Ibadan,Oyo,Nigeria,2023-09-09,Corporate
731,Emeka,Adebayo,emeka.adebayo731@example.com,Kano,Kano,Nigeria,2024-08-23,Corporate
732,Samuel,Ojo,samuel.ojo732@example.com,New York,New York,USA,2024-01-25,Consumer
733,Mary,Johnson,mary.johnson733@example.com,Lagos,Lagos,Nigeria,2024-09-10,Consumer
734,Joshua,Johnson,joshua.johnson734@example.com,Abuja,FCT,Nigeria,2023-09-04,Consumer
735,Michael,Brown,michael.brown735@example.com,Port Harcourt,Rivers,Nigeria,2024-05-09,Consumer
736,Blessing,Obi,blessing.obi736@example.com,Lagos,Lagos,Nigeria,2023-07-06,Corporate
737,Peter,Eze,peter.eze737@example.com,London,England,UK,2024-02-25,Consumer
738,Tosin,Taylor,tosin.taylor738@example.com,Toronto,Ontario,Canada,2025-09-07,Consumer
739,David,Johnson,david.johnson739@example.com,Accra,Greater Accra,Ghana,2024-03-31,Small Business
740,Tosin,Adeyemi,tosin.adeyemi740@example.com,Johannesburg,Gauteng,South Africa,2024-10-14,Consumer
741,Grace,Musa,grace.musa741@example.com,Benin City,Edo,Nigeria,2025-01-29,Corporate
742,Daniel,Mohammed,daniel.mohammed742@example.com,Lagos,Lagos,Nigeria,2024-11-02,Consumer
743,Amaka,Thomas,amaka.thomas743@example.com,Ibadan,Oyo,Nigeria,2025-09-06,Consumer
744,Chinedu,Adeyemi,chinedu.adeyemi744@example.com,Lagos,Lagos,Nigeria,2023-12-25,Consumer
745,Ibrahim,Thomas,ibrahim.thomas745@example.com,Abuja,FCT,Nigeria,2024-11-15,Consumer
746,Oluwaseun,Ojo,oluwaseun.ojo746@example.com,Port Harcourt,Rivers,Nigeria,2025-08-18,Consumer
747,Sarah,Wilson,sarah.wilson747@example.com,Port Harcourt,Rivers,Nigeria,2025-05-04,Consumer
748,Blessing,Musa,blessing.musa748@example.com,London,England,UK,2025-06-19,Consumer
749,Ada,Johnson,ada.johnson749@example.com,Nairobi,Nairobi,Kenya,2025-01-18,Consumer
750,Grace,Ibrahim,grace.ibrahim750@example.com,Toronto,Ontario,Canada,2025-04-03,Consumer
751,Chinedu,Eze,chinedu.eze751@example.com,New York,New York,USA,2025-06-01,Consumer
752,Amaka,Clark,amaka.clark752@example.com,Accra,Greater Accra,Ghana,2023-11-23,Small Business
753,Tosin,Bello,tosin.bello753@example.com,Port Harcourt,Rivers,Nigeria,2025-03-01,Consumer
754,Esther,Ojo,esther.ojo754@example.com,Port Harcourt,Rivers,Nigeria,2023-04-19,Consumer
755,Fatima,Nwosu,fatima.nwosu755@example.com,Ibadan,Oyo,Nigeria,2023-04-22,Small Business
756,Ibrahim,Williams,ibrahim.williams756@example.com,New York,New York,USA,2023-09-28,Corporate
757,Aisha,Adeyemi,aisha.adeyemi757@example.com,Nairobi,Nairobi,Kenya,2023-10-10,Small Business
758,Grace,Johnson,grace.johnson758@example.com,Nairobi,Nairobi,Kenya,2024-06-19,Small Business
759,Chinedu,Johnson,chinedu.johnson759@example.com,London,England,UK,2024-03-08,Consumer
760,Oluwaseun,Smith,oluwaseun.smith760@example.com,Kano,Kano,Nigeria,2025-05-12,Consumer
761,Fatima,Mensah,fatima.mensah761@example.com,Kano,Kano,Nigeria,2025-04-04,Corporate
762,Amaka,Obi,amaka.obi762@example.com,Benin City,Edo,Nigeria,2023-03-26,Consumer
763,Chinedu,Mohammed,chinedu.mohammed763@example.com,Benin City,Edo,Nigeria,2025-03-25,Consumer
764,Emeka,Mensah,emeka.mensah764@example.com,Ibadan,Oyo,Nigeria,2024-05-25,Small Business
765,Fatima,Ibrahim,fatima.ibrahim765@example.com,Accra,Greater Accra,Ghana,2025-04-05,Consumer
766,Tosin,Nwosu,tosin.nwosu766@example.com,Toronto,Ontario,Canada,2025-08-04,Consumer
767,Joshua,Clark,joshua.clark767@example.com,Benin City,Edo,Nigeria,2025-01-09,Corporate
768,David,Thomas,david.thomas768@example.com,Toronto,Ontario,Canada,2025-03-09,Small Business
769,Daniel,Musa,daniel.musa769@example.com,Lagos,Lagos,Nigeria,2024-10-12,Small Business
770,Ada,Williams,ada.williams770@example.com,Port Harcourt,Rivers,Nigeria,2023-04-21,Small Business
771,Tosin,Mensah,tosin.mensah771@example.com,Lagos,Lagos,Nigeria,2025-04-12,Small Business
772,Mary,Williams,mary.williams772@example.com,Lagos,Lagos,Nigeria,2024-05-03,Consumer
773,Daniel,Brown,daniel.brown773@example.com,Accra,Greater Accra,Ghana,2025-06-09,Small Business
774,Esther,Obi,esther.obi774@example.com,London,England,UK,2024-08-15,Consumer
775,Fatima,Musa,fatima.musa775@example.com,Benin City,Edo,Nigeria,2023-09-19,Small Business
776,Chinedu,Thomas,chinedu.thomas776@example.com,Lagos,Lagos,Nigeria,2023-03-17,Small Business
777,Sarah,Okafor,sarah.okafor777@example.com,Lagos,Lagos,Nigeria,2025-08-20,Consumer
778,Grace,Williams,grace.williams778@example.com,Abuja,FCT,Nigeria,2024-01-04,Consumer
779,Oluwaseun,Adeyemi,oluwaseun.adeyemi779@example.com,Nairobi,Nairobi,Kenya,2023-03-19,Small Business
780,Ibrahim,Johnson,ibrahim.johnson780@example.com,Accra,Greater Accra,Ghana,2025-06-18,Consumer
781,Mary,Mensah,mary.mensah781@example.com,London,England,UK,2025-09-19,Corporate
782,Mary,Okafor,mary.okafor782@example.com,Kano,Kano,Nigeria,2023-10-10,Consumer
783,David,Smith,david.smith783@example.com,Ibadan,Oyo,Nigeria,2024-10-20,Consumer
784,Blessing,Taylor,blessing.taylor784@example.com,London,England,UK,2024-10-21,Small Business
785,Emeka,Johnson,emeka.johnson785@example.com,Nairobi,Nairobi,Kenya,2023-01-22,Small Business
786,Tosin,Brown,tosin.brown786@example.com,Accra,Greater Accra,Ghana,2023-07-25,Small Business
787,Chinedu,Ojo,chinedu.ojo787@example.com,Accra,Greater Accra,Ghana,2024-08-17,Small Business
788,Oluwaseun,Nwosu,oluwaseun.nwosu788@example.com,Nairobi,Nairobi,Kenya,2023-05-04,Consumer
789,Emeka,Adebayo,emeka.adebayo789@example.com,Kano,Kano,Nigeria,2023-10-10,Consumer
790,Samuel,Okafor,samuel.okafor790@example.com,Kano,Kano,Nigeria,2024-07-22,Corporate
791,Tosin,Okafor,tosin.okafor791@example.com,Abuja,FCT,Nigeria,2025-05-29,Consumer
792,Tosin,Johnson,tosin.johnson792@example.com,Accra,Greater Accra,Ghana,2024-03-27,Corporate
793,Oluwaseun,Obi,oluwaseun.obi793@example.com,Accra,Greater Accra,Ghana,2024-06-09,Small Business
794,Oluwaseun,Ojo,oluwaseun.ojo794@example.com,New York,New York,USA,2023-12-27,Corporate
795,Michael,Thomas,michael.thomas795@example.com,Abuja,FCT,Nigeria,2024-06-01,Consumer
796,Fatima,Ibrahim,fatima.ibrahim796@example.com,Abuja,FCT,Nigeria,2024-04-18,Consumer
797,Ada,Thomas,ada.thomas797@example.com,Johannesburg,Gauteng,South Africa,2024-08-05,Consumer
798,Michael,Johnson,michael.johnson798@example.com,London,England,UK,2025-03-13,Consumer
799,Michael,Mensah,michael.mensah799@example.com,Benin City,Edo,Nigeria,2023-06-03,Consumer
800,Amaka,Clark,amaka.clark800@example.com,Benin City,Edo,Nigeria,2023-01-20,Consumer
801,Oluwaseun,Eze,oluwaseun.eze801@example.com,Ibadan,Oyo,Nigeria,2024-08-18,Consumer
802,Daniel,Johnson,daniel.johnson802@example.com,Benin City,Edo,Nigeria,2025-04-14,Consumer
803,Michael,Musa,michael.musa803@example.com,Lagos,Lagos,Nigeria,2023-12-18,Consumer
804,Fatima,Williams,fatima.williams804@example.com,Toronto,Ontario,Canada,2024-05-22,Consumer
805,Grace,Okafor,grace.okafor805@example.com,Ibadan,Oyo,Nigeria,2023-06-03,Consumer
806,Esther,Mohammed,esther.mohammed806@example.com,Kano,Kano,Nigeria,2025-06-09,Small Business
807,Grace,Johnson,grace.johnson807@example.com,London,England,UK,2023-10-11,Small Business
808,Sarah,Williams,sarah.williams808@example.com,Accra,Greater Accra,Ghana,2025-03-27,Consumer
809,Mary,Okafor,mary.okafor809@example.com,New York,New York,USA,2024-02-24,Small Business
810,Ibrahim,Taylor,ibrahim.taylor810@example.com,Benin City,Edo,Nigeria,2023-06-25,Small Business
811,Michael,Ojo,michael.ojo811@example.com,Toronto,Ontario,Canada,2023-02-23,Consumer
812,Oluwaseun,Clark,oluwaseun.clark812@example.com,Port Harcourt,Rivers,Nigeria,2024-08-27,Consumer
813,Mary,Thomas,mary.thomas813@example.com,Toronto,Ontario,Canada,2024-01-12,Small Business
814,Peter,Wilson,peter.wilson814@example.com,Nairobi,Nairobi,Kenya,2023-02-08,Consumer
815,Esther,Wilson,esther.wilson815@example.com,Lagos,Lagos,Nigeria,2024-01-01,Consumer
816,Joshua,Johnson,joshua.johnson816@example.com,Nairobi,Nairobi,Kenya,2023-07-22,Consumer
817,Chinedu,Okafor,chinedu.okafor817@example.com,Toronto,Ontario,Canada,2024-06-11,Consumer
818,Joshua,Taylor,joshua.taylor818@example.com,Abuja,FCT,Nigeria,2024-07-03,Consumer
819,Grace,Smith,grace.smith819@example.com,Nairobi,Nairobi,Kenya,2024-11-16,Consumer
820,Samuel,Okafor,samuel.okafor820@example.com,Accra,Greater Accra,Ghana,2025-06-06,Corporate
821,David,Mohammed,david.mohammed821@example.com,New York,New York,USA,2024-12-21,Corporate
822,Samuel,Adebayo,samuel.adebayo822@example.com,London,England,UK,2023-10-22,Consumer
823,Aisha,Ibrahim,aisha.ibrahim823@example.com,London,England,UK,2025-04-29,Small Business
824,Daniel,Adebayo,daniel.adebayo824@example.com,Toronto,Ontario,Canada,2023-07-07,Small Business
825,David,Williams,david.williams825@example.com,Abuja,FCT,Nigeria,2023-09-09,Consumer
826,Esther,Ojo,esther.ojo826@example.com,Abuja,FCT,Nigeria,2023-03-04,Consumer
827,Blessing,Smith,blessing.smith827@example.com,Port Harcourt,Rivers,Nigeria,2023-08-02,Consumer
828,Blessing,Williams,blessing.williams828@example.com,Johannesburg,Gauteng,South Africa,2023-07-26,Consumer
829,Chinedu,Bello,chinedu.bello829@example.com,Benin City,Edo,Nigeria,2025-01-23,Consumer
830,Samuel,Mensah,samuel.mensah830@example.com,Kano,Kano,Nigeria,2025-07-13,Consumer
831,Michael,Ojo,michael.ojo831@example.com,Accra,Greater Accra,Ghana,2025-08-20,Small Business
832,Oluwaseun,Mohammed,oluwaseun.mohammed832@example.com,Ibadan,Oyo,Nigeria,2025-08-21,Consumer
833,Grace,Eze,grace.eze833@example.com,Johannesburg,Gauteng,South Africa,2023-10-10,Consumer
834,Oluwaseun,Smith,oluwaseun.smith834@example.com,Accra,Greater Accra,Ghana,2025-03-24,Corporate
835,Tosin,Williams,tosin.williams835@example.com,New York,New York,USA,2023-06-26,Consumer
836,Amaka,Nwosu,amaka.nwosu836@example.com,Lagos,Lagos,Nigeria,2025-05-30,Consumer
837,Fatima,Mensah,fatima.mensah837@example.com,Ibadan,Oyo,Nigeria,2023-04-19,Consumer
838,Fatima,Ibrahim,fatima.ibrahim838@example.com,New York,New York,USA,2023-03-28,Small Business
839,Joshua,Adeyemi,joshua.adeyemi839@example.com,London,England,UK,2025-06-13,Consumer
840,Esther,Ibrahim,esther.ibrahim840@example.com,Accra,Greater Accra,Ghana,2024-10-14,Small Business
841,Oluwaseun,Clark,oluwaseun.clark841@example.com,Accra,Greater Accra,Ghana,2023-02-14,Consumer
842,David,Johnson,david.johnson842@example.com,Kano,Kano,Nigeria,2024-10-07,Small Business
843,Aisha,Thomas,aisha.thomas843@example.com,Toronto,Ontario,Canada,2024-02-20,Corporate
844,Ibrahim,Taylor,ibrahim.taylor844@example.com,Johannesburg,Gauteng,South Africa,2023-04-25,Consumer
845,Fatima,Taylor,fatima.taylor845@example.com,Johannesburg,Gauteng,South Africa,2023-01-11,Consumer
846,Esther,Mohammed,esther.mohammed846@example.com,Benin City,Edo,Nigeria,2025-06-29,Small Business
847,David,Adebayo,david.adebayo847@example.com,London,England,UK,2023-06-24,Small Business
848,Aisha,Mohammed,aisha.mohammed848@example.com,Ibadan,Oyo,Nigeria,2023-11-26,Consumer
849,Michael,Okafor,michael.okafor849@example.com,Abuja,FCT,Nigeria,2023-12-20,Consumer
850,Aisha,Johnson,aisha.johnson850@example.com,Lagos,Lagos,Nigeria,2023-09-02,Consumer
851,Amaka,Thomas,amaka.thomas851@example.com,Accra,Greater Accra,Ghana,2023-09-26,Consumer
852,Ada,Adeyemi,ada.adeyemi852@example.com,Accra,Greater Accra,Ghana,2023-11-10,Consumer
853,Aisha,Thomas,aisha.thomas853@example.com,Lagos,Lagos,Nigeria,2023-06-20,Consumer
854,Chinedu,Clark,chinedu.clark854@example.com,Kano,Kano,Nigeria,2024-02-20,Small Business
855,Joshua,Musa,joshua.musa855@example.com,Nairobi,Nairobi,Kenya,2025-04-03,Small Business
856,Joshua,Musa,joshua.musa856@example.com,Ibadan,Oyo,Nigeria,2023-12-30,Consumer
857,Fatima,Obi,fatima.obi857@example.com,Ibadan,Oyo,Nigeria,2024-10-20,Small Business
858,Sarah,Clark,sarah.clark858@example.com,Ibadan,Oyo,Nigeria,2023-05-19,Consumer
859,David,Ojo,david.ojo859@example.com,Ibadan,Oyo,Nigeria,2024-01-19,Consumer
860,David,Mensah,david.mensah860@example.com,Johannesburg,Gauteng,South Africa,2025-01-20,Consumer
861,Grace,Clark,grace.clark861@example.com,Johannesburg,Gauteng,South Africa,2023-04-26,Small Business
862,Sarah,Ojo,sarah.ojo862@example.com,Abuja,FCT,Nigeria,2023-11-29,Small Business
863,Esther,Wilson,esther.wilson863@example.com,Toronto,Ontario,Canada,2025-01-15,Consumer
864,Mary,Adeyemi,mary.adeyemi864@example.com,Benin City,Edo,Nigeria,2023-07-25,Consumer
865,Grace,Wilson,grace.wilson865@example.com,Toronto,Ontario,Canada,2023-05-02,Consumer
866,Blessing,Johnson,blessing.johnson866@example.com,Lagos,Lagos,Nigeria,2025-06-23,Consumer
867,Daniel,Clark,daniel.clark867@example.com,London,England,UK,2025-07-20,Small Business
868,Tosin,Nwosu,tosin.nwosu868@example.com,Accra,Greater Accra,Ghana,2024-04-24,Consumer
869,Ada,Adeyemi,ada.adeyemi869@example.com,Kano,Kano,Nigeria,2023-07-30,Small Business
870,Amaka,Musa,amaka.musa870@example.com,Johannesburg,Gauteng,South Africa,2025-06-20,Small Business
871,Ada,Nwosu,ada.nwosu871@example.com,Accra,Greater Accra,Ghana,2025-09-17,Consumer
872,Grace,Taylor,grace.taylor872@example.com,Kano,Kano,Nigeria,2025-01-26,Small Business
873,Michael,Eze,michael.eze873@example.com,New York,New York,USA,2024-03-20,Small Business
874,Joshua,Brown,joshua.brown874@example.com,Nairobi,Nairobi,Kenya,2023-02-28,Consumer
875,Sarah,Johnson,sarah.johnson875@example.com,Johannesburg,Gauteng,South Africa,2024-10-11,Consumer
876,Esther,Nwosu,esther.nwosu876@example.com,Lagos,Lagos,Nigeria,2024-12-30,Small Business
877,Emeka,Mohammed,emeka.mohammed877@example.com,New York,New York,USA,2025-03-01,Small Business
878,Ada,Mensah,ada.mensah878@example.com,London,England,UK,2023-08-27,Small Business
879,Chinedu,Okafor,chinedu.okafor879@example.com,Johannesburg,Gauteng,South Africa,2025-07-05,Small Business
880,Sarah,Williams,sarah.williams880@example.com,Accra,Greater Accra,Ghana,2025-02-28,Consumer
881,Esther,Clark,esther.clark881@example.com,Port Harcourt,Rivers,Nigeria,2024-04-24,Small Business
882,Samuel,Wilson,samuel.wilson882@example.com,New York,New York,USA,2025-05-18,Small Business
883,Aisha,Brown,aisha.brown883@example.com,Lagos,Lagos,Nigeria,2024-11-07,Consumer
884,Samuel,Adeyemi,samuel.adeyemi884@example.com,Kano,Kano,Nigeria,2025-04-07,Consumer
885,Peter,Nwosu,peter.nwosu885@example.com,Benin City,Edo,Nigeria,2023-08-05,Corporate
886,David,Obi,david.obi886@example.com,Nairobi,Nairobi,Kenya,2023-03-18,Small Business
887,Daniel,Brown,daniel.brown887@example.com,Toronto,Ontario,Canada,2025-09-19,Consumer
888,Samuel,Nwosu,samuel.nwosu888@example.com,Toronto,Ontario,Canada,2023-10-03,Corporate
889,Michael,Adeyemi,michael.adeyemi889@example.com,Toronto,Ontario,Canada,2024-11-05,Consumer
890,Joshua,Smith,joshua.smith890@example.com,Lagos,Lagos,Nigeria,2025-03-13,Consumer
891,Mary,Adebayo,mary.adebayo891@example.com,Johannesburg,Gauteng,South Africa,2023-10-31,Consumer
892,Samuel,Bello,samuel.bello892@example.com,Nairobi,Nairobi,Kenya,2023-04-24,Small Business
893,Grace,Clark,grace.clark893@example.com,Toronto,Ontario,Canada,2024-03-17,Consumer
894,Joshua,Ibrahim,joshua.ibrahim894@example.com,Kano,Kano,Nigeria,2023-05-05,Consumer
895,Grace,Mohammed,grace.mohammed895@example.com,Toronto,Ontario,Canada,2024-03-25,Small Business
896,Blessing,Wilson,blessing.wilson896@example.com,Ibadan,Oyo,Nigeria,2025-05-04,Corporate
897,Ibrahim,Johnson,ibrahim.johnson897@example.com,Accra,Greater Accra,Ghana,2024-06-23,Consumer
898,Tosin,Mohammed,tosin.mohammed898@example.com,Kano,Kano,Nigeria,2025-02-18,Consumer
899,Ada,Taylor,ada.taylor899@example.com,Port Harcourt,Rivers,Nigeria,2024-11-08,Consumer
900,Blessing,Adebayo,blessing.adebayo900@example.com,Abuja,FCT,Nigeria,2023-06-04,Small Business
901,Peter,Adebayo,peter.adebayo901@example.com,Kano,Kano,Nigeria,2025-07-28,Consumer
902,Fatima,Musa,fatima.musa902@example.com,Benin City,Edo,Nigeria,2024-04-02,Consumer
903,Aisha,Obi,aisha.obi903@example.com,Port Harcourt,Rivers,Nigeria,2023-07-12,Consumer
904,Emeka,Ojo,emeka.ojo904@example.com,Lagos,Lagos,Nigeria,2023-04-03,Corporate
905,Peter,Wilson,peter.wilson905@example.com,Abuja,FCT,Nigeria,2023-04-22,Consumer
906,Blessing,Clark,blessing.clark906@example.com,Johannesburg,Gauteng,South Africa,2023-10-23,Small Business
907,Samuel,Adeyemi,samuel.adeyemi907@example.com,Johannesburg,Gauteng,South Africa,2023-07-03,Corporate
908,Sarah,Smith,sarah.smith908@example.com,Abuja,FCT,Nigeria,2025-03-15,Small Business
909,Daniel,Williams,daniel.williams909@example.com,Benin City,Edo,Nigeria,2024-06-21,Small Business
910,Emeka,Brown,emeka.brown910@example.com,Toronto,Ontario,Canada,2023-05-30,Small Business
911,David,Thomas,david.thomas911@example.com,Port Harcourt,Rivers,Nigeria,2024-09-19,Consumer
912,Ibrahim,Adebayo,ibrahim.adebayo912@example.com,Accra,Greater Accra,Ghana,2025-09-02,Small Business
913,Esther,Nwosu,esther.nwosu913@example.com,Toronto,Ontario,Canada,2023-06-30,Small Business
914,Fatima,Adeyemi,fatima.adeyemi914@example.com,Ibadan,Oyo,Nigeria,2023-07-31,Consumer
915,Ada,Clark,ada.clark915@example.com,Accra,Greater Accra,Ghana,2025-04-04,Consumer
916,Ibrahim,Wilson,ibrahim.wilson916@example.com,Johannesburg,Gauteng,South Africa,2025-01-12,Consumer
917,Emeka,Thomas,emeka.thomas917@example.com,Lagos,Lagos,Nigeria,2023-03-05,Corporate
918,Mary,Bello,mary.bello918@example.com,Toronto,Ontario,Canada,2023-04-08,Consumer
919,Emeka,Johnson,emeka.johnson919@example.com,Toronto,Ontario,Canada,2023-10-03,Consumer
920,Michael,Wilson,michael.wilson920@example.com,Kano,Kano,Nigeria,2023-03-25,Corporate
921,David,Brown,david.brown921@example.com,Nairobi,Nairobi,Kenya,2023-08-24,Consumer
922,David,Adebayo,david.adebayo922@example.com,Nairobi,Nairobi,Kenya,2023-04-03,Consumer
923,Michael,Obi,michael.obi923@example.com,Johannesburg,Gauteng,South Africa,2023-02-18,Consumer
924,Sarah,Williams,sarah.williams924@example.com,Kano,Kano,Nigeria,2025-03-04,Small Business
925,Peter,Mensah,peter.mensah925@example.com,Nairobi,Nairobi,Kenya,2025-06-13,Consumer
926,Daniel,Adebayo,daniel.adebayo926@example.com,Johannesburg,Gauteng,South Africa,2023-10-29,Small Business
927,Tosin,Mensah,tosin.mensah927@example.com,New York,New York,USA,2024-02-28,Consumer
928,Chinedu,Eze,chinedu.eze928@example.com,Johannesburg,Gauteng,South Africa,2024-03-21,Corporate
929,Aisha,Taylor,aisha.taylor929@example.com,London,England,UK,2024-03-14,Consumer
930,Daniel,Musa,daniel.musa930@example.com,Benin City,Edo,Nigeria,2025-06-27,Consumer
931,Peter,Mohammed,peter.mohammed931@example.com,Johannesburg,Gauteng,South Africa,2025-07-24,Small Business
932,Michael,Clark,michael.clark932@example.com,Accra,Greater Accra,Ghana,2024-11-09,Consumer
933,Fatima,Brown,fatima.brown933@example.com,Port Harcourt,Rivers,Nigeria,2023-08-06,Consumer
934,Peter,Smith,peter.smith934@example.com,London,England,UK,2024-03-22,Consumer
935,Samuel,Mohammed,samuel.mohammed935@example.com,Johannesburg,Gauteng,South Africa,2023-11-23,Consumer
936,Joshua,Ojo,joshua.ojo936@example.com,Accra,Greater Accra,Ghana,2025-03-17,Consumer
937,David,Smith,david.smith937@example.com,Lagos,Lagos,Nigeria,2023-08-17,Consumer
938,Sarah,Bello,sarah.bello938@example.com,Benin City,Edo,Nigeria,2023-05-12,Corporate
939,David,Smith,david.smith939@example.com,Toronto,Ontario,Canada,2024-04-30,Consumer
940,Chinedu,Adeyemi,chinedu.adeyemi940@example.com,Benin City,Edo,Nigeria,2025-01-07,Corporate
941,Samuel,Brown,samuel.brown941@example.com,Accra,Greater Accra,Ghana,2023-03-13,Consumer
942,Samuel,Bello,samuel.bello942@example.com,Ibadan,Oyo,Nigeria,2025-06-24,Consumer
943,Emeka,Thomas,emeka.thomas943@example.com,Toronto,Ontario,Canada,2025-03-09,Consumer
944,Tosin,Wilson,tosin.wilson944@example.com,London,England,UK,2023-05-07,Consumer
945,Oluwaseun,Obi,oluwaseun.obi945@example.com,Benin City,Edo,Nigeria,2024-01-23,Consumer
946,Michael,Ojo,michael.ojo946@example.com,Lagos,Lagos,Nigeria,2023-10-03,Consumer
947,Ada,Williams,ada.williams947@example.com,Lagos,Lagos,Nigeria,2025-06-15,Consumer
948,Ada,Brown,ada.brown948@example.com,Abuja,FCT,Nigeria,2024-12-31,Consumer
949,Ibrahim,Brown,ibrahim.brown949@example.com,Nairobi,Nairobi,Kenya,2023-11-11,Consumer
950,Sarah,Obi,sarah.obi950@example.com,Kano,Kano,Nigeria,2024-05-11,Small Business
951,Joshua,Johnson,joshua.johnson951@example.com,Benin City,Edo,Nigeria,2024-12-22,Consumer
952,Amaka,Smith,amaka.smith952@example.com,Abuja,FCT,Nigeria,2025-01-02,Small Business
953,Peter,Smith,peter.smith953@example.com,Toronto,Ontario,Canada,2025-09-07,Small Business
954,Joshua,Thomas,joshua.thomas954@example.com,Nairobi,Nairobi,Kenya,2024-04-11,Consumer
955,Fatima,Wilson,fatima.wilson955@example.com,New York,New York,USA,2023-12-30,Consumer
956,Oluwaseun,Okafor,oluwaseun.okafor956@example.com,London,England,UK,2023-11-04,Corporate
957,Esther,Okafor,esther.okafor957@example.com,Johannesburg,Gauteng,South Africa,2025-01-08,Small Business
958,Joshua,Musa,joshua.musa958@example.com,Johannesburg,Gauteng,South Africa,2024-04-25,Small Business
959,David,Brown,david.brown959@example.com,Toronto,Ontario,Canada,2023-07-09,Small Business
960,Blessing,Brown,blessing.brown960@example.com,New York,New York,USA,2024-12-02,Consumer
961,Amaka,Adebayo,amaka.adebayo961@example.com,Lagos,Lagos,Nigeria,2024-04-25,Consumer
962,David,Mensah,david.mensah962@example.com,Benin City,Edo,Nigeria,2025-08-03,Consumer
963,Sarah,Mohammed,sarah.mohammed963@example.com,Benin City,Edo,Nigeria,2024-12-12,Small Business
964,Chinedu,Mohammed,chinedu.mohammed964@example.com,Toronto,Ontario,Canada,2025-05-05,Consumer
965,Mary,Johnson,mary.johnson965@example.com,Nairobi,Nairobi,Kenya,2025-04-30,Small Business
966,Ada,Mensah,ada.mensah966@example.com,Ibadan,Oyo,Nigeria,2023-07-03,Consumer
967,Daniel,Mensah,daniel.mensah967@example.com,Accra,Greater Accra,Ghana,2023-10-20,Corporate
968,Grace,Thomas,grace.thomas968@example.com,Toronto,Ontario,Canada,2024-11-06,Corporate
969,Oluwaseun,Thomas,oluwaseun.thomas969@example.com,London,England,UK,2023-08-16,Small Business
970,Ibrahim,Mohammed,ibrahim.mohammed970@example.com,New York,New York,USA,2023-09-09,Consumer
971,David,Okafor,david.okafor971@example.com,New York,New York,USA,2023-07-29,Corporate
972,Aisha,Eze,aisha.eze972@example.com,Nairobi,Nairobi,Kenya,2024-04-16,Consumer
973,Grace,Mensah,grace.mensah973@example.com,Johannesburg,Gauteng,South Africa,2025-07-11,Consumer
974,Joshua,Eze,joshua.eze974@example.com,Nairobi,Nairobi,Kenya,2024-01-10,Corporate
975,Daniel,Adeyemi,daniel.adeyemi975@example.com,New York,New York,USA,2025-07-08,Consumer
976,Michael,Musa,michael.musa976@example.com,New York,New York,USA,2025-07-04,Small Business
977,Michael,Mohammed,michael.mohammed977@example.com,Ibadan,Oyo,Nigeria,2023-06-01,Small Business
978,Joshua,Thomas,joshua.thomas978@example.com,Ibadan,Oyo,Nigeria,2024-04-04,Small Business
979,Emeka,Clark,emeka.clark979@example.com,Abuja,FCT,Nigeria,2025-09-09,Corporate
980,Oluwaseun,Eze,oluwaseun.eze980@example.com,Accra,Greater Accra,Ghana,2023-05-12,Consumer
981,Joshua,Okafor,joshua.okafor981@example.com,Benin City,Edo,Nigeria,2024-08-23,Small Business
982,Chinedu,Wilson,chinedu.wilson982@example.com,Lagos,Lagos,Nigeria,2024-09-19,Consumer
983,Aisha,Wilson,aisha.wilson983@example.com,Benin City,Edo,Nigeria,2025-02-03,Consumer
984,Ibrahim,Wilson,ibrahim.wilson984@example.com,London,England,UK,2025-02-27,Consumer
985,Tosin,Mensah,tosin.mensah985@example.com,Lagos,Lagos,Nigeria,2025-05-24,Consumer
986,Esther,Williams,esther.williams986@example.com,Toronto,Ontario,Canada,2024-06-13,Consumer
987,Chinedu,Brown,chinedu.brown987@example.com,Accra,Greater Accra,Ghana,2023-07-11,Corporate
988,Peter,Taylor,peter.taylor988@example.com,London,England,UK,2023-06-29,Consumer
989,Blessing,Ibrahim,blessing.ibrahim989@example.com,New York,New York,USA,2023-08-25,Consumer
990,Tosin,Smith,tosin.smith990@example.com,Benin City,Edo,Nigeria,2025-05-10,Consumer
991,Joshua,Johnson,joshua.johnson991@example.com,Lagos,Lagos,Nigeria,2023-12-26,Consumer
992,Blessing,Eze,blessing.eze992@example.com,Johannesburg,Gauteng,South Africa,2025-07-23,Consumer
993,David,Musa,david.musa993@example.com,Accra,Greater Accra,Ghana,2025-01-04,Small Business
994,Esther,Johnson,esther.johnson994@example.com,Accra,Greater Accra,Ghana,2024-06-26,Consumer
995,Emeka,Okafor,emeka.okafor995@example.com,Accra,Greater Accra,Ghana,2023-10-05,Consumer
996,Esther,Okafor,esther.okafor996@example.com,Lagos,Lagos,Nigeria,2025-01-30,Consumer
997,Michael,Clark,michael.clark997@example.com,Lagos,Lagos,Nigeria,2023-01-22,Consumer
998,Sarah,Nwosu,sarah.nwosu998@example.com,Nairobi,Nairobi,Kenya,2024-12-02,Small Business
999,Ada,Smith,ada.smith999@example.com,Lagos,Lagos,Nigeria,2023-06-15,Consumer
1000,Ibrahim,Smith,ibrahim.smith1000@example.com,Benin City,Edo,Nigeria,2023-06-12,Consumer
1001,Esther,Brown,esther.brown1001@example.com,Benin City,Edo,Nigeria,2024-05-23,Consumer
1002,Ada,Adeyemi,ada.adeyemi1002@example.com,Johannesburg,Gauteng,South Africa,2023-01-06,Small Business
1003,Ada,Johnson,ada.johnson1003@example.com,New York,New York,USA,2025-03-25,Consumer
1004,Oluwaseun,Mensah,oluwaseun.mensah1004@example.com,Benin City,Edo,Nigeria,2024-07-24,Small Business
1005,Peter,Williams,peter.williams1005@example.com,Lagos,Lagos,Nigeria,2023-09-06,Small Business
1006,Sarah,Obi,sarah.obi1006@example.com,Johannesburg,Gauteng,South Africa,2025-06-05,Consumer
1007,Blessing,Clark,blessing.clark1007@example.com,Johannesburg,Gauteng,South Africa,2024-02-23,Consumer
1008,Mary,Wilson,mary.wilson1008@example.com,Port Harcourt,Rivers,Nigeria,2024-11-05,Consumer
1009,Joshua,Eze,joshua.eze1009@example.com,Nairobi,Nairobi,Kenya,2025-07-08,Consumer
1010,Ada,Obi,ada.obi1010@example.com,Toronto,Ontario,Canada,2023-02-19,Consumer
1011,Grace,Smith,grace.smith1011@example.com,Benin City,Edo,Nigeria,2025-04-05,Consumer
1012,Tosin,Nwosu,tosin.nwosu1012@example.com,Port Harcourt,Rivers,Nigeria,2025-03-18,Consumer
1013,Joshua,Williams,joshua.williams1013@example.com,New York,New York,USA,2023-10-11,Consumer
1014,Daniel,Adeyemi,daniel.adeyemi1014@example.com,Benin City,Edo,Nigeria,2023-05-16,Consumer
1015,Blessing,Musa,blessing.musa1015@example.com,Accra,Greater Accra,Ghana,2024-07-10,Small Business
1016,Amaka,Eze,amaka.eze1016@example.com,Ibadan,Oyo,Nigeria,2023-04-13,Small Business
1017,Joshua,Adeyemi,joshua.adeyemi1017@example.com,New York,New York,USA,2023-08-18,Consumer
1018,Tosin,Obi,tosin.obi1018@example.com,Johannesburg,Gauteng,South Africa,2024-09-01,Small Business
1019,Sarah,Ibrahim,sarah.ibrahim1019@example.com,Benin City,Edo,Nigeria,2025-08-09,Small Business
1020,Ibrahim,Eze,ibrahim.eze1020@example.com,Port Harcourt,Rivers,Nigeria,2023-04-03,Corporate
1021,Michael,Ojo,michael.ojo1021@example.com,Nairobi,Nairobi,Kenya,2025-06-08,Consumer
1022,Tosin,Taylor,tosin.taylor1022@example.com,Port Harcourt,Rivers,Nigeria,2023-01-06,Consumer
1023,Chinedu,Taylor,chinedu.taylor1023@example.com,Toronto,Ontario,Canada,2025-03-21,Corporate
1024,Grace,Williams,grace.williams1024@example.com,Lagos,Lagos,Nigeria,2025-03-19,Consumer
1025,Samuel,Adeyemi,samuel.adeyemi1025@example.com,Benin City,Edo,Nigeria,2023-07-12,Consumer
1026,Joshua,Adebayo,joshua.adebayo1026@example.com,Toronto,Ontario,Canada,2024-05-29,Corporate
1027,Emeka,Bello,emeka.bello1027@example.com,Lagos,Lagos,Nigeria,2024-06-13,Consumer
1028,Fatima,Musa,fatima.musa1028@example.com,Accra,Greater Accra,Ghana,2024-12-14,Small Business
1029,Esther,Ibrahim,esther.ibrahim1029@example.com,Port Harcourt,Rivers,Nigeria,2023-09-13,Corporate
1030,Daniel,Smith,daniel.smith1030@example.com,Nairobi,Nairobi,Kenya,2024-01-03,Consumer
1031,Michael,Bello,michael.bello1031@example.com,New York,New York,USA,2024-05-08,Consumer
1032,Fatima,Bello,fatima.bello1032@example.com,Ibadan,Oyo,Nigeria,2023-04-26,Consumer
1033,Michael,Adeyemi,michael.adeyemi1033@example.com,Toronto,Ontario,Canada,2024-06-06,Small Business
1034,Sarah,Obi,sarah.obi1034@example.com,Accra,Greater Accra,Ghana,2024-12-21,Consumer
1035,Daniel,Eze,daniel.eze1035@example.com,London,England,UK,2025-03-20,Corporate
1036,Blessing,Nwosu,blessing.nwosu1036@example.com,Lagos,Lagos,Nigeria,2025-01-24,Consumer
1037,Joshua,Mensah,joshua.mensah1037@example.com,London,England,UK,2023-12-30,Consumer
1038,Esther,Nwosu,esther.nwosu1038@example.com,New York,New York,USA,2023-03-17,Consumer
1039,Grace,Obi,grace.obi1039@example.com,Benin City,Edo,Nigeria,2024-10-03,Consumer
1040,Esther,Brown,esther.brown1040@example.com,Accra,Greater Accra,Ghana,2024-12-03,Consumer
1041,Ibrahim,Brown,ibrahim.brown1041@example.com,Johannesburg,Gauteng,South Africa,2023-01-12,Consumer
1042,Blessing,Thomas,blessing.thomas1042@example.com,Lagos,Lagos,Nigeria,2024-01-11,Consumer
1043,David,Ibrahim,david.ibrahim1043@example.com,New York,New York,USA,2024-12-20,Consumer
1044,Esther,Eze,esther.eze1044@example.com,Kano,Kano,Nigeria,2025-07-14,Consumer
1045,Ibrahim,Taylor,ibrahim.taylor1045@example.com,Accra,Greater Accra,Ghana,2023-06-29,Consumer
1046,Tosin,Adeyemi,tosin.adeyemi1046@example.com,Port Harcourt,Rivers,Nigeria,2024-03-06,Consumer
1047,Mary,Smith,mary.smith1047@example.com,New York,New York,USA,2023-01-21,Small Business
1048,Oluwaseun,Wilson,oluwaseun.wilson1048@example.com,London,England,UK,2025-04-17,Consumer
1049,Daniel,Nwosu,daniel.nwosu1049@example.com,Abuja,FCT,Nigeria,2025-08-22,Small Business
1050,Sarah,Mohammed,sarah.mohammed1050@example.com,Accra,Greater Accra,Ghana,2023-02-03,Consumer
1051,Grace,Wilson,grace.wilson1051@example.com,Port Harcourt,Rivers,Nigeria,2024-01-02,Consumer
1052,Amaka,Mohammed,amaka.mohammed1052@example.com,Ibadan,Oyo,Nigeria,2024-07-03,Consumer
1053,Esther,Clark,esther.clark1053@example.com,London,England,UK,2023-05-28,Small Business
1054,Grace,Ojo,grace.ojo1054@example.com,Abuja,FCT,Nigeria,2024-05-31,Consumer
1055,Blessing,Ibrahim,blessing.ibrahim1055@example.com,Benin City,Edo,Nigeria,2025-08-11,Consumer
1056,Emeka,Johnson,emeka.johnson1056@example.com,New York,New York,USA,2024-10-10,Consumer
1057,Amaka,Williams,amaka.williams1057@example.com,Ibadan,Oyo,Nigeria,2024-05-04,Small Business
1058,Chinedu,Mohammed,chinedu.mohammed1058@example.com,Kano,Kano,Nigeria,2023-10-15,Consumer
1059,Oluwaseun,Taylor,oluwaseun.taylor1059@example.com,Abuja,FCT,Nigeria,2023-07-13,Consumer
1060,Ada,Nwosu,ada.nwosu1060@example.com,Accra,Greater Accra,Ghana,2023-09-02,Consumer
1061,Aisha,Adebayo,aisha.adebayo1061@example.com,Accra,Greater Accra,Ghana,2023-12-07,Small Business
1062,Esther,Ojo,esther.ojo1062@example.com,Johannesburg,Gauteng,South Africa,2024-08-29,Consumer
1063,Blessing,Okafor,blessing.okafor1063@example.com,Johannesburg,Gauteng,South Africa,2023-06-30,Small Business
1064,Daniel,Taylor,daniel.taylor1064@example.com,Nairobi,Nairobi,Kenya,2025-02-10,Consumer
1065,Blessing,Brown,blessing.brown1065@example.com,Abuja,FCT,Nigeria,2023-06-20,Corporate
1066,Chinedu,Eze,chinedu.eze1066@example.com,Ibadan,Oyo,Nigeria,2024-05-04,Corporate
1067,Daniel,Thomas,daniel.thomas1067@example.com,Abuja,FCT,Nigeria,2023-11-12,Consumer
1068,Oluwaseun,Mensah,oluwaseun.mensah1068@example.com,Johannesburg,Gauteng,South Africa,2025-03-03,Consumer
1069,Michael,Taylor,michael.taylor1069@example.com,Nairobi,Nairobi,Kenya,2025-01-06,Small Business
1070,Fatima,Taylor,fatima.taylor1070@example.com,Kano,Kano,Nigeria,2023-09-03,Consumer
1071,Oluwaseun,Ojo,oluwaseun.ojo1071@example.com,Toronto,Ontario,Canada,2023-10-10,Small Business
1072,Daniel,Johnson,daniel.johnson1072@example.com,Johannesburg,Gauteng,South Africa,2024-02-28,Consumer
1073,Fatima,Taylor,fatima.taylor1073@example.com,London,England,UK,2025-01-07,Small Business
1074,Amaka,Johnson,amaka.johnson1074@example.com,Lagos,Lagos,Nigeria,2024-03-10,Consumer
1075,Daniel,Bello,daniel.bello1075@example.com,Abuja,FCT,Nigeria,2023-10-12,Small Business
1076,Tosin,Wilson,tosin.wilson1076@example.com,Accra,Greater Accra,Ghana,2023-10-07,Consumer
1077,Ibrahim,Bello,ibrahim.bello1077@example.com,Kano,Kano,Nigeria,2024-10-19,Consumer
1078,Daniel,Eze,daniel.eze1078@example.com,Benin City,Edo,Nigeria,2024-03-29,Small Business
1079,Grace,Bello,grace.bello1079@example.com,Port Harcourt,Rivers,Nigeria,2024-03-15,Small Business
1080,Aisha,Smith,aisha.smith1080@example.com,Port Harcourt,Rivers,Nigeria,2023-05-28,Corporate
1081,Chinedu,Smith,chinedu.smith1081@example.com,Toronto,Ontario,Canada,2024-02-04,Consumer
1082,Grace,Brown,grace.brown1082@example.com,Ibadan,Oyo,Nigeria,2024-04-06,Consumer
1083,Ibrahim,Mensah,ibrahim.mensah1083@example.com,Johannesburg,Gauteng,South Africa,2025-06-30,Corporate
1084,Ibrahim,Obi,ibrahim.obi1084@example.com,Johannesburg,Gauteng,South Africa,2024-02-05,Small Business
1085,Esther,Eze,esther.eze1085@example.com,Abuja,FCT,Nigeria,2025-02-11,Consumer
1086,Oluwaseun,Brown,oluwaseun.brown1086@example.com,Toronto,Ontario,Canada,2023-07-25,Consumer
1087,Aisha,Adeyemi,aisha.adeyemi1087@example.com,Lagos,Lagos,Nigeria,2024-04-20,Consumer
1088,David,Smith,david.smith1088@example.com,Toronto,Ontario,Canada,2024-12-24,Consumer
1089,Fatima,Mensah,fatima.mensah1089@example.com,London,England,UK,2024-08-29,Consumer
1090,Sarah,Ibrahim,sarah.ibrahim1090@example.com,Johannesburg,Gauteng,South Africa,2024-12-31,Consumer
1091,Aisha,Wilson,aisha.wilson1091@example.com,Johannesburg,Gauteng,South Africa,2025-05-04,Consumer
1092,Amaka,Clark,amaka.clark1092@example.com,Benin City,Edo,Nigeria,2023-12-10,Consumer
1093,Joshua,Adeyemi,joshua.adeyemi1093@example.com,Port Harcourt,Rivers,Nigeria,2024-07-11,Consumer
1094,Esther,Okafor,esther.okafor1094@example.com,Lagos,Lagos,Nigeria,2024-12-06,Small Business
1095,Samuel,Brown,samuel.brown1095@example.com,Ibadan,Oyo,Nigeria,2024-11-03,Small Business
1096,Chinedu,Ibrahim,chinedu.ibrahim1096@example.com,Toronto,Ontario,Canada,2023-12-30,Small Business
1097,Sarah,Wilson,sarah.wilson1097@example.com,London,England,UK,2024-11-09,Corporate
1098,Mary,Mensah,mary.mensah1098@example.com,Toronto,Ontario,Canada,2024-11-15,Small Business
1099,Sarah,Wilson,sarah.wilson1099@example.com,Kano,Kano,Nigeria,2025-05-26,Small Business
1100,Mary,Brown,mary.brown1100@example.com,Port Harcourt,Rivers,Nigeria,2023-07-19,Corporate
1101,Joshua,Mohammed,joshua.mohammed1101@example.com,New York,New York,USA,2025-07-07,Consumer
1102,Fatima,Wilson,fatima.wilson1102@example.com,Nairobi,Nairobi,Kenya,2023-07-30,Small Business
1103,Mary,Eze,mary.eze1103@example.com,Accra,Greater Accra,Ghana,2025-08-31,Consumer
1104,Michael,Adebayo,michael.adebayo1104@example.com,Benin City,Edo,Nigeria,2024-09-01,Consumer
1105,Samuel,Bello,samuel.bello1105@example.com,Port Harcourt,Rivers,Nigeria,2025-01-11,Small Business
1106,Aisha,Adeyemi,aisha.adeyemi1106@example.com,Nairobi,Nairobi,Kenya,2023-11-24,Consumer
1107,Esther,Obi,esther.obi1107@example.com,Toronto,Ontario,Canada,2023-12-25,Consumer
1108,Emeka,Mensah,emeka.mensah1108@example.com,Johannesburg,Gauteng,South Africa,2025-07-27,Corporate
1109,Tosin,Bello,tosin.bello1109@example.com,Kano,Kano,Nigeria,2024-08-22,Corporate
1110,Sarah,Wilson,sarah.wilson1110@example.com,Benin City,Edo,Nigeria,2023-09-17,Consumer
1111,Ada,Obi,ada.obi1111@example.com,New York,New York,USA,2024-06-06,Consumer
1112,Fatima,Smith,fatima.smith1112@example.com,Accra,Greater Accra,Ghana,2024-05-12,Consumer
1113,Esther,Mohammed,esther.mohammed1113@example.com,Lagos,Lagos,Nigeria,2023-06-13,Consumer
1114,Chinedu,Thomas,chinedu.thomas1114@example.com,Ibadan,Oyo,Nigeria,2024-12-20,Consumer
1115,Oluwaseun,Smith,oluwaseun.smith1115@example.com,Nairobi,Nairobi,Kenya,2023-08-05,Consumer
1116,Michael,Clark,michael.clark1116@example.com,Kano,Kano,Nigeria,2024-07-29,Consumer
1117,Samuel,Taylor,samuel.taylor1117@example.com,Accra,Greater Accra,Ghana,2023-10-05,Consumer
1118,Ada,Musa,ada.musa1118@example.com,New York,New York,USA,2024-10-11,Consumer
1119,Joshua,Ojo,joshua.ojo1119@example.com,Benin City,Edo,Nigeria,2025-09-13,Consumer
1120,Aisha,Eze,aisha.eze1120@example.com,Kano,Kano,Nigeria,2023-07-07,Consumer
1121,Ada,Williams,ada.williams1121@example.com,Toronto,Ontario,Canada,2024-05-16,Consumer
1122,Aisha,Obi,aisha.obi1122@example.com,Abuja,FCT,Nigeria,2024-04-01,Consumer
1123,David,Mohammed,david.mohammed1123@example.com,Port Harcourt,Rivers,Nigeria,2025-08-03,Consumer
1124,Blessing,Bello,blessing.bello1124@example.com,London,England,UK,2024-10-19,Consumer
1125,Joshua,Adeyemi,joshua.adeyemi1125@example.com,Toronto,Ontario,Canada,2023-07-06,Consumer
1126,Tosin,Thomas,tosin.thomas1126@example.com,Accra,Greater Accra,Ghana,2023-10-31,Consumer
1127,Joshua,Obi,joshua.obi1127@example.com,London,England,UK,2024-10-05,Consumer
1128,Blessing,Johnson,blessing.johnson1128@example.com,Johannesburg,Gauteng,South Africa,2023-09-25,Small Business
1129,Peter,Obi,peter.obi1129@example.com,Lagos,Lagos,Nigeria,2024-01-18,Corporate
1130,Sarah,Mensah,sarah.mensah1130@example.com,Benin City,Edo,Nigeria,2023-02-13,Consumer
1131,Mary,Ibrahim,mary.ibrahim1131@example.com,Abuja,FCT,Nigeria,2024-08-29,Corporate
1132,Michael,Okafor,michael.okafor1132@example.com,New York,New York,USA,2023-08-17,Small Business
1133,Amaka,Musa,amaka.musa1133@example.com,Benin City,Edo,Nigeria,2024-02-09,Consumer
1134,Aisha,Adebayo,aisha.adebayo1134@example.com,Kano,Kano,Nigeria,2023-09-28,Consumer
1135,Amaka,Eze,amaka.eze1135@example.com,Benin City,Edo,Nigeria,2023-10-01,Consumer
1136,Blessing,Ojo,blessing.ojo1136@example.com,Johannesburg,Gauteng,South Africa,2024-02-26,Consumer
1137,Aisha,Eze,aisha.eze1137@example.com,Toronto,Ontario,Canada,2024-08-29,Small Business
1138,Grace,Ojo,grace.ojo1138@example.com,Port Harcourt,Rivers,Nigeria,2025-05-30,Consumer
1139,Daniel,Eze,daniel.eze1139@example.com,Benin City,Edo,Nigeria,2024-03-01,Small Business
1140,Joshua,Bello,joshua.bello1140@example.com,Accra,Greater Accra,Ghana,2024-02-16,Consumer
1141,Mary,Thomas,mary.thomas1141@example.com,London,England,UK,2025-08-11,Consumer
1142,Tosin,Ibrahim,tosin.ibrahim1142@example.com,New York,New York,USA,2023-02-22,Consumer
1143,Michael,Obi,michael.obi1143@example.com,New York,New York,USA,2025-02-21,Small Business
1144,Esther,Adeyemi,esther.adeyemi1144@example.com,Ibadan,Oyo,Nigeria,2025-02-16,Consumer
1145,Esther,Adeyemi,esther.adeyemi1145@example.com,Benin City,Edo,Nigeria,2024-01-31,Consumer
1146,Sarah,Mohammed,sarah.mohammed1146@example.com,Ibadan,Oyo,Nigeria,2025-06-22,Consumer
1147,Oluwaseun,Clark,oluwaseun.clark1147@example.com,Port Harcourt,Rivers,Nigeria,2024-11-21,Consumer
1148,Sarah,Brown,sarah.brown1148@example.com,Accra,Greater Accra,Ghana,2023-01-16,Consumer
1149,Joshua,Musa,joshua.musa1149@example.com,Johannesburg,Gauteng,South Africa,2023-11-30,Corporate
1150,Amaka,Clark,amaka.clark1150@example.com,Accra,Greater Accra,Ghana,2024-09-05,Small Business
1151,Ada,Ibrahim,ada.ibrahim1151@example.com,Johannesburg,Gauteng,South Africa,2023-01-01,Consumer
1152,Joshua,Bello,joshua.bello1152@example.com,Nairobi,Nairobi,Kenya,2025-08-09,Consumer
1153,Peter,Eze,peter.eze1153@example.com,London,England,UK,2024-04-09,Small Business
1154,Ibrahim,Nwosu,ibrahim.nwosu1154@example.com,London,England,UK,2024-02-24,Consumer
1155,Blessing,Mensah,blessing.mensah1155@example.com,Kano,Kano,Nigeria,2024-03-02,Consumer
1156,Sarah,Adebayo,sarah.adebayo1156@example.com,Johannesburg,Gauteng,South Africa,2024-10-19,Small Business
1157,Mary,Clark,mary.clark1157@example.com,London,England,UK,2023-08-20,Small Business
1158,Aisha,Williams,aisha.williams1158@example.com,London,England,UK,2025-09-20,Consumer
1159,David,Mensah,david.mensah1159@example.com,Nairobi,Nairobi,Kenya,2024-03-07,Consumer
1160,Sarah,Smith,sarah.smith1160@example.com,Kano,Kano,Nigeria,2024-06-20,Consumer
1161,Peter,Clark,peter.clark1161@example.com,Abuja,FCT,Nigeria,2023-03-07,Consumer
1162,Sarah,Ojo,sarah.ojo1162@example.com,Johannesburg,Gauteng,South Africa,2024-05-09,Consumer
1163,Esther,Adebayo,esther.adebayo1163@example.com,Ibadan,Oyo,Nigeria,2023-02-04,Consumer
1164,Ibrahim,Bello,ibrahim.bello1164@example.com,Benin City,Edo,Nigeria,2024-07-10,Consumer
1165,Fatima,Okafor,fatima.okafor1165@example.com,Ibadan,Oyo,Nigeria,2025-07-27,Corporate
1166,Mary,Ojo,mary.ojo1166@example.com,Johannesburg,Gauteng,South Africa,2024-03-14,Consumer
1167,Aisha,Mohammed,aisha.mohammed1167@example.com,Johannesburg,Gauteng,South Africa,2025-06-09,Consumer
1168,Ada,Ibrahim,ada.ibrahim1168@example.com,New York,New York,USA,2024-09-02,Consumer
1169,Chinedu,Brown,chinedu.brown1169@example.com,Benin City,Edo,Nigeria,2025-04-24,Consumer
1170,Joshua,Nwosu,joshua.nwosu1170@example.com,Ibadan,Oyo,Nigeria,2024-03-19,Corporate
1171,David,Eze,david.eze1171@example.com,Accra,Greater Accra,Ghana,2023-08-02,Corporate
1172,David,Musa,david.musa1172@example.com,Lagos,Lagos,Nigeria,2024-10-07,Consumer
1173,Blessing,Adebayo,blessing.adebayo1173@example.com,Accra,Greater Accra,Ghana,2023-12-18,Consumer
1174,Blessing,Ojo,blessing.ojo1174@example.com,Accra,Greater Accra,Ghana,2024-04-07,Consumer
1175,Amaka,Smith,amaka.smith1175@example.com,Johannesburg,Gauteng,South Africa,2024-04-10,Consumer
1176,Esther,Brown,esther.brown1176@example.com,Ibadan,Oyo,Nigeria,2024-11-12,Consumer
1177,Joshua,Wilson,joshua.wilson1177@example.com,Toronto,Ontario,Canada,2024-10-07,Consumer
1178,Sarah,Brown,sarah.brown1178@example.com,Lagos,Lagos,Nigeria,2023-12-09,Consumer
1179,Ada,Musa,ada.musa1179@example.com,Abuja,FCT,Nigeria,2024-06-20,Consumer
1180,Fatima,Mensah,fatima.mensah1180@example.com,Toronto,Ontario,Canada,2023-09-06,Consumer
1181,Samuel,Smith,samuel.smith1181@example.com,Toronto,Ontario,Canada,2024-10-15,Consumer
1182,Chinedu,Adeyemi,chinedu.adeyemi1182@example.com,Lagos,Lagos,Nigeria,2024-10-25,Consumer
1183,Ada,Wilson,ada.wilson1183@example.com,Nairobi,Nairobi,Kenya,2025-01-18,Consumer
1184,Aisha,Williams,aisha.williams1184@example.com,London,England,UK,2024-03-04,Consumer
1185,Blessing,Johnson,blessing.johnson1185@example.com,London,England,UK,2025-06-30,Consumer
1186,Mary,Mohammed,mary.mohammed1186@example.com,London,England,UK,2024-06-11,Consumer
1187,Fatima,Okafor,fatima.okafor1187@example.com,New York,New York,USA,2025-07-03,Consumer
1188,Joshua,Eze,joshua.eze1188@example.com,Nairobi,Nairobi,Kenya,2024-03-14,Consumer
1189,Sarah,Mensah,sarah.mensah1189@example.com,Kano,Kano,Nigeria,2024-09-25,Consumer
1190,Fatima,Nwosu,fatima.nwosu1190@example.com,Toronto,Ontario,Canada,2024-07-04,Small Business
1191,Michael,Wilson,michael.wilson1191@example.com,Abuja,FCT,Nigeria,2025-08-13,Consumer
1192,Fatima,Clark,fatima.clark1192@example.com,Port Harcourt,Rivers,Nigeria,2023-07-10,Small Business
1193,Sarah,Musa,sarah.musa1193@example.com,New York,New York,USA,2024-01-23,Consumer
1194,Esther,Adeyemi,esther.adeyemi1194@example.com,London,England,UK,2025-03-30,Small Business
1195,Tosin,Wilson,tosin.wilson1195@example.com,Abuja,FCT,Nigeria,2024-09-14,Small Business
1196,Sarah,Williams,sarah.williams1196@example.com,New York,New York,USA,2024-09-12,Small Business
1197,Fatima,Brown,fatima.brown1197@example.com,Ibadan,Oyo,Nigeria,2024-05-10,Consumer
1198,Fatima,Adebayo,fatima.adebayo1198@example.com,Ibadan,Oyo,Nigeria,2024-04-29,Consumer
1199,Sarah,Williams,sarah.williams1199@example.com,Nairobi,Nairobi,Kenya,2024-10-14,Small Business
1200,Michael,Musa,michael.musa1200@example.com,Port Harcourt,Rivers,Nigeria,2023-07-18,Consumer
1201,Amaka,Brown,amaka.brown1201@example.com,Accra,Greater Accra,Ghana,2025-05-02,Corporate
1202,Ibrahim,Mohammed,ibrahim.mohammed1202@example.com,Kano,Kano,Nigeria,2025-01-04,Small Business
1203,Peter,Wilson,peter.wilson1203@example.com,Johannesburg,Gauteng,South Africa,2023-07-02,Consumer
1204,Daniel,Smith,daniel.smith1204@example.com,New York,New York,USA,2025-05-20,Small Business
1205,Samuel,Adeyemi,samuel.adeyemi1205@example.com,New York,New York,USA,2023-04-09,Consumer
1206,Oluwaseun,Ibrahim,oluwaseun.ibrahim1206@example.com,Ibadan,Oyo,Nigeria,2024-12-26,Consumer
1207,Mary,Clark,mary.clark1207@example.com,Nairobi,Nairobi,Kenya,2023-12-27,Consumer
1208,Emeka,Adeyemi,emeka.adeyemi1208@example.com,Accra,Greater Accra,Ghana,2023-09-27,Consumer
1209,Samuel,Williams,samuel.williams1209@example.com,Accra,Greater Accra,Ghana,2024-06-25,Consumer
1210,Joshua,Clark,joshua.clark1210@example.com,Benin City,Edo,Nigeria,2023-08-20,Small Business
1211,Peter,Nwosu,peter.nwosu1211@example.com,Port Harcourt,Rivers,Nigeria,2024-08-17,Corporate
1212,Sarah,Smith,sarah.smith1212@example.com,Accra,Greater Accra,Ghana,2023-06-04,Small Business
1213,Grace,Mensah,grace.mensah1213@example.com,Nairobi,Nairobi,Kenya,2025-07-02,Corporate
1214,Ada,Bello,ada.bello1214@example.com,Nairobi,Nairobi,Kenya,2023-11-27,Consumer
1215,Mary,Johnson,mary.johnson1215@example.com,Johannesburg,Gauteng,South Africa,2025-06-17,Consumer
1216,Ibrahim,Mohammed,ibrahim.mohammed1216@example.com,New York,New York,USA,2024-11-18,Consumer
1217,Amaka,Brown,amaka.brown1217@example.com,Ibadan,Oyo,Nigeria,2025-02-26,Consumer
1218,Amaka,Musa,amaka.musa1218@example.com,Lagos,Lagos,Nigeria,2024-10-30,Small Business
1219,Grace,Adeyemi,grace.adeyemi1219@example.com,Toronto,Ontario,Canada,2024-01-22,Consumer
1220,David,Obi,david.obi1220@example.com,Toronto,Ontario,Canada,2023-01-01,Consumer
1221,Samuel,Obi,samuel.obi1221@example.com,Johannesburg,Gauteng,South Africa,2023-03-28,Consumer
1222,Blessing,Taylor,blessing.taylor1222@example.com,Kano,Kano,Nigeria,2025-07-17,Consumer
1223,Grace,Ibrahim,grace.ibrahim1223@example.com,London,England,UK,2024-11-29,Consumer
1224,Chinedu,Nwosu,chinedu.nwosu1224@example.com,Kano,Kano,Nigeria,2024-07-13,Small Business
1225,Oluwaseun,Clark,oluwaseun.clark1225@example.com,Ibadan,Oyo,Nigeria,2023-04-26,Consumer
1226,Joshua,Thomas,joshua.thomas1226@example.com,Johannesburg,Gauteng,South Africa,2023-01-24,Consumer
1227,Peter,Ojo,peter.ojo1227@example.com,Benin City,Edo,Nigeria,2024-12-18,Consumer
1228,Esther,Mensah,esther.mensah1228@example.com,Toronto,Ontario,Canada,2023-09-28,Small Business
1229,David,Clark,david.clark1229@example.com,Ibadan,Oyo,Nigeria,2024-12-02,Corporate
1230,Fatima,Johnson,fatima.johnson1230@example.com,Nairobi,Nairobi,Kenya,2024-05-02,Consumer
1231,Oluwaseun,Thomas,oluwaseun.thomas1231@example.com,Lagos,Lagos,Nigeria,2024-06-29,Consumer
1232,Emeka,Bello,emeka.bello1232@example.com,London,England,UK,2023-12-15,Consumer
1233,Amaka,Mensah,amaka.mensah1233@example.com,Nairobi,Nairobi,Kenya,2023-12-13,Consumer
1234,Ada,Ibrahim,ada.ibrahim1234@example.com,London,England,UK,2024-07-21,Consumer
1235,Oluwaseun,Adeyemi,oluwaseun.adeyemi1235@example.com,Kano,Kano,Nigeria,2025-02-22,Small Business
1236,Ada,Adebayo,ada.adebayo1236@example.com,Lagos,Lagos,Nigeria,2025-04-27,Consumer
1237,Daniel,Williams,daniel.williams1237@example.com,Kano,Kano,Nigeria,2025-07-23,Consumer
1238,Samuel,Thomas,samuel.thomas1238@example.com,Accra,Greater Accra,Ghana,2025-09-11,Consumer
1239,Oluwaseun,Nwosu,oluwaseun.nwosu1239@example.com,Ibadan,Oyo,Nigeria,2024-09-08,Consumer
1240,Fatima,Ibrahim,fatima.ibrahim1240@example.com,New York,New York,USA,2024-11-27,Consumer
1241,Blessing,Williams,blessing.williams1241@example.com,Benin City,Edo,Nigeria,2025-04-11,Consumer
1242,Daniel,Mensah,daniel.mensah1242@example.com,Toronto,Ontario,Canada,2025-05-27,Corporate
1243,Amaka,Okafor,amaka.okafor1243@example.com,Lagos,Lagos,Nigeria,2024-05-27,Consumer
1244,Grace,Ojo,grace.ojo1244@example.com,Toronto,Ontario,Canada,2024-11-13,Small Business
1245,Aisha,Taylor,aisha.taylor1245@example.com,London,England,UK,2024-03-14,Consumer
1246,Samuel,Nwosu,samuel.nwosu1246@example.com,Abuja,FCT,Nigeria,2024-08-21,Small Business
1247,Ada,Smith,ada.smith1247@example.com,Nairobi,Nairobi,Kenya,2023-01-18,Consumer
1248,Ada,Ibrahim,ada.ibrahim1248@example.com,Toronto,Ontario,Canada,2023-10-22,Small Business
1249,Ada,Clark,ada.clark1249@example.com,Abuja,FCT,Nigeria,2025-07-07,Small Business
1250,Daniel,Williams,daniel.williams1250@example.com,Ibadan,Oyo,Nigeria,2023-03-12,Consumer
1251,Michael,Obi,michael.obi1251@example.com,Nairobi,Nairobi,Kenya,2024-08-04,Consumer
1252,Aisha,Williams,aisha.williams1252@example.com,Lagos,Lagos,Nigeria,2023-02-21,Small Business
1253,Ibrahim,Musa,ibrahim.musa1253@example.com,Toronto,Ontario,Canada,2024-03-06,Consumer
1254,Mary,Mohammed,mary.mohammed1254@example.com,Benin City,Edo,Nigeria,2023-05-08,Corporate
1255,Samuel,Brown,samuel.brown1255@example.com,Lagos,Lagos,Nigeria,2024-11-24,Consumer
1256,Esther,Obi,esther.obi1256@example.com,Ibadan,Oyo,Nigeria,2025-09-08,Consumer
1257,Chinedu,Adebayo,chinedu.adebayo1257@example.com,Port Harcourt,Rivers,Nigeria,2023-05-06,Consumer
1258,Fatima,Taylor,fatima.taylor1258@example.com,Abuja,FCT,Nigeria,2025-08-18,Corporate
1259,Joshua,Ojo,joshua.ojo1259@example.com,Accra,Greater Accra,Ghana,2023-05-02,Consumer
1260,Ibrahim,Clark,ibrahim.clark1260@example.com,Nairobi,Nairobi,Kenya,2023-10-05,Small Business
1261,Mary,Eze,mary.eze1261@example.com,Abuja,FCT,Nigeria,2025-03-13,Small Business
1262,Aisha,Wilson,aisha.wilson1262@example.com,Kano,Kano,Nigeria,2024-04-21,Consumer
1263,Aisha,Mohammed,aisha.mohammed1263@example.com,Lagos,Lagos,Nigeria,2023-08-07,Small Business
1264,Joshua,Eze,joshua.eze1264@example.com,Toronto,Ontario,Canada,2023-03-02,Consumer
1265,Joshua,Okafor,joshua.okafor1265@example.com,Port Harcourt,Rivers,Nigeria,2024-08-08,Consumer
1266,Ada,Obi,ada.obi1266@example.com,Johannesburg,Gauteng,South Africa,2024-11-23,Consumer
1267,Esther,Johnson,esther.johnson1267@example.com,Port Harcourt,Rivers,Nigeria,2023-07-25,Consumer
1268,Amaka,Mohammed,amaka.mohammed1268@example.com,Abuja,FCT,Nigeria,2023-01-10,Consumer
1269,Ada,Ibrahim,ada.ibrahim1269@example.com,Johannesburg,Gauteng,South Africa,2025-04-17,Small Business
1270,Fatima,Wilson,fatima.wilson1270@example.com,Lagos,Lagos,Nigeria,2024-03-13,Consumer
1271,Samuel,Mohammed,samuel.mohammed1271@example.com,Abuja,FCT,Nigeria,2025-06-20,Consumer
1272,Sarah,Obi,sarah.obi1272@example.com,Johannesburg,Gauteng,South Africa,2023-01-27,Consumer
1273,Esther,Williams,esther.williams1273@example.com,Accra,Greater Accra,Ghana,2024-12-04,Consumer
1274,Tosin,Johnson,tosin.johnson1274@example.com,Accra,Greater Accra,Ghana,2025-06-08,Consumer
1275,Samuel,Nwosu,samuel.nwosu1275@example.com,New York,New York,USA,2024-06-30,Small Business
1276,Daniel,Okafor,daniel.okafor1276@example.com,London,England,UK,2024-11-11,Corporate
1277,Chinedu,Ojo,chinedu.ojo1277@example.com,Toronto,Ontario,Canada,2025-06-21,Small Business
1278,Ibrahim,Wilson,ibrahim.wilson1278@example.com,Benin City,Edo,Nigeria,2023-04-13,Consumer
1279,Daniel,Williams,daniel.williams1279@example.com,Kano,Kano,Nigeria,2023-05-06,Consumer
1280,Aisha,Taylor,aisha.taylor1280@example.com,Ibadan,Oyo,Nigeria,2023-07-10,Small Business
1281,Mary,Eze,mary.eze1281@example.com,Nairobi,Nairobi,Kenya,2024-12-20,Small Business
1282,Esther,Thomas,esther.thomas1282@example.com,Toronto,Ontario,Canada,2024-05-12,Consumer
1283,Grace,Ojo,grace.ojo1283@example.com,Accra,Greater Accra,Ghana,2023-01-13,Consumer
1284,Aisha,Adebayo,aisha.adebayo1284@example.com,New York,New York,USA,2024-06-20,Consumer
1285,Blessing,Mensah,blessing.mensah1285@example.com,London,England,UK,2024-03-04,Consumer
1286,Ibrahim,Okafor,ibrahim.okafor1286@example.com,Lagos,Lagos,Nigeria,2024-12-28,Corporate
1287,Daniel,Musa,daniel.musa1287@example.com,Port Harcourt,Rivers,Nigeria,2023-12-03,Consumer
1288,Peter,Nwosu,peter.nwosu1288@example.com,Nairobi,Nairobi,Kenya,2025-08-11,Small Business
1289,Peter,Taylor,peter.taylor1289@example.com,Lagos,Lagos,Nigeria,2023-10-01,Small Business
1290,Oluwaseun,Ibrahim,oluwaseun.ibrahim1290@example.com,Abuja,FCT,Nigeria,2024-06-12,Consumer
1291,Ada,Williams,ada.williams1291@example.com,Abuja,FCT,Nigeria,2024-02-08,Consumer
1292,Esther,Adebayo,esther.adebayo1292@example.com,Johannesburg,Gauteng,South Africa,2023-09-22,Consumer
1293,Esther,Ibrahim,esther.ibrahim1293@example.com,Accra,Greater Accra,Ghana,2024-06-14,Consumer
1294,Ibrahim,Thomas,ibrahim.thomas1294@example.com,Abuja,FCT,Nigeria,2024-04-24,Consumer
1295,Daniel,Okafor,daniel.okafor1295@example.com,New York,New York,USA,2025-02-25,Consumer
1296,Aisha,Eze,aisha.eze1296@example.com,Lagos,Lagos,Nigeria,2024-11-26,Consumer
1297,Blessing,Thomas,blessing.thomas1297@example.com,Accra,Greater Accra,Ghana,2024-10-27,Consumer
1298,Oluwaseun,Williams,oluwaseun.williams1298@example.com,Kano,Kano,Nigeria,2024-09-21,Small Business
1299,Ibrahim,Williams,ibrahim.williams1299@example.com,Nairobi,Nairobi,Kenya,2023-07-08,Small Business
1300,Aisha,Thomas,aisha.thomas1300@example.com,London,England,UK,2023-09-23,Consumer
1301,Joshua,Brown,joshua.brown1301@example.com,Accra,Greater Accra,Ghana,2025-05-09,Consumer
1302,Oluwaseun,Nwosu,oluwaseun.nwosu1302@example.com,Accra,Greater Accra,Ghana,2023-08-21,Consumer
1303,Ibrahim,Obi,ibrahim.obi1303@example.com,Lagos,Lagos,Nigeria,2024-06-21,Consumer
1304,Oluwaseun,Adeyemi,oluwaseun.adeyemi1304@example.com,Port Harcourt,Rivers,Nigeria,2023-03-09,Small Business
1305,Blessing,Johnson,blessing.johnson1305@example.com,Johannesburg,Gauteng,South Africa,2023-10-13,Consumer
1306,Emeka,Okafor,emeka.okafor1306@example.com,Nairobi,Nairobi,Kenya,2025-06-12,Consumer
1307,Joshua,Williams,joshua.williams1307@example.com,Nairobi,Nairobi,Kenya,2024-07-31,Consumer
1308,Esther,Smith,esther.smith1308@example.com,Accra,Greater Accra,Ghana,2023-12-03,Small Business
1309,Daniel,Wilson,daniel.wilson1309@example.com,Port Harcourt,Rivers,Nigeria,2024-11-29,Corporate
1310,Emeka,Brown,emeka.brown1310@example.com,Abuja,FCT,Nigeria,2024-05-26,Corporate
1311,Joshua,Mohammed,joshua.mohammed1311@example.com,Abuja,FCT,Nigeria,2024-07-09,Small Business
1312,Samuel,Smith,samuel.smith1312@example.com,Port Harcourt,Rivers,Nigeria,2023-10-05,Consumer
1313,Oluwaseun,Mohammed,oluwaseun.mohammed1313@example.com,Nairobi,Nairobi,Kenya,2023-03-12,Consumer
1314,Mary,Mensah,mary.mensah1314@example.com,Port Harcourt,Rivers,Nigeria,2023-06-04,Small Business
1315,Tosin,Nwosu,tosin.nwosu1315@example.com,Accra,Greater Accra,Ghana,2024-03-18,Small Business
1316,Esther,Adeyemi,esther.adeyemi1316@example.com,New York,New York,USA,2024-08-03,Small Business
1317,Tosin,Musa,tosin.musa1317@example.com,Ibadan,Oyo,Nigeria,2023-04-03,Consumer
1318,David,Adebayo,david.adebayo1318@example.com,Benin City,Edo,Nigeria,2025-04-19,Corporate
1319,Chinedu,Bello,chinedu.bello1319@example.com,Accra,Greater Accra,Ghana,2023-01-14,Small Business
1320,Samuel,Eze,samuel.eze1320@example.com,Accra,Greater Accra,Ghana,2023-08-26,Consumer
1321,Michael,Thomas,michael.thomas1321@example.com,Lagos,Lagos,Nigeria,2025-08-20,Consumer
1322,Mary,Okafor,mary.okafor1322@example.com,Johannesburg,Gauteng,South Africa,2025-05-20,Consumer
1323,Sarah,Johnson,sarah.johnson1323@example.com,New York,New York,USA,2023-03-26,Consumer
1324,Grace,Ojo,grace.ojo1324@example.com,Kano,Kano,Nigeria,2023-01-19,Corporate
1325,Ada,Taylor,ada.taylor1325@example.com,Abuja,FCT,Nigeria,2025-02-12,Consumer
1326,Mary,Adebayo,mary.adebayo1326@example.com,London,England,UK,2025-06-13,Consumer
1327,Daniel,Brown,daniel.brown1327@example.com,New York,New York,USA,2024-10-12,Consumer
1328,Grace,Taylor,grace.taylor1328@example.com,Kano,Kano,Nigeria,2023-07-31,Consumer
1329,Grace,Taylor,grace.taylor1329@example.com,Johannesburg,Gauteng,South Africa,2023-09-10,Small Business
1330,Peter,Eze,peter.eze1330@example.com,Abuja,FCT,Nigeria,2024-04-22,Corporate
1331,Amaka,Musa,amaka.musa1331@example.com,Lagos,Lagos,Nigeria,2024-02-14,Small Business
1332,Emeka,Eze,emeka.eze1332@example.com,New York,New York,USA,2024-01-10,Consumer
1333,Samuel,Thomas,samuel.thomas1333@example.com,Ibadan,Oyo,Nigeria,2023-08-30,Consumer
1334,Mary,Taylor,mary.taylor1334@example.com,Nairobi,Nairobi,Kenya,2024-12-12,Consumer
1335,Samuel,Obi,samuel.obi1335@example.com,Nairobi,Nairobi,Kenya,2025-03-11,Consumer
1336,Oluwaseun,Eze,oluwaseun.eze1336@example.com,New York,New York,USA,2023-10-10,Consumer
1337,Oluwaseun,Taylor,oluwaseun.taylor1337@example.com,New York,New York,USA,2025-03-04,Consumer
1338,Daniel,Wilson,daniel.wilson1338@example.com,Nairobi,Nairobi,Kenya,2025-06-12,Consumer
1339,Amaka,Brown,amaka.brown1339@example.com,Lagos,Lagos,Nigeria,2023-08-01,Consumer
1340,Esther,Okafor,esther.okafor1340@example.com,Kano,Kano,Nigeria,2023-08-14,Consumer
1341,Mary,Ojo,mary.ojo1341@example.com,Benin City,Edo,Nigeria,2024-02-06,Consumer
1342,David,Eze,david.eze1342@example.com,Kano,Kano,Nigeria,2025-06-24,Consumer
1343,Ada,Adebayo,ada.adebayo1343@example.com,Abuja,FCT,Nigeria,2023-07-05,Consumer
1344,Aisha,Clark,aisha.clark1344@example.com,Nairobi,Nairobi,Kenya,2024-08-23,Consumer
1345,Mary,Ojo,mary.ojo1345@example.com,Kano,Kano,Nigeria,2025-05-11,Consumer
1346,Joshua,Okafor,joshua.okafor1346@example.com,Johannesburg,Gauteng,South Africa,2025-03-02,Consumer
1347,David,Ojo,david.ojo1347@example.com,London,England,UK,2023-04-22,Consumer
1348,Sarah,Mohammed,sarah.mohammed1348@example.com,Ibadan,Oyo,Nigeria,2023-03-31,Consumer
1349,Emeka,Johnson,emeka.johnson1349@example.com,Toronto,Ontario,Canada,2023-04-18,Corporate
1350,Sarah,Ibrahim,sarah.ibrahim1350@example.com,Benin City,Edo,Nigeria,2025-08-29,Consumer
1351,Tosin,Obi,tosin.obi1351@example.com,New York,New York,USA,2025-09-12,Consumer
1352,Joshua,Brown,joshua.brown1352@example.com,Johannesburg,Gauteng,South Africa,2023-11-25,Consumer
1353,Tosin,Smith,tosin.smith1353@example.com,Kano,Kano,Nigeria,2024-04-03,Corporate
1354,Sarah,Musa,sarah.musa1354@example.com,Kano,Kano,Nigeria,2024-01-01,Consumer
1355,Michael,Obi,michael.obi1355@example.com,Nairobi,Nairobi,Kenya,2025-07-12,Small Business
1356,Esther,Nwosu,esther.nwosu1356@example.com,Port Harcourt,Rivers,Nigeria,2025-05-02,Consumer
1357,Grace,Adebayo,grace.adebayo1357@example.com,Johannesburg,Gauteng,South Africa,2023-01-26,Corporate
1358,Joshua,Smith,joshua.smith1358@example.com,Lagos,Lagos,Nigeria,2023-08-07,Small Business
1359,Sarah,Nwosu,sarah.nwosu1359@example.com,Port Harcourt,Rivers,Nigeria,2024-09-07,Consumer
1360,Michael,Eze,michael.eze1360@example.com,Johannesburg,Gauteng,South Africa,2024-08-24,Small Business
1361,Joshua,Okafor,joshua.okafor1361@example.com,Johannesburg,Gauteng,South Africa,2024-06-04,Consumer
1362,Oluwaseun,Adeyemi,oluwaseun.adeyemi1362@example.com,Kano,Kano,Nigeria,2024-04-26,Corporate
1363,Sarah,Obi,sarah.obi1363@example.com,New York,New York,USA,2023-12-31,Small Business
1364,Ibrahim,Adebayo,ibrahim.adebayo1364@example.com,New York,New York,USA,2024-02-26,Consumer
1365,Aisha,Obi,aisha.obi1365@example.com,Nairobi,Nairobi,Kenya,2023-04-15,Small Business
1366,Mary,Taylor,mary.taylor1366@example.com,Toronto,Ontario,Canada,2024-01-12,Consumer
1367,Esther,Ibrahim,esther.ibrahim1367@example.com,Ibadan,Oyo,Nigeria,2023-07-01,Consumer
1368,Emeka,Williams,emeka.williams1368@example.com,Abuja,FCT,Nigeria,2025-04-27,Small Business
1369,Emeka,Johnson,emeka.johnson1369@example.com,Port Harcourt,Rivers,Nigeria,2023-04-11,Consumer
1370,Peter,Adebayo,peter.adebayo1370@example.com,Ibadan,Oyo,Nigeria,2024-05-24,Consumer
1371,Daniel,Musa,daniel.musa1371@example.com,Port Harcourt,Rivers,Nigeria,2025-05-10,Consumer
1372,Sarah,Ojo,sarah.ojo1372@example.com,Johannesburg,Gauteng,South Africa,2024-11-12,Corporate
1373,Oluwaseun,Ibrahim,oluwaseun.ibrahim1373@example.com,Abuja,FCT,Nigeria,2025-01-15,Consumer
1374,Ada,Nwosu,ada.nwosu1374@example.com,Toronto,Ontario,Canada,2025-05-08,Small Business
1375,Ibrahim,Taylor,ibrahim.taylor1375@example.com,Benin City,Edo,Nigeria,2025-07-23,Consumer
1376,Samuel,Williams,samuel.williams1376@example.com,Lagos,Lagos,Nigeria,2023-02-28,Consumer
1377,Amaka,Johnson,amaka.johnson1377@example.com,Lagos,Lagos,Nigeria,2024-04-16,Consumer
1378,Esther,Clark,esther.clark1378@example.com,Nairobi,Nairobi,Kenya,2024-07-13,Consumer
1379,Daniel,Thomas,daniel.thomas1379@example.com,Johannesburg,Gauteng,South Africa,2024-04-18,Consumer
1380,Esther,Smith,esther.smith1380@example.com,Toronto,Ontario,Canada,2024-03-27,Corporate
1381,Emeka,Williams,emeka.williams1381@example.com,Ibadan,Oyo,Nigeria,2023-08-02,Small Business
1382,Peter,Ojo,peter.ojo1382@example.com,Accra,Greater Accra,Ghana,2024-09-27,Consumer
1383,Grace,Eze,grace.eze1383@example.com,New York,New York,USA,2025-05-04,Consumer
1384,Oluwaseun,Clark,oluwaseun.clark1384@example.com,Accra,Greater Accra,Ghana,2024-10-29,Consumer
1385,Esther,Thomas,esther.thomas1385@example.com,Abuja,FCT,Nigeria,2023-02-06,Small Business
1386,Sarah,Ojo,sarah.ojo1386@example.com,Port Harcourt,Rivers,Nigeria,2025-05-17,Small Business
1387,Mary,Smith,mary.smith1387@example.com,Johannesburg,Gauteng,South Africa,2023-01-07,Consumer
1388,Grace,Johnson,grace.johnson1388@example.com,Abuja,FCT,Nigeria,2023-11-21,Consumer
1389,Michael,Musa,michael.musa1389@example.com,Accra,Greater Accra,Ghana,2024-03-28,Consumer
1390,Michael,Mensah,michael.mensah1390@example.com,Toronto,Ontario,Canada,2024-03-19,Small Business
1391,David,Okafor,david.okafor1391@example.com,Johannesburg,Gauteng,South Africa,2025-05-30,Consumer
1392,Ada,Musa,ada.musa1392@example.com,Lagos,Lagos,Nigeria,2023-03-10,Consumer
1393,Oluwaseun,Brown,oluwaseun.brown1393@example.com,Benin City,Edo,Nigeria,2023-06-20,Consumer
1394,Grace,Ojo,grace.ojo1394@example.com,Lagos,Lagos,Nigeria,2024-10-14,Small Business
1395,Aisha,Adebayo,aisha.adebayo1395@example.com,Lagos,Lagos,Nigeria,2025-03-14,Consumer
1396,Michael,Mensah,michael.mensah1396@example.com,London,England,UK,2025-06-15,Small Business
1397,Joshua,Bello,joshua.bello1397@example.com,Accra,Greater Accra,Ghana,2024-01-07,Consumer
1398,Tosin,Ojo,tosin.ojo1398@example.com,Benin City,Edo,Nigeria,2023-02-26,Consumer
1399,Aisha,Okafor,aisha.okafor1399@example.com,Ibadan,Oyo,Nigeria,2024-03-01,Consumer
1400,Fatima,Brown,fatima.brown1400@example.com,Ibadan,Oyo,Nigeria,2023-06-02,Consumer
1401,Samuel,Smith,samuel.smith1401@example.com,Accra,Greater Accra,Ghana,2025-09-06,Consumer
1402,Sarah,Johnson,sarah.johnson1402@example.com,Kano,Kano,Nigeria,2023-07-03,Corporate
1403,Samuel,Mohammed,samuel.mohammed1403@example.com,Kano,Kano,Nigeria,2025-08-30,Consumer
1404,Fatima,Thomas,fatima.thomas1404@example.com,Abuja,FCT,Nigeria,2023-10-02,Corporate
1405,Amaka,Taylor,amaka.taylor1405@example.com,New York,New York,USA,2023-11-11,Consumer
1406,Ada,Clark,ada.clark1406@example.com,Abuja,FCT,Nigeria,2024-07-28,Small Business
1407,Mary,Thomas,mary.thomas1407@example.com,Kano,Kano,Nigeria,2024-02-27,Small Business
1408,Amaka,Thomas,amaka.thomas1408@example.com,Accra,Greater Accra,Ghana,2024-07-01,Consumer
1409,Grace,Mensah,grace.mensah1409@example.com,London,England,UK,2024-12-09,Consumer
1410,Grace,Musa,grace.musa1410@example.com,Port Harcourt,Rivers,Nigeria,2023-11-03,Consumer
1411,Tosin,Ojo,tosin.ojo1411@example.com,New York,New York,USA,2023-02-26,Small Business
1412,Peter,Thomas,peter.thomas1412@example.com,Nairobi,Nairobi,Kenya,2024-12-15,Consumer
1413,Ada,Okafor,ada.okafor1413@example.com,Johannesburg,Gauteng,South Africa,2023-09-22,Small Business
1414,Chinedu,Mohammed,chinedu.mohammed1414@example.com,Johannesburg,Gauteng,South Africa,2024-10-21,Consumer
1415,Ada,Smith,ada.smith1415@example.com,Lagos,Lagos,Nigeria,2024-06-05,Consumer
1416,Amaka,Ojo,amaka.ojo1416@example.com,Toronto,Ontario,Canada,2025-01-01,Small Business
1417,Amaka,Thomas,amaka.thomas1417@example.com,Abuja,FCT,Nigeria,2024-03-03,Consumer
1418,Daniel,Obi,daniel.obi1418@example.com,Port Harcourt,Rivers,Nigeria,2024-02-06,Consumer
1419,Fatima,Musa,fatima.musa1419@example.com,Nairobi,Nairobi,Kenya,2023-09-12,Consumer
1420,Peter,Ibrahim,peter.ibrahim1420@example.com,Johannesburg,Gauteng,South Africa,2023-06-07,Corporate
1421,Oluwaseun,Eze,oluwaseun.eze1421@example.com,Abuja,FCT,Nigeria,2023-08-23,Consumer
1422,Joshua,Wilson,joshua.wilson1422@example.com,Benin City,Edo,Nigeria,2023-11-07,Consumer
1423,Aisha,Obi,aisha.obi1423@example.com,London,England,UK,2023-12-17,Consumer
1424,Tosin,Eze,tosin.eze1424@example.com,Abuja,FCT,Nigeria,2025-03-20,Consumer
1425,Emeka,Obi,emeka.obi1425@example.com,Abuja,FCT,Nigeria,2024-03-25,Consumer
1426,Emeka,Thomas,emeka.thomas1426@example.com,Port Harcourt,Rivers,Nigeria,2023-11-23,Small Business
1427,Mary,Obi,mary.obi1427@example.com,Accra,Greater Accra,Ghana,2024-11-04,Consumer
1428,Samuel,Smith,samuel.smith1428@example.com,New York,New York,USA,2023-06-28,Consumer
1429,Emeka,Clark,emeka.clark1429@example.com,Benin City,Edo,Nigeria,2024-11-20,Consumer
1430,Chinedu,Adeyemi,chinedu.adeyemi1430@example.com,Benin City,Edo,Nigeria,2025-05-03,Corporate
1431,Chinedu,Eze,chinedu.eze1431@example.com,Lagos,Lagos,Nigeria,2024-06-02,Consumer
1432,Daniel,Williams,daniel.williams1432@example.com,New York,New York,USA,2023-08-19,Small Business
1433,Oluwaseun,Mensah,oluwaseun.mensah1433@example.com,Ibadan,Oyo,Nigeria,2023-11-21,Small Business
1434,Fatima,Smith,fatima.smith1434@example.com,Ibadan,Oyo,Nigeria,2023-10-04,Consumer
1435,Grace,Adeyemi,grace.adeyemi1435@example.com,Ibadan,Oyo,Nigeria,2023-11-20,Consumer
1436,David,Nwosu,david.nwosu1436@example.com,Benin City,Edo,Nigeria,2025-03-13,Consumer
1437,Emeka,Brown,emeka.brown1437@example.com,Port Harcourt,Rivers,Nigeria,2025-03-24,Small Business
1438,Samuel,Thomas,samuel.thomas1438@example.com,Port Harcourt,Rivers,Nigeria,2025-01-13,Consumer
1439,Ada,Musa,ada.musa1439@example.com,Abuja,FCT,Nigeria,2025-01-30,Small Business
1440,Daniel,Wilson,daniel.wilson1440@example.com,Johannesburg,Gauteng,South Africa,2023-06-20,Small Business
1441,Esther,Adebayo,esther.adebayo1441@example.com,Accra,Greater Accra,Ghana,2025-04-14,Consumer
1442,Emeka,Ibrahim,emeka.ibrahim1442@example.com,Port Harcourt,Rivers,Nigeria,2024-09-06,Corporate
1443,Fatima,Smith,fatima.smith1443@example.com,Johannesburg,Gauteng,South Africa,2024-06-08,Corporate
1444,Aisha,Brown,aisha.brown1444@example.com,Benin City,Edo,Nigeria,2023-12-02,Consumer
1445,Chinedu,Adeyemi,chinedu.adeyemi1445@example.com,Nairobi,Nairobi,Kenya,2024-05-31,Consumer
1446,Amaka,Taylor,amaka.taylor1446@example.com,New York,New York,USA,2023-04-26,Consumer
1447,David,Adebayo,david.adebayo1447@example.com,Accra,Greater Accra,Ghana,2023-03-07,Corporate
1448,Oluwaseun,Johnson,oluwaseun.johnson1448@example.com,Abuja,FCT,Nigeria,2024-04-08,Consumer
1449,Amaka,Obi,amaka.obi1449@example.com,Lagos,Lagos,Nigeria,2024-07-10,Small Business
1450,Ibrahim,Mensah,ibrahim.mensah1450@example.com,Benin City,Edo,Nigeria,2024-10-03,Corporate
1451,Oluwaseun,Clark,oluwaseun.clark1451@example.com,Johannesburg,Gauteng,South Africa,2024-01-04,Small Business
1452,Tosin,Thomas,tosin.thomas1452@example.com,Port Harcourt,Rivers,Nigeria,2023-10-16,Consumer
1453,Esther,Ibrahim,esther.ibrahim1453@example.com,Accra,Greater Accra,Ghana,2025-02-24,Small Business
1454,Tosin,Mohammed,tosin.mohammed1454@example.com,New York,New York,USA,2024-08-13,Consumer
1455,Joshua,Eze,joshua.eze1455@example.com,Abuja,FCT,Nigeria,2023-03-28,Consumer
1456,Samuel,Adeyemi,samuel.adeyemi1456@example.com,Abuja,FCT,Nigeria,2024-10-29,Consumer
1457,Sarah,Musa,sarah.musa1457@example.com,Toronto,Ontario,Canada,2025-04-16,Small Business
1458,Amaka,Smith,amaka.smith1458@example.com,Port Harcourt,Rivers,Nigeria,2025-03-02,Small Business
1459,Sarah,Obi,sarah.obi1459@example.com,New York,New York,USA,2024-07-12,Consumer
1460,Samuel,Ibrahim,samuel.ibrahim1460@example.com,Accra,Greater Accra,Ghana,2025-09-14,Consumer
1461,Esther,Nwosu,esther.nwosu1461@example.com,Ibadan,Oyo,Nigeria,2025-06-23,Corporate
1462,Mary,Obi,mary.obi1462@example.com,Port Harcourt,Rivers,Nigeria,2025-06-12,Consumer
1463,Oluwaseun,Adebayo,oluwaseun.adebayo1463@example.com,Lagos,Lagos,Nigeria,2025-05-19,Small Business
1464,Aisha,Obi,aisha.obi1464@example.com,Benin City,Edo,Nigeria,2023-02-15,Consumer
1465,Grace,Adebayo,grace.adebayo1465@example.com,Abuja,FCT,Nigeria,2023-05-03,Small Business
1466,Chinedu,Adeyemi,chinedu.adeyemi1466@example.com,Johannesburg,Gauteng,South Africa,2024-09-06,Small Business
1467,Blessing,Mensah,blessing.mensah1467@example.com,Port Harcourt,Rivers,Nigeria,2025-08-20,Consumer
1468,Daniel,Ojo,daniel.ojo1468@example.com,Johannesburg,Gauteng,South Africa,2024-05-23,Consumer
1469,Tosin,Musa,tosin.musa1469@example.com,Abuja,FCT,Nigeria,2025-07-18,Consumer
1470,Michael,Ojo,michael.ojo1470@example.com,Johannesburg,Gauteng,South Africa,2024-11-06,Consumer
1471,Ada,Clark,ada.clark1471@example.com,Benin City,Edo,Nigeria,2024-11-19,Corporate
1472,Tosin,Bello,tosin.bello1472@example.com,New York,New York,USA,2024-12-01,Small Business
1473,Samuel,Eze,samuel.eze1473@example.com,New York,New York,USA,2024-08-06,Consumer
1474,Esther,Nwosu,esther.nwosu1474@example.com,Lagos,Lagos,Nigeria,2024-10-17,Consumer
1475,Oluwaseun,Clark,oluwaseun.clark1475@example.com,Nairobi,Nairobi,Kenya,2023-07-27,Consumer
1476,Daniel,Mensah,daniel.mensah1476@example.com,New York,New York,USA,2024-11-28,Consumer
1477,Samuel,Bello,samuel.bello1477@example.com,London,England,UK,2025-06-25,Consumer
1478,Aisha,Obi,aisha.obi1478@example.com,Benin City,Edo,Nigeria,2024-06-16,Consumer
1479,Oluwaseun,Brown,oluwaseun.brown1479@example.com,New York,New York,USA,2023-10-29,Consumer
1480,Joshua,Musa,joshua.musa1480@example.com,New York,New York,USA,2024-01-29,Consumer
1481,Joshua,Williams,joshua.williams1481@example.com,Port Harcourt,Rivers,Nigeria,2023-12-31,Consumer
1482,Amaka,Musa,amaka.musa1482@example.com,Nairobi,Nairobi,Kenya,2023-04-03,Consumer
1483,Joshua,Mensah,joshua.mensah1483@example.com,Kano,Kano,Nigeria,2023-08-13,Consumer
1484,Sarah,Mohammed,sarah.mohammed1484@example.com,Lagos,Lagos,Nigeria,2025-07-27,Small Business
1485,David,Ibrahim,david.ibrahim1485@example.com,New York,New York,USA,2024-10-08,Small Business
1486,Fatima,Bello,fatima.bello1486@example.com,Abuja,FCT,Nigeria,2024-06-20,Small Business
1487,Aisha,Taylor,aisha.taylor1487@example.com,New York,New York,USA,2025-08-05,Consumer
1488,Chinedu,Mensah,chinedu.mensah1488@example.com,New York,New York,USA,2023-11-22,Small Business
1489,Peter,Johnson,peter.johnson1489@example.com,Johannesburg,Gauteng,South Africa,2024-10-23,Small Business
1490,Amaka,Nwosu,amaka.nwosu1490@example.com,Port Harcourt,Rivers,Nigeria,2024-07-30,Consumer
1491,Aisha,Wilson,aisha.wilson1491@example.com,London,England,UK,2024-05-09,Small Business
1492,Blessing,Eze,blessing.eze1492@example.com,New York,New York,USA,2025-04-24,Consumer
1493,Michael,Adeyemi,michael.adeyemi1493@example.com,Nairobi,Nairobi,Kenya,2024-06-23,Consumer
1494,David,Nwosu,david.nwosu1494@example.com,Toronto,Ontario,Canada,2025-09-03,Consumer
1495,Esther,Nwosu,esther.nwosu1495@example.com,London,England,UK,2025-09-20,Consumer
1496,Esther,Mohammed,esther.mohammed1496@example.com,Port Harcourt,Rivers,Nigeria,2023-10-26,Corporate
1497,Sarah,Taylor,sarah.taylor1497@example.com,Toronto,Ontario,Canada,2025-09-04,Corporate
1498,Fatima,Taylor,fatima.taylor1498@example.com,Abuja,FCT,Nigeria,2023-08-03,Small Business
1499,Amaka,Adeyemi,amaka.adeyemi1499@example.com,Johannesburg,Gauteng,South Africa,2023-01-07,Corporate
1500,Aisha,Ibrahim,aisha.ibrahim1500@example.com,Abuja,FCT,Nigeria,2025-06-13,Consumer
1501,Grace,Wilson,grace.wilson1501@example.com,Abuja,FCT,Nigeria,2024-09-20,Corporate
1502,Sarah,Okafor,sarah.okafor1502@example.com,Johannesburg,Gauteng,South Africa,2023-02-25,Consumer
1503,Grace,Nwosu,grace.nwosu1503@example.com,New York,New York,USA,2024-08-17,Small Business
1504,Mary,Adebayo,mary.adebayo1504@example.com,Port Harcourt,Rivers,Nigeria,2023-12-23,Consumer
1505,Grace,Williams,grace.williams1505@example.com,Port Harcourt,Rivers,Nigeria,2024-11-22,Small Business
1506,Peter,Nwosu,peter.nwosu1506@example.com,London,England,UK,2025-07-02,Consumer
1507,Grace,Eze,grace.eze1507@example.com,Accra,Greater Accra,Ghana,2024-07-12,Consumer
1508,Ada,Nwosu,ada.nwosu1508@example.com,Johannesburg,Gauteng,South Africa,2024-11-01,Consumer
1509,Ibrahim,Thomas,ibrahim.thomas1509@example.com,Kano,Kano,Nigeria,2024-05-28,Small Business
1510,Ibrahim,Bello,ibrahim.bello1510@example.com,Toronto,Ontario,Canada,2025-05-14,Corporate
1511,Amaka,Clark,amaka.clark1511@example.com,Ibadan,Oyo,Nigeria,2025-09-06,Consumer
1512,Fatima,Mohammed,fatima.mohammed1512@example.com,Toronto,Ontario,Canada,2023-08-17,Small Business
1513,Grace,Eze,grace.eze1513@example.com,Accra,Greater Accra,Ghana,2023-09-27,Consumer
1514,Chinedu,Ibrahim,chinedu.ibrahim1514@example.com,Lagos,Lagos,Nigeria,2024-05-20,Corporate
1515,Michael,Adebayo,michael.adebayo1515@example.com,Lagos,Lagos,Nigeria,2023-03-10,Corporate
1516,Fatima,Thomas,fatima.thomas1516@example.com,Lagos,Lagos,Nigeria,2025-09-22,Consumer
1517,Fatima,Ojo,fatima.ojo1517@example.com,London,England,UK,2023-05-23,Consumer
1518,Michael,Clark,michael.clark1518@example.com,Port Harcourt,Rivers,Nigeria,2023-03-23,Consumer
1519,Ada,Eze,ada.eze1519@example.com,Accra,Greater Accra,Ghana,2024-12-20,Corporate
1520,Chinedu,Mohammed,chinedu.mohammed1520@example.com,Abuja,FCT,Nigeria,2023-03-03,Consumer
1521,Samuel,Smith,samuel.smith1521@example.com,New York,New York,USA,2024-12-22,Corporate
1522,Oluwaseun,Nwosu,oluwaseun.nwosu1522@example.com,London,England,UK,2023-11-09,Consumer
1523,Grace,Bello,grace.bello1523@example.com,Lagos,Lagos,Nigeria,2023-04-02,Consumer
1524,David,Eze,david.eze1524@example.com,Abuja,FCT,Nigeria,2023-08-24,Small Business
1525,Tosin,Smith,tosin.smith1525@example.com,London,England,UK,2023-08-22,Consumer
1526,Chinedu,Ojo,chinedu.ojo1526@example.com,Johannesburg,Gauteng,South Africa,2023-01-29,Small Business
1527,Fatima,Johnson,fatima.johnson1527@example.com,Ibadan,Oyo,Nigeria,2024-03-05,Consumer
1528,Mary,Smith,mary.smith1528@example.com,Accra,Greater Accra,Ghana,2023-10-27,Consumer
1529,Fatima,Johnson,fatima.johnson1529@example.com,Benin City,Edo,Nigeria,2025-03-19,Small Business
1530,Emeka,Clark,emeka.clark1530@example.com,Abuja,FCT,Nigeria,2023-12-18,Consumer
1531,Ibrahim,Ibrahim,ibrahim.ibrahim1531@example.com,New York,New York,USA,2023-04-16,Small Business
1532,Blessing,Johnson,blessing.johnson1532@example.com,Kano,Kano,Nigeria,2023-10-13,Consumer
1533,Samuel,Adeyemi,samuel.adeyemi1533@example.com,Ibadan,Oyo,Nigeria,2023-01-26,Small Business
1534,Samuel,Adebayo,samuel.adebayo1534@example.com,Johannesburg,Gauteng,South Africa,2024-11-28,Corporate
1535,Emeka,Thomas,emeka.thomas1535@example.com,Port Harcourt,Rivers,Nigeria,2024-03-25,Consumer
1536,Daniel,Ojo,daniel.ojo1536@example.com,Kano,Kano,Nigeria,2023-04-10,Consumer
1537,Ibrahim,Eze,ibrahim.eze1537@example.com,Benin City,Edo,Nigeria,2024-11-23,Consumer
1538,Peter,Adebayo,peter.adebayo1538@example.com,Johannesburg,Gauteng,South Africa,2024-06-25,Consumer
1539,Esther,Musa,esther.musa1539@example.com,Ibadan,Oyo,Nigeria,2023-10-03,Small Business
1540,Mary,Ibrahim,mary.ibrahim1540@example.com,Toronto,Ontario,Canada,2024-12-19,Consumer
1541,Mary,Brown,mary.brown1541@example.com,New York,New York,USA,2023-01-27,Consumer
1542,Peter,Taylor,peter.taylor1542@example.com,Accra,Greater Accra,Ghana,2024-11-30,Small Business
1543,Mary,Ibrahim,mary.ibrahim1543@example.com,Ibadan,Oyo,Nigeria,2024-08-31,Consumer
1544,Amaka,Eze,amaka.eze1544@example.com,Nairobi,Nairobi,Kenya,2024-10-06,Consumer
1545,Tosin,Thomas,tosin.thomas1545@example.com,New York,New York,USA,2023-05-13,Consumer
1546,Sarah,Okafor,sarah.okafor1546@example.com,Toronto,Ontario,Canada,2025-03-01,Consumer
1547,Peter,Ojo,peter.ojo1547@example.com,Kano,Kano,Nigeria,2025-03-08,Corporate
1548,Sarah,Obi,sarah.obi1548@example.com,Lagos,Lagos,Nigeria,2024-10-27,Consumer
1549,Ada,Mensah,ada.mensah1549@example.com,Abuja,FCT,Nigeria,2024-01-04,Small Business
1550,Peter,Mensah,peter.mensah1550@example.com,New York,New York,USA,2023-08-04,Consumer
1551,Fatima,Brown,fatima.brown1551@example.com,Johannesburg,Gauteng,South Africa,2025-04-21,Consumer
1552,Samuel,Bello,samuel.bello1552@example.com,Benin City,Edo,Nigeria,2023-09-03,Corporate
1553,Amaka,Eze,amaka.eze1553@example.com,Ibadan,Oyo,Nigeria,2025-06-28,Consumer
1554,Joshua,Obi,joshua.obi1554@example.com,Nairobi,Nairobi,Kenya,2025-08-03,Corporate
1555,Fatima,Taylor,fatima.taylor1555@example.com,Kano,Kano,Nigeria,2024-11-25,Consumer
1556,Esther,Wilson,esther.wilson1556@example.com,Abuja,FCT,Nigeria,2025-07-09,Corporate
1557,Mary,Johnson,mary.johnson1557@example.com,Ibadan,Oyo,Nigeria,2025-01-11,Consumer
1558,Michael,Mensah,michael.mensah1558@example.com,Accra,Greater Accra,Ghana,2024-03-07,Small Business
1559,Mary,Adeyemi,mary.adeyemi1559@example.com,Abuja,FCT,Nigeria,2024-09-06,Consumer
1560,Emeka,Ibrahim,emeka.ibrahim1560@example.com,Ibadan,Oyo,Nigeria,2024-10-12,Consumer
1561,Grace,Ibrahim,grace.ibrahim1561@example.com,Lagos,Lagos,Nigeria,2023-04-01,Consumer
1562,Peter,Eze,peter.eze1562@example.com,London,England,UK,2023-05-10,Consumer
1563,Joshua,Nwosu,joshua.nwosu1563@example.com,Nairobi,Nairobi,Kenya,2023-04-09,Consumer
1564,Blessing,Bello,blessing.bello1564@example.com,Ibadan,Oyo,Nigeria,2024-05-10,Consumer
1565,Michael,Musa,michael.musa1565@example.com,Toronto,Ontario,Canada,2024-12-20,Corporate
1566,Mary,Johnson,mary.johnson1566@example.com,Nairobi,Nairobi,Kenya,2023-08-03,Corporate
1567,Mary,Brown,mary.brown1567@example.com,New York,New York,USA,2024-06-24,Consumer
1568,Ibrahim,Nwosu,ibrahim.nwosu1568@example.com,Lagos,Lagos,Nigeria,2024-03-12,Small Business
1569,Peter,Musa,peter.musa1569@example.com,Benin City,Edo,Nigeria,2024-08-21,Consumer
1570,Aisha,Taylor,aisha.taylor1570@example.com,Toronto,Ontario,Canada,2023-07-17,Consumer
1571,Emeka,Williams,emeka.williams1571@example.com,Johannesburg,Gauteng,South Africa,2024-03-04,Small Business
1572,David,Wilson,david.wilson1572@example.com,Ibadan,Oyo,Nigeria,2023-03-17,Small Business
1573,Daniel,Bello,daniel.bello1573@example.com,Benin City,Edo,Nigeria,2023-08-03,Small Business
1574,Fatima,Adebayo,fatima.adebayo1574@example.com,Kano,Kano,Nigeria,2024-09-02,Consumer
1575,Daniel,Okafor,daniel.okafor1575@example.com,Accra,Greater Accra,Ghana,2024-08-28,Consumer
1576,Mary,Adebayo,mary.adebayo1576@example.com,Accra,Greater Accra,Ghana,2024-01-12,Consumer
1577,Fatima,Adeyemi,fatima.adeyemi1577@example.com,Abuja,FCT,Nigeria,2025-05-20,Consumer
1578,Tosin,Wilson,tosin.wilson1578@example.com,Kano,Kano,Nigeria,2025-05-10,Small Business
1579,Samuel,Wilson,samuel.wilson1579@example.com,Abuja,FCT,Nigeria,2024-06-20,Consumer
1580,Samuel,Musa,samuel.musa1580@example.com,London,England,UK,2023-11-19,Small Business
1581,Mary,Ibrahim,mary.ibrahim1581@example.com,Ibadan,Oyo,Nigeria,2025-06-26,Consumer
1582,Mary,Adeyemi,mary.adeyemi1582@example.com,Johannesburg,Gauteng,South Africa,2024-08-28,Consumer
1583,Amaka,Smith,amaka.smith1583@example.com,London,England,UK,2024-11-17,Consumer
1584,Oluwaseun,Ibrahim,oluwaseun.ibrahim1584@example.com,Nairobi,Nairobi,Kenya,2023-04-14,Small Business
1585,David,Ojo,david.ojo1585@example.com,Port Harcourt,Rivers,Nigeria,2024-05-22,Small Business
1586,Oluwaseun,Eze,oluwaseun.eze1586@example.com,New York,New York,USA,2024-07-04,Corporate
1587,Joshua,Clark,joshua.clark1587@example.com,Johannesburg,Gauteng,South Africa,2024-10-10,Consumer
1588,Peter,Smith,peter.smith1588@example.com,Johannesburg,Gauteng,South Africa,2024-05-21,Corporate
1589,Esther,Williams,esther.williams1589@example.com,Lagos,Lagos,Nigeria,2025-04-10,Consumer
1590,Joshua,Musa,joshua.musa1590@example.com,New York,New York,USA,2023-10-07,Small Business
1591,Peter,Obi,peter.obi1591@example.com,Port Harcourt,Rivers,Nigeria,2023-03-31,Consumer
1592,Joshua,Adeyemi,joshua.adeyemi1592@example.com,New York,New York,USA,2025-09-04,Consumer
1593,Ibrahim,Clark,ibrahim.clark1593@example.com,Lagos,Lagos,Nigeria,2025-03-11,Small Business
1594,Ada,Adebayo,ada.adebayo1594@example.com,Lagos,Lagos,Nigeria,2023-07-05,Consumer
1595,Oluwaseun,Mohammed,oluwaseun.mohammed1595@example.com,Kano,Kano,Nigeria,2023-12-25,Consumer
1596,Peter,Bello,peter.bello1596@example.com,Lagos,Lagos,Nigeria,2025-01-12,Consumer
1597,Fatima,Okafor,fatima.okafor1597@example.com,Benin City,Edo,Nigeria,2023-01-17,Corporate
1598,Samuel,Adeyemi,samuel.adeyemi1598@example.com,Nairobi,Nairobi,Kenya,2024-09-04,Consumer
1599,Grace,Taylor,grace.taylor1599@example.com,New York,New York,USA,2023-12-10,Corporate
1600,Joshua,Thomas,joshua.thomas1600@example.com,Accra,Greater Accra,Ghana,2023-09-29,Corporate
1601,Joshua,Brown,joshua.brown1601@example.com,Johannesburg,Gauteng,South Africa,2025-03-13,Consumer
1602,Peter,Adebayo,peter.adebayo1602@example.com,Port Harcourt,Rivers,Nigeria,2025-02-23,Consumer
1603,Samuel,Wilson,samuel.wilson1603@example.com,London,England,UK,2023-03-07,Consumer
1604,Samuel,Adeyemi,samuel.adeyemi1604@example.com,Port Harcourt,Rivers,Nigeria,2025-08-23,Consumer
1605,Aisha,Ibrahim,aisha.ibrahim1605@example.com,Benin City,Edo,Nigeria,2025-03-23,Small Business
1606,Esther,Smith,esther.smith1606@example.com,New York,New York,USA,2023-05-01,Consumer
1607,Amaka,Bello,amaka.bello1607@example.com,New York,New York,USA,2024-06-26,Consumer
1608,Michael,Thomas,michael.thomas1608@example.com,Nairobi,Nairobi,Kenya,2024-02-24,Consumer
1609,Joshua,Smith,joshua.smith1609@example.com,Benin City,Edo,Nigeria,2025-05-08,Consumer
1610,Oluwaseun,Ojo,oluwaseun.ojo1610@example.com,Abuja,FCT,Nigeria,2023-02-06,Small Business
1611,Chinedu,Brown,chinedu.brown1611@example.com,Port Harcourt,Rivers,Nigeria,2023-07-01,Small Business
1612,Mary,Adeyemi,mary.adeyemi1612@example.com,Toronto,Ontario,Canada,2025-08-16,Small Business
1613,Ada,Nwosu,ada.nwosu1613@example.com,Accra,Greater Accra,Ghana,2023-04-10,Small Business
1614,Mary,Eze,mary.eze1614@example.com,Toronto,Ontario,Canada,2024-09-04,Consumer
1615,Peter,Adebayo,peter.adebayo1615@example.com,New York,New York,USA,2023-12-30,Consumer
1616,Esther,Wilson,esther.wilson1616@example.com,Port Harcourt,Rivers,Nigeria,2023-08-02,Corporate
1617,Mary,Adebayo,mary.adebayo1617@example.com,Johannesburg,Gauteng,South Africa,2024-05-18,Corporate
1618,David,Adebayo,david.adebayo1618@example.com,Kano,Kano,Nigeria,2023-10-01,Consumer
1619,Peter,Bello,peter.bello1619@example.com,Benin City,Edo,Nigeria,2024-12-14,Small Business
1620,Chinedu,Adebayo,chinedu.adebayo1620@example.com,Johannesburg,Gauteng,South Africa,2024-04-04,Consumer
1621,Amaka,Bello,amaka.bello1621@example.com,Nairobi,Nairobi,Kenya,2024-02-16,Small Business
1622,Michael,Adebayo,michael.adebayo1622@example.com,Ibadan,Oyo,Nigeria,2024-07-13,Small Business
1623,Oluwaseun,Eze,oluwaseun.eze1623@example.com,Abuja,FCT,Nigeria,2023-05-31,Consumer
1624,Grace,Bello,grace.bello1624@example.com,Nairobi,Nairobi,Kenya,2024-06-04,Consumer
1625,Chinedu,Ibrahim,chinedu.ibrahim1625@example.com,Kano,Kano,Nigeria,2025-08-11,Consumer
1626,David,Mohammed,david.mohammed1626@example.com,Lagos,Lagos,Nigeria,2024-05-26,Consumer
1627,Daniel,Mensah,daniel.mensah1627@example.com,Benin City,Edo,Nigeria,2024-12-18,Consumer
1628,Grace,Eze,grace.eze1628@example.com,Abuja,FCT,Nigeria,2025-02-08,Small Business
1629,Ada,Obi,ada.obi1629@example.com,Johannesburg,Gauteng,South Africa,2024-10-15,Consumer
1630,Ada,Bello,ada.bello1630@example.com,Benin City,Edo,Nigeria,2024-01-06,Consumer
1631,Peter,Ibrahim,peter.ibrahim1631@example.com,Nairobi,Nairobi,Kenya,2023-10-07,Consumer
1632,David,Clark,david.clark1632@example.com,Toronto,Ontario,Canada,2023-08-02,Consumer
1633,Aisha,Ojo,aisha.ojo1633@example.com,Johannesburg,Gauteng,South Africa,2025-04-23,Consumer
1634,David,Obi,david.obi1634@example.com,Accra,Greater Accra,Ghana,2025-09-07,Corporate
1635,Michael,Adeyemi,michael.adeyemi1635@example.com,Port Harcourt,Rivers,Nigeria,2024-08-27,Corporate
1636,Peter,Bello,peter.bello1636@example.com,Abuja,FCT,Nigeria,2025-01-01,Consumer
1637,Michael,Smith,michael.smith1637@example.com,Kano,Kano,Nigeria,2024-03-31,Consumer
1638,Grace,Ibrahim,grace.ibrahim1638@example.com,Lagos,Lagos,Nigeria,2023-11-01,Consumer
1639,David,Obi,david.obi1639@example.com,New York,New York,USA,2024-03-16,Small Business
1640,Amaka,Brown,amaka.brown1640@example.com,Johannesburg,Gauteng,South Africa,2025-07-23,Consumer
1641,Ibrahim,Ojo,ibrahim.ojo1641@example.com,Benin City,Edo,Nigeria,2024-10-05,Consumer
1642,Emeka,Nwosu,emeka.nwosu1642@example.com,London,England,UK,2023-01-07,Consumer
1643,Tosin,Adeyemi,tosin.adeyemi1643@example.com,Johannesburg,Gauteng,South Africa,2025-01-04,Consumer
1644,Oluwaseun,Mohammed,oluwaseun.mohammed1644@example.com,Johannesburg,Gauteng,South Africa,2025-06-25,Consumer
1645,Amaka,Obi,amaka.obi1645@example.com,Abuja,FCT,Nigeria,2025-05-23,Small Business
1646,Fatima,Nwosu,fatima.nwosu1646@example.com,Ibadan,Oyo,Nigeria,2023-07-29,Consumer
1647,Sarah,Taylor,sarah.taylor1647@example.com,London,England,UK,2025-06-02,Consumer
1648,Mary,Obi,mary.obi1648@example.com,Accra,Greater Accra,Ghana,2023-12-01,Consumer
1649,David,Taylor,david.taylor1649@example.com,Port Harcourt,Rivers,Nigeria,2023-05-27,Consumer
1650,Esther,Bello,esther.bello1650@example.com,Lagos,Lagos,Nigeria,2025-01-21,Consumer
1651,Chinedu,Ibrahim,chinedu.ibrahim1651@example.com,London,England,UK,2024-04-10,Small Business
1652,Daniel,Eze,daniel.eze1652@example.com,Benin City,Edo,Nigeria,2025-02-12,Consumer
1653,David,Eze,david.eze1653@example.com,Toronto,Ontario,Canada,2023-08-10,Small Business
1654,Esther,Johnson,esther.johnson1654@example.com,Lagos,Lagos,Nigeria,2024-12-14,Consumer
1655,David,Ibrahim,david.ibrahim1655@example.com,Benin City,Edo,Nigeria,2024-03-19,Consumer
1656,Samuel,Eze,samuel.eze1656@example.com,Nairobi,Nairobi,Kenya,2025-01-18,Consumer
1657,Aisha,Adebayo,aisha.adebayo1657@example.com,Port Harcourt,Rivers,Nigeria,2023-10-16,Consumer
1658,Tosin,Thomas,tosin.thomas1658@example.com,Nairobi,Nairobi,Kenya,2024-07-22,Consumer
1659,Fatima,Adeyemi,fatima.adeyemi1659@example.com,Abuja,FCT,Nigeria,2023-07-18,Small Business
1660,Oluwaseun,Ojo,oluwaseun.ojo1660@example.com,London,England,UK,2023-11-19,Consumer
1661,Ibrahim,Johnson,ibrahim.johnson1661@example.com,Benin City,Edo,Nigeria,2024-10-12,Small Business
1662,Amaka,Adebayo,amaka.adebayo1662@example.com,Ibadan,Oyo,Nigeria,2024-07-14,Consumer
1663,David,Ibrahim,david.ibrahim1663@example.com,Toronto,Ontario,Canada,2023-12-14,Consumer
1664,Esther,Eze,esther.eze1664@example.com,Lagos,Lagos,Nigeria,2023-06-10,Consumer
1665,Oluwaseun,Nwosu,oluwaseun.nwosu1665@example.com,London,England,UK,2025-03-11,Corporate
1666,Sarah,Ibrahim,sarah.ibrahim1666@example.com,New York,New York,USA,2025-02-12,Consumer
1667,Sarah,Okafor,sarah.okafor1667@example.com,Port Harcourt,Rivers,Nigeria,2025-04-04,Consumer
1668,David,Taylor,david.taylor1668@example.com,London,England,UK,2024-01-04,Consumer
1669,Blessing,Eze,blessing.eze1669@example.com,New York,New York,USA,2025-07-09,Consumer
1670,Blessing,Williams,blessing.williams1670@example.com,Accra,Greater Accra,Ghana,2023-02-22,Consumer
1671,Amaka,Brown,amaka.brown1671@example.com,Lagos,Lagos,Nigeria,2023-02-25,Small Business
1672,Emeka,Adeyemi,emeka.adeyemi1672@example.com,Port Harcourt,Rivers,Nigeria,2024-02-19,Small Business
1673,Grace,Wilson,grace.wilson1673@example.com,Accra,Greater Accra,Ghana,2023-01-22,Consumer
1674,Aisha,Obi,aisha.obi1674@example.com,Johannesburg,Gauteng,South Africa,2023-01-07,Consumer
1675,Amaka,Taylor,amaka.taylor1675@example.com,New York,New York,USA,2023-08-20,Corporate
1676,Daniel,Smith,daniel.smith1676@example.com,Accra,Greater Accra,Ghana,2024-01-10,Consumer
1677,Emeka,Thomas,emeka.thomas1677@example.com,Abuja,FCT,Nigeria,2023-05-21,Small Business
1678,Peter,Clark,peter.clark1678@example.com,Nairobi,Nairobi,Kenya,2024-04-07,Consumer
1679,Michael,Eze,michael.eze1679@example.com,Kano,Kano,Nigeria,2024-12-13,Consumer
1680,Joshua,Bello,joshua.bello1680@example.com,Toronto,Ontario,Canada,2024-10-26,Consumer
1681,Sarah,Ibrahim,sarah.ibrahim1681@example.com,New York,New York,USA,2023-12-29,Consumer
1682,Sarah,Adebayo,sarah.adebayo1682@example.com,London,England,UK,2024-01-06,Consumer
1683,Amaka,Obi,amaka.obi1683@example.com,Benin City,Edo,Nigeria,2024-04-24,Consumer
1684,Sarah,Obi,sarah.obi1684@example.com,Kano,Kano,Nigeria,2023-04-29,Consumer
1685,David,Thomas,david.thomas1685@example.com,Port Harcourt,Rivers,Nigeria,2024-08-25,Small Business
1686,Ada,Taylor,ada.taylor1686@example.com,Johannesburg,Gauteng,South Africa,2025-05-29,Consumer
1687,Joshua,Brown,joshua.brown1687@example.com,Accra,Greater Accra,Ghana,2024-05-22,Small Business
1688,Ada,Ojo,ada.ojo1688@example.com,Port Harcourt,Rivers,Nigeria,2024-06-11,Consumer
1689,Mary,Brown,mary.brown1689@example.com,Benin City,Edo,Nigeria,2024-07-03,Consumer
1690,Fatima,Williams,fatima.williams1690@example.com,New York,New York,USA,2025-07-15,Consumer
1691,Emeka,Thomas,emeka.thomas1691@example.com,London,England,UK,2025-07-23,Consumer
1692,Emeka,Obi,emeka.obi1692@example.com,Abuja,FCT,Nigeria,2025-09-01,Consumer
1693,Emeka,Adebayo,emeka.adebayo1693@example.com,Port Harcourt,Rivers,Nigeria,2023-06-12,Consumer
1694,Tosin,Ojo,tosin.ojo1694@example.com,Nairobi,Nairobi,Kenya,2025-05-06,Consumer
1695,Oluwaseun,Adebayo,oluwaseun.adebayo1695@example.com,New York,New York,USA,2024-11-26,Consumer
1696,Samuel,Wilson,samuel.wilson1696@example.com,Kano,Kano,Nigeria,2025-03-01,Consumer
1697,Joshua,Bello,joshua.bello1697@example.com,Benin City,Edo,Nigeria,2023-07-11,Consumer
1698,Oluwaseun,Mohammed,oluwaseun.mohammed1698@example.com,Accra,Greater Accra,Ghana,2023-10-20,Consumer
1699,Blessing,Brown,blessing.brown1699@example.com,Lagos,Lagos,Nigeria,2025-03-09,Consumer
1700,Emeka,Johnson,emeka.johnson1700@example.com,Abuja,FCT,Nigeria,2025-08-24,Consumer
1701,Ibrahim,Obi,ibrahim.obi1701@example.com,Benin City,Edo,Nigeria,2025-09-11,Small Business
1702,Samuel,Wilson,samuel.wilson1702@example.com,Abuja,FCT,Nigeria,2023-04-23,Consumer
1703,Emeka,Thomas,emeka.thomas1703@example.com,Toronto,Ontario,Canada,2024-01-29,Consumer
1704,Peter,Smith,peter.smith1704@example.com,Johannesburg,Gauteng,South Africa,2023-08-07,Consumer
1705,Ada,Williams,ada.williams1705@example.com,Accra,Greater Accra,Ghana,2024-11-02,Small Business
1706,Samuel,Mensah,samuel.mensah1706@example.com,Toronto,Ontario,Canada,2024-05-03,Small Business
1707,Daniel,Williams,daniel.williams1707@example.com,Kano,Kano,Nigeria,2024-10-18,Consumer
1708,Emeka,Brown,emeka.brown1708@example.com,Ibadan,Oyo,Nigeria,2023-11-19,Consumer
1709,Mary,Mohammed,mary.mohammed1709@example.com,Benin City,Edo,Nigeria,2025-02-22,Consumer
1710,Peter,Wilson,peter.wilson1710@example.com,Toronto,Ontario,Canada,2023-10-22,Consumer
1711,Ada,Eze,ada.eze1711@example.com,New York,New York,USA,2025-04-18,Consumer
1712,Aisha,Thomas,aisha.thomas1712@example.com,Port Harcourt,Rivers,Nigeria,2025-02-27,Consumer
1713,Amaka,Taylor,amaka.taylor1713@example.com,Lagos,Lagos,Nigeria,2024-08-27,Consumer
1714,Aisha,Obi,aisha.obi1714@example.com,New York,New York,USA,2025-03-02,Consumer
1715,Emeka,Adeyemi,emeka.adeyemi1715@example.com,Port Harcourt,Rivers,Nigeria,2025-01-09,Consumer
1716,Sarah,Mohammed,sarah.mohammed1716@example.com,New York,New York,USA,2023-08-17,Consumer
1717,Joshua,Okafor,joshua.okafor1717@example.com,Johannesburg,Gauteng,South Africa,2023-10-17,Small Business
1718,Sarah,Johnson,sarah.johnson1718@example.com,Accra,Greater Accra,Ghana,2024-06-10,Consumer
1719,Daniel,Obi,daniel.obi1719@example.com,Port Harcourt,Rivers,Nigeria,2025-04-22,Consumer
1720,Joshua,Obi,joshua.obi1720@example.com,Kano,Kano,Nigeria,2024-08-15,Small Business
1721,Mary,Obi,mary.obi1721@example.com,Benin City,Edo,Nigeria,2025-06-22,Small Business
1722,Daniel,Musa,daniel.musa1722@example.com,Toronto,Ontario,Canada,2025-09-10,Consumer
1723,Amaka,Obi,amaka.obi1723@example.com,Ibadan,Oyo,Nigeria,2023-11-22,Consumer
1724,Blessing,Obi,blessing.obi1724@example.com,Abuja,FCT,Nigeria,2025-02-25,Small Business
1725,Samuel,Thomas,samuel.thomas1725@example.com,London,England,UK,2023-06-14,Consumer
1726,Amaka,Musa,amaka.musa1726@example.com,London,England,UK,2025-01-06,Consumer
1727,Mary,Mensah,mary.mensah1727@example.com,Abuja,FCT,Nigeria,2023-01-10,Consumer
1728,Aisha,Okafor,aisha.okafor1728@example.com,Kano,Kano,Nigeria,2023-12-06,Consumer
1729,Chinedu,Ojo,chinedu.ojo1729@example.com,London,England,UK,2024-12-18,Consumer
1730,Ada,Bello,ada.bello1730@example.com,Port Harcourt,Rivers,Nigeria,2025-09-23,Corporate
1731,Ada,Johnson,ada.johnson1731@example.com,Accra,Greater Accra,Ghana,2025-05-03,Consumer
1732,Grace,Mensah,grace.mensah1732@example.com,Port Harcourt,Rivers,Nigeria,2024-10-22,Consumer
1733,Tosin,Obi,tosin.obi1733@example.com,Port Harcourt,Rivers,Nigeria,2023-06-10,Consumer
1734,Grace,Thomas,grace.thomas1734@example.com,Kano,Kano,Nigeria,2023-02-15,Small Business
1735,Joshua,Wilson,joshua.wilson1735@example.com,Johannesburg,Gauteng,South Africa,2024-06-03,Consumer
1736,Mary,Okafor,mary.okafor1736@example.com,Abuja,FCT,Nigeria,2023-03-20,Corporate
1737,Michael,Ojo,michael.ojo1737@example.com,Benin City,Edo,Nigeria,2024-07-11,Consumer
1738,Sarah,Okafor,sarah.okafor1738@example.com,Kano,Kano,Nigeria,2024-12-30,Consumer
1739,Ibrahim,Adeyemi,ibrahim.adeyemi1739@example.com,Ibadan,Oyo,Nigeria,2023-11-15,Consumer
1740,Chinedu,Nwosu,chinedu.nwosu1740@example.com,Johannesburg,Gauteng,South Africa,2023-06-05,Small Business
1741,Blessing,Thomas,blessing.thomas1741@example.com,Nairobi,Nairobi,Kenya,2023-06-26,Consumer
1742,Oluwaseun,Adebayo,oluwaseun.adebayo1742@example.com,London,England,UK,2024-09-24,Consumer
1743,Michael,Adebayo,michael.adebayo1743@example.com,Johannesburg,Gauteng,South Africa,2024-03-29,Corporate
1744,Emeka,Adebayo,emeka.adebayo1744@example.com,Accra,Greater Accra,Ghana,2023-01-23,Consumer
1745,Sarah,Ibrahim,sarah.ibrahim1745@example.com,Benin City,Edo,Nigeria,2023-11-17,Consumer
1746,Fatima,Clark,fatima.clark1746@example.com,New York,New York,USA,2025-08-25,Small Business
1747,Joshua,Mensah,joshua.mensah1747@example.com,Benin City,Edo,Nigeria,2023-09-03,Small Business
1748,Aisha,Bello,aisha.bello1748@example.com,Port Harcourt,Rivers,Nigeria,2025-08-11,Small Business
1749,Blessing,Eze,blessing.eze1749@example.com,New York,New York,USA,2024-07-04,Consumer
1750,Grace,Wilson,grace.wilson1750@example.com,Lagos,Lagos,Nigeria,2023-05-21,Consumer
1751,Fatima,Musa,fatima.musa1751@example.com,New York,New York,USA,2024-11-30,Small Business
1752,Esther,Adeyemi,esther.adeyemi1752@example.com,Toronto,Ontario,Canada,2024-02-19,Small Business
1753,Blessing,Clark,blessing.clark1753@example.com,Port Harcourt,Rivers,Nigeria,2024-08-26,Corporate
1754,Esther,Ojo,esther.ojo1754@example.com,Abuja,FCT,Nigeria,2023-03-12,Consumer
1755,Peter,Wilson,peter.wilson1755@example.com,London,England,UK,2024-08-22,Consumer
1756,Oluwaseun,Johnson,oluwaseun.johnson1756@example.com,Toronto,Ontario,Canada,2024-10-27,Consumer
1757,Michael,Ibrahim,michael.ibrahim1757@example.com,Toronto,Ontario,Canada,2023-03-06,Consumer
1758,Aisha,Mohammed,aisha.mohammed1758@example.com,Abuja,FCT,Nigeria,2023-08-01,Small Business
1759,Grace,Eze,grace.eze1759@example.com,Benin City,Edo,Nigeria,2024-02-08,Consumer
1760,Aisha,Bello,aisha.bello1760@example.com,Port Harcourt,Rivers,Nigeria,2024-03-28,Consumer
1761,Sarah,Nwosu,sarah.nwosu1761@example.com,Nairobi,Nairobi,Kenya,2024-12-17,Consumer
1762,Daniel,Nwosu,daniel.nwosu1762@example.com,Benin City,Edo,Nigeria,2025-01-19,Corporate
1763,Blessing,Mohammed,blessing.mohammed1763@example.com,Ibadan,Oyo,Nigeria,2025-03-21,Consumer
1764,Ada,Obi,ada.obi1764@example.com,New York,New York,USA,2025-07-12,Small Business
1765,Chinedu,Wilson,chinedu.wilson1765@example.com,New York,New York,USA,2023-07-06,Small Business
1766,Emeka,Clark,emeka.clark1766@example.com,New York,New York,USA,2025-05-11,Consumer
1767,Michael,Mohammed,michael.mohammed1767@example.com,Lagos,Lagos,Nigeria,2023-02-25,Consumer
1768,Michael,Johnson,michael.johnson1768@example.com,Lagos,Lagos,Nigeria,2024-10-31,Consumer
1769,Amaka,Wilson,amaka.wilson1769@example.com,Toronto,Ontario,Canada,2024-01-28,Consumer
1770,Ibrahim,Thomas,ibrahim.thomas1770@example.com,Lagos,Lagos,Nigeria,2024-08-07,Consumer
1771,Mary,Williams,mary.williams1771@example.com,Johannesburg,Gauteng,South Africa,2023-06-17,Consumer
1772,Fatima,Musa,fatima.musa1772@example.com,Benin City,Edo,Nigeria,2023-05-26,Small Business
1773,Blessing,Obi,blessing.obi1773@example.com,London,England,UK,2024-10-07,Consumer
1774,Esther,Obi,esther.obi1774@example.com,Kano,Kano,Nigeria,2025-02-22,Small Business
1775,Tosin,Obi,tosin.obi1775@example.com,Ibadan,Oyo,Nigeria,2023-06-14,Consumer
1776,David,Okafor,david.okafor1776@example.com,Abuja,FCT,Nigeria,2025-03-08,Consumer
1777,Peter,Adebayo,peter.adebayo1777@example.com,London,England,UK,2023-07-21,Consumer
1778,Grace,Ibrahim,grace.ibrahim1778@example.com,Port Harcourt,Rivers,Nigeria,2024-08-11,Corporate
1779,Peter,Johnson,peter.johnson1779@example.com,Lagos,Lagos,Nigeria,2024-07-23,Consumer
1780,Chinedu,Obi,chinedu.obi1780@example.com,New York,New York,USA,2025-04-12,Corporate
1781,Fatima,Clark,fatima.clark1781@example.com,Ibadan,Oyo,Nigeria,2024-03-16,Small Business
1782,Fatima,Obi,fatima.obi1782@example.com,Nairobi,Nairobi,Kenya,2025-07-07,Corporate
1783,Fatima,Mensah,fatima.mensah1783@example.com,Accra,Greater Accra,Ghana,2023-06-11,Corporate
1784,Ada,Okafor,ada.okafor1784@example.com,Ibadan,Oyo,Nigeria,2024-11-30,Consumer
1785,Daniel,Musa,daniel.musa1785@example.com,New York,New York,USA,2023-01-14,Consumer
1786,Esther,Brown,esther.brown1786@example.com,New York,New York,USA,2024-07-01,Consumer
1787,Grace,Nwosu,grace.nwosu1787@example.com,Benin City,Edo,Nigeria,2024-12-16,Consumer
1788,David,Mensah,david.mensah1788@example.com,New York,New York,USA,2023-04-11,Consumer
1789,Peter,Taylor,peter.taylor1789@example.com,New York,New York,USA,2024-11-09,Consumer
1790,Amaka,Okafor,amaka.okafor1790@example.com,Port Harcourt,Rivers,Nigeria,2023-07-07,Small Business
1791,Michael,Musa,michael.musa1791@example.com,Abuja,FCT,Nigeria,2024-01-15,Small Business
1792,Aisha,Johnson,aisha.johnson1792@example.com,Accra,Greater Accra,Ghana,2023-11-13,Consumer
1793,Oluwaseun,Okafor,oluwaseun.okafor1793@example.com,Lagos,Lagos,Nigeria,2023-05-13,Consumer
1794,Ada,Nwosu,ada.nwosu1794@example.com,Toronto,Ontario,Canada,2024-10-18,Consumer
1795,Sarah,Bello,sarah.bello1795@example.com,Toronto,Ontario,Canada,2025-03-06,Consumer
1796,Chinedu,Thomas,chinedu.thomas1796@example.com,London,England,UK,2024-06-05,Small Business
1797,Sarah,Ojo,sarah.ojo1797@example.com,Kano,Kano,Nigeria,2024-12-10,Consumer
1798,Ada,Adebayo,ada.adebayo1798@example.com,Port Harcourt,Rivers,Nigeria,2024-07-13,Consumer
1799,Tosin,Okafor,tosin.okafor1799@example.com,Port Harcourt,Rivers,Nigeria,2023-12-22,Corporate
1800,Chinedu,Musa,chinedu.musa1800@example.com,Benin City,Edo,Nigeria,2023-08-03,Small Business
1801,Daniel,Adebayo,daniel.adebayo1801@example.com,New York,New York,USA,2025-05-11,Small Business
1802,Peter,Johnson,peter.johnson1802@example.com,Abuja,FCT,Nigeria,2024-06-27,Consumer
1803,Emeka,Okafor,emeka.okafor1803@example.com,Kano,Kano,Nigeria,2024-08-06,Corporate
1804,Sarah,Clark,sarah.clark1804@example.com,Kano,Kano,Nigeria,2025-07-28,Corporate
1805,Ibrahim,Ibrahim,ibrahim.ibrahim1805@example.com,Abuja,FCT,Nigeria,2023-05-27,Consumer
1806,Blessing,Adebayo,blessing.adebayo1806@example.com,Port Harcourt,Rivers,Nigeria,2025-07-04,Corporate
1807,Peter,Taylor,peter.taylor1807@example.com,Abuja,FCT,Nigeria,2023-06-03,Consumer
1808,Ibrahim,Mohammed,ibrahim.mohammed1808@example.com,New York,New York,USA,2025-01-28,Consumer
1809,Samuel,Bello,samuel.bello1809@example.com,Port Harcourt,Rivers,Nigeria,2024-08-24,Consumer
1810,Amaka,Thomas,amaka.thomas1810@example.com,Ibadan,Oyo,Nigeria,2024-05-23,Consumer
1811,Samuel,Adebayo,samuel.adebayo1811@example.com,London,England,UK,2023-04-14,Small Business
1812,Amaka,Mohammed,amaka.mohammed1812@example.com,New York,New York,USA,2024-03-01,Consumer
1813,Esther,Smith,esther.smith1813@example.com,London,England,UK,2025-04-13,Consumer
1814,Fatima,Smith,fatima.smith1814@example.com,Ibadan,Oyo,Nigeria,2024-11-11,Consumer
1815,Daniel,Brown,daniel.brown1815@example.com,Toronto,Ontario,Canada,2023-10-24,Consumer
1816,Samuel,Brown,samuel.brown1816@example.com,New York,New York,USA,2023-06-05,Consumer
1817,Aisha,Musa,aisha.musa1817@example.com,New York,New York,USA,2024-03-14,Consumer
1818,Michael,Clark,michael.clark1818@example.com,Toronto,Ontario,Canada,2023-09-27,Consumer
1819,Sarah,Thomas,sarah.thomas1819@example.com,Ibadan,Oyo,Nigeria,2024-03-25,Small Business
1820,Fatima,Adeyemi,fatima.adeyemi1820@example.com,Abuja,FCT,Nigeria,2023-01-20,Consumer
1821,Daniel,Thomas,daniel.thomas1821@example.com,Benin City,Edo,Nigeria,2023-01-31,Small Business
1822,Michael,Ojo,michael.ojo1822@example.com,London,England,UK,2025-08-16,Small Business
1823,David,Brown,david.brown1823@example.com,Ibadan,Oyo,Nigeria,2025-08-20,Small Business
1824,Ada,Williams,ada.williams1824@example.com,Lagos,Lagos,Nigeria,2024-10-15,Small Business
1825,Emeka,Ibrahim,emeka.ibrahim1825@example.com,Toronto,Ontario,Canada,2023-10-03,Consumer
1826,Esther,Bello,esther.bello1826@example.com,Toronto,Ontario,Canada,2025-08-05,Consumer
1827,Emeka,Brown,emeka.brown1827@example.com,Benin City,Edo,Nigeria,2023-02-16,Small Business
1828,Joshua,Nwosu,joshua.nwosu1828@example.com,Toronto,Ontario,Canada,2023-08-01,Small Business
1829,Grace,Adebayo,grace.adebayo1829@example.com,London,England,UK,2024-05-30,Small Business
1830,Sarah,Nwosu,sarah.nwosu1830@example.com,New York,New York,USA,2024-09-05,Small Business
1831,Amaka,Mohammed,amaka.mohammed1831@example.com,Nairobi,Nairobi,Kenya,2024-12-23,Consumer
1832,Sarah,Johnson,sarah.johnson1832@example.com,New York,New York,USA,2024-01-17,Consumer
1833,Fatima,Okafor,fatima.okafor1833@example.com,Port Harcourt,Rivers,Nigeria,2023-05-23,Consumer
1834,Ada,Smith,ada.smith1834@example.com,Toronto,Ontario,Canada,2023-10-30,Consumer
1835,Daniel,Thomas,daniel.thomas1835@example.com,Toronto,Ontario,Canada,2023-09-21,Consumer
1836,Emeka,Wilson,emeka.wilson1836@example.com,Toronto,Ontario,Canada,2023-06-26,Small Business
1837,Blessing,Thomas,blessing.thomas1837@example.com,Ibadan,Oyo,Nigeria,2023-09-03,Consumer
1838,Emeka,Clark,emeka.clark1838@example.com,Abuja,FCT,Nigeria,2023-09-12,Consumer
1839,Ibrahim,Okafor,ibrahim.okafor1839@example.com,Accra,Greater Accra,Ghana,2023-09-28,Consumer
1840,Ibrahim,Mensah,ibrahim.mensah1840@example.com,Nairobi,Nairobi,Kenya,2023-09-06,Consumer
1841,Blessing,Wilson,blessing.wilson1841@example.com,Benin City,Edo,Nigeria,2023-03-29,Consumer
1842,Daniel,Wilson,daniel.wilson1842@example.com,Lagos,Lagos,Nigeria,2025-04-19,Consumer
1843,Fatima,Johnson,fatima.johnson1843@example.com,London,England,UK,2023-12-09,Corporate
1844,David,Nwosu,david.nwosu1844@example.com,Benin City,Edo,Nigeria,2023-06-25,Small Business
1845,Esther,Okafor,esther.okafor1845@example.com,Benin City,Edo,Nigeria,2023-05-11,Consumer
1846,Ibrahim,Williams,ibrahim.williams1846@example.com,Abuja,FCT,Nigeria,2024-05-09,Small Business
1847,Chinedu,Taylor,chinedu.taylor1847@example.com,Lagos,Lagos,Nigeria,2024-05-01,Small Business
1848,Blessing,Thomas,blessing.thomas1848@example.com,Kano,Kano,Nigeria,2024-08-05,Small Business
1849,Esther,Adeyemi,esther.adeyemi1849@example.com,Kano,Kano,Nigeria,2025-06-05,Consumer
1850,Oluwaseun,Ibrahim,oluwaseun.ibrahim1850@example.com,Ibadan,Oyo,Nigeria,2023-11-25,Small Business
1851,Amaka,Johnson,amaka.johnson1851@example.com,Accra,Greater Accra,Ghana,2023-10-06,Consumer
1852,Joshua,Musa,joshua.musa1852@example.com,Johannesburg,Gauteng,South Africa,2025-07-11,Consumer
1853,Oluwaseun,Thomas,oluwaseun.thomas1853@example.com,Benin City,Edo,Nigeria,2024-09-03,Small Business
1854,Mary,Musa,mary.musa1854@example.com,Nairobi,Nairobi,Kenya,2025-04-02,Consumer
1855,Blessing,Eze,blessing.eze1855@example.com,Port Harcourt,Rivers,Nigeria,2024-02-21,Consumer
1856,Mary,Musa,mary.musa1856@example.com,New York,New York,USA,2023-12-22,Consumer
1857,Fatima,Smith,fatima.smith1857@example.com,Johannesburg,Gauteng,South Africa,2025-08-28,Small Business
1858,Peter,Eze,peter.eze1858@example.com,Kano,Kano,Nigeria,2024-07-28,Small Business
1859,Emeka,Adebayo,emeka.adebayo1859@example.com,London,England,UK,2023-05-06,Corporate
1860,Chinedu,Wilson,chinedu.wilson1860@example.com,Lagos,Lagos,Nigeria,2023-01-14,Consumer
1861,David,Ibrahim,david.ibrahim1861@example.com,Kano,Kano,Nigeria,2024-09-08,Corporate
1862,Fatima,Ojo,fatima.ojo1862@example.com,Lagos,Lagos,Nigeria,2024-01-21,Consumer
1863,Aisha,Nwosu,aisha.nwosu1863@example.com,New York,New York,USA,2025-07-31,Small Business
1864,Ibrahim,Clark,ibrahim.clark1864@example.com,Accra,Greater Accra,Ghana,2024-02-03,Consumer
1865,Daniel,Johnson,daniel.johnson1865@example.com,Toronto,Ontario,Canada,2023-03-15,Consumer
1866,Ada,Brown,ada.brown1866@example.com,Johannesburg,Gauteng,South Africa,2024-06-18,Small Business
1867,Michael,Okafor,michael.okafor1867@example.com,Port Harcourt,Rivers,Nigeria,2024-01-19,Corporate
1868,Aisha,Thomas,aisha.thomas1868@example.com,New York,New York,USA,2025-04-28,Consumer
1869,Oluwaseun,Clark,oluwaseun.clark1869@example.com,Johannesburg,Gauteng,South Africa,2023-07-13,Small Business
1870,Sarah,Adebayo,sarah.adebayo1870@example.com,Toronto,Ontario,Canada,2024-12-26,Consumer
1871,Fatima,Musa,fatima.musa1871@example.com,Port Harcourt,Rivers,Nigeria,2024-10-01,Small Business
1872,Ada,Eze,ada.eze1872@example.com,New York,New York,USA,2025-04-10,Consumer
1873,Peter,Clark,peter.clark1873@example.com,Benin City,Edo,Nigeria,2025-01-12,Corporate
1874,David,Eze,david.eze1874@example.com,Kano,Kano,Nigeria,2025-08-31,Corporate
1875,Michael,Wilson,michael.wilson1875@example.com,Accra,Greater Accra,Ghana,2023-02-27,Small Business
1876,Michael,Nwosu,michael.nwosu1876@example.com,Accra,Greater Accra,Ghana,2024-10-29,Small Business
1877,Chinedu,Ojo,chinedu.ojo1877@example.com,Toronto,Ontario,Canada,2024-04-07,Consumer
1878,Tosin,Eze,tosin.eze1878@example.com,Port Harcourt,Rivers,Nigeria,2025-01-20,Consumer
1879,Michael,Smith,michael.smith1879@example.com,Nairobi,Nairobi,Kenya,2025-03-22,Small Business
1880,Mary,Okafor,mary.okafor1880@example.com,Benin City,Edo,Nigeria,2024-07-22,Consumer
1881,Blessing,Ojo,blessing.ojo1881@example.com,Accra,Greater Accra,Ghana,2025-01-23,Consumer
1882,Samuel,Obi,samuel.obi1882@example.com,Accra,Greater Accra,Ghana,2023-10-15,Consumer
1883,Blessing,Smith,blessing.smith1883@example.com,London,England,UK,2025-03-09,Small Business
1884,Sarah,Adeyemi,sarah.adeyemi1884@example.com,Ibadan,Oyo,Nigeria,2025-09-19,Consumer
1885,Oluwaseun,Johnson,oluwaseun.johnson1885@example.com,London,England,UK,2023-06-12,Small Business
1886,Samuel,Smith,samuel.smith1886@example.com,Kano,Kano,Nigeria,2023-12-19,Consumer
1887,Mary,Okafor,mary.okafor1887@example.com,Johannesburg,Gauteng,South Africa,2025-01-04,Consumer
1888,Daniel,Clark,daniel.clark1888@example.com,Ibadan,Oyo,Nigeria,2023-04-17,Consumer
1889,Samuel,Wilson,samuel.wilson1889@example.com,London,England,UK,2025-05-18,Small Business
1890,Samuel,Ojo,samuel.ojo1890@example.com,Johannesburg,Gauteng,South Africa,2024-09-28,Small Business
1891,Fatima,Mensah,fatima.mensah1891@example.com,Johannesburg,Gauteng,South Africa,2023-07-05,Consumer
1892,Sarah,Adebayo,sarah.adebayo1892@example.com,Johannesburg,Gauteng,South Africa,2023-02-20,Consumer
1893,Mary,Smith,mary.smith1893@example.com,Johannesburg,Gauteng,South Africa,2023-08-26,Small Business
1894,Emeka,Williams,emeka.williams1894@example.com,New York,New York,USA,2025-07-13,Consumer
1895,Emeka,Smith,emeka.smith1895@example.com,Toronto,Ontario,Canada,2023-12-15,Consumer
1896,Chinedu,Clark,chinedu.clark1896@example.com,Abuja,FCT,Nigeria,2023-03-30,Consumer
1897,David,Adeyemi,david.adeyemi1897@example.com,Toronto,Ontario,Canada,2024-08-23,Small Business
1898,Aisha,Nwosu,aisha.nwosu1898@example.com,Accra,Greater Accra,Ghana,2025-06-17,Consumer
1899,Fatima,Ibrahim,fatima.ibrahim1899@example.com,Ibadan,Oyo,Nigeria,2023-09-28,Corporate
1900,Peter,Mohammed,peter.mohammed1900@example.com,Nairobi,Nairobi,Kenya,2025-07-31,Consumer
1901,Michael,Mensah,michael.mensah1901@example.com,Lagos,Lagos,Nigeria,2023-06-18,Consumer
1902,Tosin,Obi,tosin.obi1902@example.com,Ibadan,Oyo,Nigeria,2023-10-14,Consumer
1903,Amaka,Johnson,amaka.johnson1903@example.com,London,England,UK,2023-01-23,Consumer
1904,David,Mensah,david.mensah1904@example.com,Benin City,Edo,Nigeria,2024-11-11,Consumer
1905,Blessing,Ibrahim,blessing.ibrahim1905@example.com,London,England,UK,2025-02-23,Corporate
1906,Esther,Clark,esther.clark1906@example.com,Toronto,Ontario,Canada,2024-01-15,Consumer
1907,Fatima,Taylor,fatima.taylor1907@example.com,Port Harcourt,Rivers,Nigeria,2024-09-16,Corporate
1908,Peter,Adebayo,peter.adebayo1908@example.com,Lagos,Lagos,Nigeria,2025-05-10,Small Business
1909,Michael,Musa,michael.musa1909@example.com,Toronto,Ontario,Canada,2024-06-26,Consumer
1910,Chinedu,Bello,chinedu.bello1910@example.com,New York,New York,USA,2023-08-05,Consumer
1911,Ibrahim,Nwosu,ibrahim.nwosu1911@example.com,Accra,Greater Accra,Ghana,2023-12-22,Consumer
1912,Tosin,Mensah,tosin.mensah1912@example.com,Toronto,Ontario,Canada,2023-06-16,Small Business
1913,Aisha,Williams,aisha.williams1913@example.com,London,England,UK,2025-02-07,Small Business
1914,Ibrahim,Adebayo,ibrahim.adebayo1914@example.com,New York,New York,USA,2023-07-06,Consumer
1915,Grace,Clark,grace.clark1915@example.com,New York,New York,USA,2023-08-28,Corporate
1916,Fatima,Adebayo,fatima.adebayo1916@example.com,Toronto,Ontario,Canada,2023-03-11,Small Business
1917,Samuel,Smith,samuel.smith1917@example.com,Benin City,Edo,Nigeria,2024-07-21,Small Business
1918,Tosin,Clark,tosin.clark1918@example.com,Toronto,Ontario,Canada,2025-05-31,Consumer
1919,Esther,Ibrahim,esther.ibrahim1919@example.com,New York,New York,USA,2025-03-14,Consumer
1920,Amaka,Taylor,amaka.taylor1920@example.com,New York,New York,USA,2024-05-12,Small Business
1921,Sarah,Okafor,sarah.okafor1921@example.com,Lagos,Lagos,Nigeria,2023-08-27,Small Business
1922,Sarah,Okafor,sarah.okafor1922@example.com,Kano,Kano,Nigeria,2024-01-18,Small Business
1923,Ada,Nwosu,ada.nwosu1923@example.com,Nairobi,Nairobi,Kenya,2024-03-08,Corporate
1924,Aisha,Eze,aisha.eze1924@example.com,Kano,Kano,Nigeria,2024-12-28,Consumer
1925,Aisha,Okafor,aisha.okafor1925@example.com,New York,New York,USA,2025-01-15,Corporate
1926,Mary,Adebayo,mary.adebayo1926@example.com,Abuja,FCT,Nigeria,2023-01-02,Small Business
1927,Ada,Bello,ada.bello1927@example.com,Port Harcourt,Rivers,Nigeria,2024-07-26,Corporate
1928,Emeka,Wilson,emeka.wilson1928@example.com,Abuja,FCT,Nigeria,2024-10-04,Small Business
1929,Peter,Williams,peter.williams1929@example.com,Lagos,Lagos,Nigeria,2023-06-27,Consumer
1930,Michael,Clark,michael.clark1930@example.com,Lagos,Lagos,Nigeria,2025-04-27,Consumer
1931,Oluwaseun,Mensah,oluwaseun.mensah1931@example.com,Nairobi,Nairobi,Kenya,2024-09-28,Corporate
1932,Joshua,Johnson,joshua.johnson1932@example.com,Lagos,Lagos,Nigeria,2023-03-29,Corporate
1933,Emeka,Thomas,emeka.thomas1933@example.com,London,England,UK,2024-04-20,Small Business
1934,Mary,Taylor,mary.taylor1934@example.com,New York,New York,USA,2024-06-26,Consumer
1935,Ibrahim,Musa,ibrahim.musa1935@example.com,Toronto,Ontario,Canada,2023-08-25,Consumer
1936,Ibrahim,Taylor,ibrahim.taylor1936@example.com,Accra,Greater Accra,Ghana,2025-02-10,Consumer
1937,Blessing,Nwosu,blessing.nwosu1937@example.com,Port Harcourt,Rivers,Nigeria,2023-10-19,Small Business
1938,Ada,Smith,ada.smith1938@example.com,Toronto,Ontario,Canada,2025-07-14,Consumer
1939,Samuel,Adebayo,samuel.adebayo1939@example.com,Ibadan,Oyo,Nigeria,2025-03-05,Consumer
1940,Ada,Adeyemi,ada.adeyemi1940@example.com,Port Harcourt,Rivers,Nigeria,2023-12-02,Consumer
1941,Grace,Mohammed,grace.mohammed1941@example.com,New York,New York,USA,2023-03-22,Corporate
1942,Aisha,Eze,aisha.eze1942@example.com,Port Harcourt,Rivers,Nigeria,2024-03-02,Small Business
1943,Ada,Brown,ada.brown1943@example.com,Benin City,Edo,Nigeria,2024-08-19,Consumer
1944,Sarah,Adebayo,sarah.adebayo1944@example.com,Toronto,Ontario,Canada,2023-01-02,Consumer
1945,David,Adebayo,david.adebayo1945@example.com,New York,New York,USA,2023-07-24,Consumer
1946,Amaka,Adeyemi,amaka.adeyemi1946@example.com,Port Harcourt,Rivers,Nigeria,2024-10-14,Consumer
1947,Fatima,Mohammed,fatima.mohammed1947@example.com,Benin City,Edo,Nigeria,2024-09-07,Small Business
1948,Daniel,Ojo,daniel.ojo1948@example.com,Abuja,FCT,Nigeria,2023-07-22,Consumer
1949,Ibrahim,Nwosu,ibrahim.nwosu1949@example.com,Toronto,Ontario,Canada,2024-02-21,Consumer
1950,Amaka,Nwosu,amaka.nwosu1950@example.com,Johannesburg,Gauteng,South Africa,2025-08-06,Consumer
1951,Mary,Thomas,mary.thomas1951@example.com,Toronto,Ontario,Canada,2024-04-18,Small Business
1952,Ada,Musa,ada.musa1952@example.com,Abuja,FCT,Nigeria,2025-04-28,Small Business
1953,Tosin,Adebayo,tosin.adebayo1953@example.com,Port Harcourt,Rivers,Nigeria,2023-02-28,Small Business
1954,Ada,Obi,ada.obi1954@example.com,New York,New York,USA,2025-08-21,Consumer
1955,Emeka,Okafor,emeka.okafor1955@example.com,Kano,Kano,Nigeria,2025-09-05,Consumer
1956,Peter,Adebayo,peter.adebayo1956@example.com,Port Harcourt,Rivers,Nigeria,2023-03-08,Consumer
1957,Emeka,Taylor,emeka.taylor1957@example.com,Nairobi,Nairobi,Kenya,2025-09-01,Small Business
1958,Oluwaseun,Mohammed,oluwaseun.mohammed1958@example.com,Kano,Kano,Nigeria,2023-09-17,Consumer
1959,Emeka,Adeyemi,emeka.adeyemi1959@example.com,New York,New York,USA,2024-11-17,Corporate
1960,Peter,Okafor,peter.okafor1960@example.com,Ibadan,Oyo,Nigeria,2025-04-11,Consumer
1961,Emeka,Okafor,emeka.okafor1961@example.com,Ibadan,Oyo,Nigeria,2023-03-08,Consumer
1962,Aisha,Williams,aisha.williams1962@example.com,New York,New York,USA,2025-05-07,Consumer
1963,Ibrahim,Ojo,ibrahim.ojo1963@example.com,Toronto,Ontario,Canada,2024-02-21,Consumer
1964,Chinedu,Musa,chinedu.musa1964@example.com,Accra,Greater Accra,Ghana,2024-03-27,Small Business
1965,Blessing,Musa,blessing.musa1965@example.com,New York,New York,USA,2023-08-15,Small Business
1966,Blessing,Musa,blessing.musa1966@example.com,Accra,Greater Accra,Ghana,2025-04-07,Corporate
1967,Oluwaseun,Mohammed,oluwaseun.mohammed1967@example.com,Lagos,Lagos,Nigeria,2025-02-28,Consumer
1968,Ibrahim,Eze,ibrahim.eze1968@example.com,Lagos,Lagos,Nigeria,2023-11-29,Small Business
1969,Emeka,Mohammed,emeka.mohammed1969@example.com,Benin City,Edo,Nigeria,2024-02-27,Consumer
1970,Tosin,Mensah,tosin.mensah1970@example.com,London,England,UK,2023-04-22,Consumer
1971,Sarah,Wilson,sarah.wilson1971@example.com,New York,New York,USA,2024-04-16,Consumer
1972,Sarah,Adeyemi,sarah.adeyemi1972@example.com,Toronto,Ontario,Canada,2025-05-31,Consumer
1973,Ada,Mohammed,ada.mohammed1973@example.com,Accra,Greater Accra,Ghana,2024-09-12,Consumer
1974,Aisha,Johnson,aisha.johnson1974@example.com,Lagos,Lagos,Nigeria,2023-09-05,Corporate
1975,Chinedu,Obi,chinedu.obi1975@example.com,Nairobi,Nairobi,Kenya,2024-12-03,Consumer
1976,Peter,Obi,peter.obi1976@example.com,Lagos,Lagos,Nigeria,2025-08-22,Small Business
1977,David,Clark,david.clark1977@example.com,Port Harcourt,Rivers,Nigeria,2023-05-12,Small Business
1978,Aisha,Ibrahim,aisha.ibrahim1978@example.com,Benin City,Edo,Nigeria,2024-04-26,Consumer
1979,Aisha,Williams,aisha.williams1979@example.com,Accra,Greater Accra,Ghana,2024-07-19,Corporate
1980,Aisha,Okafor,aisha.okafor1980@example.com,Nairobi,Nairobi,Kenya,2025-02-26,Consumer
1981,Sarah,Ojo,sarah.ojo1981@example.com,Port Harcourt,Rivers,Nigeria,2023-02-11,Consumer
1982,Michael,Musa,michael.musa1982@example.com,Ibadan,Oyo,Nigeria,2023-04-25,Small Business
1983,Michael,Mohammed,michael.mohammed1983@example.com,Nairobi,Nairobi,Kenya,2025-01-23,Consumer
1984,Chinedu,Johnson,chinedu.johnson1984@example.com,Lagos,Lagos,Nigeria,2025-01-23,Consumer
1985,Sarah,Johnson,sarah.johnson1985@example.com,Accra,Greater Accra,Ghana,2024-09-15,Consumer
1986,Mary,Clark,mary.clark1986@example.com,Benin City,Edo,Nigeria,2023-07-22,Consumer
1987,Amaka,Wilson,amaka.wilson1987@example.com,Nairobi,Nairobi,Kenya,2025-03-20,Small Business
1988,Aisha,Johnson,aisha.johnson1988@example.com,Ibadan,Oyo,Nigeria,2025-01-19,Consumer
1989,Fatima,Taylor,fatima.taylor1989@example.com,Benin City,Edo,Nigeria,2024-06-12,Small Business
1990,Samuel,Williams,samuel.williams1990@example.com,Port Harcourt,Rivers,Nigeria,2024-01-22,Consumer
1991,Peter,Williams,peter.williams1991@example.com,Nairobi,Nairobi,Kenya,2025-09-03,Small Business
1992,Sarah,Okafor,sarah.okafor1992@example.com,Toronto,Ontario,Canada,2023-06-22,Consumer
1993,Ibrahim,Adeyemi,ibrahim.adeyemi1993@example.com,Kano,Kano,Nigeria,2025-09-18,Consumer
1994,Emeka,Adebayo,emeka.adebayo1994@example.com,Nairobi,Nairobi,Kenya,2025-04-19,Consumer
1995,Samuel,Johnson,samuel.johnson1995@example.com,Ibadan,Oyo,Nigeria,2024-09-19,Consumer
1996,Ibrahim,Okafor,ibrahim.okafor1996@example.com,New York,New York,USA,2024-08-14,Consumer
1997,Grace,Adebayo,grace.adebayo1997@example.com,Toronto,Ontario,Canada,2024-03-11,Small Business
1998,Mary,Musa,mary.musa1998@example.com,London,England,UK,2024-04-01,Small Business
1999,Emeka,Smith,emeka.smith1999@example.com,Nairobi,Nairobi,Kenya,2023-07-27,Small Business
2000,Aisha,Okafor,aisha.okafor2000@example.com,Johannesburg,Gauteng,South Africa,2024-06-01,Corporate
2001,Tosin,Nwosu,tosin.nwosu2001@example.com,Abuja,FCT,Nigeria,2024-11-19,Consumer
2002,Mary,Brown,mary.brown2002@example.com,Ibadan,Oyo,Nigeria,2023-01-25,Small Business
2003,David,Mohammed,david.mohammed2003@example.com,Abuja,FCT,Nigeria,2024-11-20,Consumer
2004,Aisha,Clark,aisha.clark2004@example.com,Abuja,FCT,Nigeria,2025-06-11,Small Business
2005,Joshua,Nwosu,joshua.nwosu2005@example.com,Benin City,Edo,Nigeria,2024-02-29,Consumer
2006,Blessing,Nwosu,blessing.nwosu2006@example.com,London,England,UK,2023-06-09,Consumer
2007,Joshua,Wilson,joshua.wilson2007@example.com,Johannesburg,Gauteng,South Africa,2024-10-18,Corporate
2008,Sarah,Brown,sarah.brown2008@example.com,Nairobi,Nairobi,Kenya,2025-02-11,Consumer
2009,Chinedu,Adeyemi,chinedu.adeyemi2009@example.com,Lagos,Lagos,Nigeria,2024-01-12,Small Business
2010,Emeka,Musa,emeka.musa2010@example.com,London,England,UK,2024-12-22,Corporate
2011,Amaka,Williams,amaka.williams2011@example.com,Lagos,Lagos,Nigeria,2023-02-25,Consumer
2012,Chinedu,Ibrahim,chinedu.ibrahim2012@example.com,Ibadan,Oyo,Nigeria,2023-01-23,Corporate
2013,Peter,Smith,peter.smith2013@example.com,Accra,Greater Accra,Ghana,2025-07-11,Consumer
2014,Sarah,Nwosu,sarah.nwosu2014@example.com,London,England,UK,2024-09-01,Consumer
2015,Tosin,Thomas,tosin.thomas2015@example.com,Accra,Greater Accra,Ghana,2025-06-04,Consumer
2016,Fatima,Wilson,fatima.wilson2016@example.com,Abuja,FCT,Nigeria,2024-04-24,Consumer
2017,Blessing,Smith,blessing.smith2017@example.com,Nairobi,Nairobi,Kenya,2023-02-28,Small Business
2018,Emeka,Williams,emeka.williams2018@example.com,Kano,Kano,Nigeria,2025-08-30,Small Business
2019,Fatima,Obi,fatima.obi2019@example.com,Accra,Greater Accra,Ghana,2024-12-28,Small Business
2020,Tosin,Thomas,tosin.thomas2020@example.com,London,England,UK,2023-09-19,Consumer
2021,Joshua,Johnson,joshua.johnson2021@example.com,New York,New York,USA,2025-06-30,Consumer
2022,Sarah,Smith,sarah.smith2022@example.com,Nairobi,Nairobi,Kenya,2024-03-02,Corporate
2023,Grace,Taylor,grace.taylor2023@example.com,Lagos,Lagos,Nigeria,2023-06-06,Consumer
2024,Aisha,Brown,aisha.brown2024@example.com,Ibadan,Oyo,Nigeria,2024-08-01,Consumer
2025,Chinedu,Clark,chinedu.clark2025@example.com,Nairobi,Nairobi,Kenya,2023-07-14,Consumer
2026,Amaka,Ojo,amaka.ojo2026@example.com,Toronto,Ontario,Canada,2024-03-02,Consumer
2027,Samuel,Brown,samuel.brown2027@example.com,Lagos,Lagos,Nigeria,2024-02-17,Consumer
2028,Mary,Adeyemi,mary.adeyemi2028@example.com,Port Harcourt,Rivers,Nigeria,2025-03-21,Corporate
2029,Fatima,Adebayo,fatima.adebayo2029@example.com,Ibadan,Oyo,Nigeria,2023-12-31,Small Business
2030,Grace,Okafor,grace.okafor2030@example.com,Port Harcourt,Rivers,Nigeria,2023-03-18,Corporate
2031,Tosin,Bello,tosin.bello2031@example.com,Toronto,Ontario,Canada,2024-08-21,Consumer
2032,Grace,Obi,grace.obi2032@example.com,Port Harcourt,Rivers,Nigeria,2023-12-05,Consumer
2033,Grace,Mohammed,grace.mohammed2033@example.com,London,England,UK,2023-02-22,Consumer
2034,Ibrahim,Taylor,ibrahim.taylor2034@example.com,Kano,Kano,Nigeria,2023-10-06,Consumer
2035,Daniel,Smith,daniel.smith2035@example.com,Ibadan,Oyo,Nigeria,2023-11-02,Consumer
2036,Aisha,Brown,aisha.brown2036@example.com,Benin City,Edo,Nigeria,2025-05-29,Corporate
2037,David,Mensah,david.mensah2037@example.com,Accra,Greater Accra,Ghana,2024-08-09,Small Business
2038,Mary,Adebayo,mary.adebayo2038@example.com,Johannesburg,Gauteng,South Africa,2025-02-14,Consumer
2039,Blessing,Brown,blessing.brown2039@example.com,London,England,UK,2025-05-07,Consumer
2040,Samuel,Mohammed,samuel.mohammed2040@example.com,Johannesburg,Gauteng,South Africa,2023-03-13,Consumer
2041,Joshua,Eze,joshua.eze2041@example.com,Kano,Kano,Nigeria,2023-02-25,Small Business
2042,Mary,Ojo,mary.ojo2042@example.com,London,England,UK,2024-03-25,Consumer
2043,Emeka,Johnson,emeka.johnson2043@example.com,New York,New York,USA,2025-08-18,Consumer
2044,Emeka,Musa,emeka.musa2044@example.com,Port Harcourt,Rivers,Nigeria,2025-01-14,Corporate
2045,Samuel,Okafor,samuel.okafor2045@example.com,New York,New York,USA,2023-11-13,Small Business
2046,Peter,Mensah,peter.mensah2046@example.com,Abuja,FCT,Nigeria,2024-09-19,Consumer
2047,Joshua,Brown,joshua.brown2047@example.com,Accra,Greater Accra,Ghana,2025-03-21,Small Business
2048,Amaka,Thomas,amaka.thomas2048@example.com,Abuja,FCT,Nigeria,2023-10-15,Small Business
2049,Mary,Smith,mary.smith2049@example.com,Accra,Greater Accra,Ghana,2025-04-09,Consumer
2050,Aisha,Nwosu,aisha.nwosu2050@example.com,Kano,Kano,Nigeria,2025-01-31,Consumer
2051,Michael,Mohammed,michael.mohammed2051@example.com,Kano,Kano,Nigeria,2024-08-05,Small Business
2052,Sarah,Smith,sarah.smith2052@example.com,New York,New York,USA,2024-07-31,Small Business
2053,Grace,Eze,grace.eze2053@example.com,Johannesburg,Gauteng,South Africa,2024-03-06,Corporate
2054,Ibrahim,Mohammed,ibrahim.mohammed2054@example.com,Benin City,Edo,Nigeria,2024-02-01,Consumer
2055,Aisha,Mohammed,aisha.mohammed2055@example.com,Johannesburg,Gauteng,South Africa,2023-02-02,Consumer
2056,Chinedu,Wilson,chinedu.wilson2056@example.com,London,England,UK,2025-01-08,Consumer
2057,Samuel,Eze,samuel.eze2057@example.com,Accra,Greater Accra,Ghana,2025-02-04,Consumer
2058,Tosin,Musa,tosin.musa2058@example.com,New York,New York,USA,2025-04-24,Consumer
2059,Tosin,Ibrahim,tosin.ibrahim2059@example.com,Johannesburg,Gauteng,South Africa,2023-12-14,Small Business
2060,Emeka,Adeyemi,emeka.adeyemi2060@example.com,New York,New York,USA,2024-01-12,Consumer
2061,Mary,Ojo,mary.ojo2061@example.com,Lagos,Lagos,Nigeria,2023-08-05,Consumer
2062,Tosin,Johnson,tosin.johnson2062@example.com,Lagos,Lagos,Nigeria,2025-07-23,Corporate
2063,Blessing,Ojo,blessing.ojo2063@example.com,Lagos,Lagos,Nigeria,2025-01-07,Consumer
2064,Michael,Adeyemi,michael.adeyemi2064@example.com,Johannesburg,Gauteng,South Africa,2024-06-30,Consumer
2065,Emeka,Williams,emeka.williams2065@example.com,London,England,UK,2024-03-07,Consumer
2066,Peter,Williams,peter.williams2066@example.com,Benin City,Edo,Nigeria,2023-06-15,Consumer
2067,Esther,Okafor,esther.okafor2067@example.com,Ibadan,Oyo,Nigeria,2025-01-10,Corporate
2068,Ada,Bello,ada.bello2068@example.com,London,England,UK,2023-11-14,Consumer
2069,Sarah,Adeyemi,sarah.adeyemi2069@example.com,Toronto,Ontario,Canada,2025-06-16,Small Business
2070,Sarah,Mohammed,sarah.mohammed2070@example.com,Benin City,Edo,Nigeria,2023-05-24,Consumer
2071,Sarah,Williams,sarah.williams2071@example.com,London,England,UK,2025-09-16,Small Business
2072,Amaka,Clark,amaka.clark2072@example.com,Johannesburg,Gauteng,South Africa,2023-10-23,Consumer
2073,Tosin,Johnson,tosin.johnson2073@example.com,New York,New York,USA,2024-01-03,Consumer
2074,David,Musa,david.musa2074@example.com,Toronto,Ontario,Canada,2024-09-10,Consumer
2075,Joshua,Taylor,joshua.taylor2075@example.com,Nairobi,Nairobi,Kenya,2024-03-03,Consumer
2076,Emeka,Taylor,emeka.taylor2076@example.com,Abuja,FCT,Nigeria,2023-05-26,Corporate
2077,Fatima,Obi,fatima.obi2077@example.com,Abuja,FCT,Nigeria,2023-09-21,Small Business
2078,Amaka,Musa,amaka.musa2078@example.com,Nairobi,Nairobi,Kenya,2023-01-03,Consumer
2079,Esther,Bello,esther.bello2079@example.com,Abuja,FCT,Nigeria,2024-01-03,Consumer
2080,Grace,Wilson,grace.wilson2080@example.com,Benin City,Edo,Nigeria,2023-06-15,Small Business
2081,Ada,Adeyemi,ada.adeyemi2081@example.com,Benin City,Edo,Nigeria,2025-07-19,Consumer
2082,Blessing,Ojo,blessing.ojo2082@example.com,Kano,Kano,Nigeria,2025-05-29,Consumer
2083,Ada,Musa,ada.musa2083@example.com,Toronto,Ontario,Canada,2025-01-28,Consumer
2084,Sarah,Adeyemi,sarah.adeyemi2084@example.com,Johannesburg,Gauteng,South Africa,2023-12-25,Small Business
2085,Fatima,Eze,fatima.eze2085@example.com,Kano,Kano,Nigeria,2025-03-30,Consumer
2086,Aisha,Mohammed,aisha.mohammed2086@example.com,Ibadan,Oyo,Nigeria,2023-02-24,Small Business
2087,Emeka,Okafor,emeka.okafor2087@example.com,Ibadan,Oyo,Nigeria,2025-05-10,Consumer
2088,Esther,Nwosu,esther.nwosu2088@example.com,Toronto,Ontario,Canada,2024-11-26,Consumer
2089,Chinedu,Clark,chinedu.clark2089@example.com,Lagos,Lagos,Nigeria,2024-10-08,Consumer
2090,Fatima,Smith,fatima.smith2090@example.com,Toronto,Ontario,Canada,2023-12-15,Consumer
2091,Aisha,Obi,aisha.obi2091@example.com,Johannesburg,Gauteng,South Africa,2023-12-17,Consumer
2092,Oluwaseun,Mohammed,oluwaseun.mohammed2092@example.com,Lagos,Lagos,Nigeria,2023-02-05,Small Business
2093,Peter,Clark,peter.clark2093@example.com,Nairobi,Nairobi,Kenya,2024-04-25,Consumer
2094,Grace,Ibrahim,grace.ibrahim2094@example.com,Accra,Greater Accra,Ghana,2024-09-12,Corporate
2095,Esther,Mensah,esther.mensah2095@example.com,Lagos,Lagos,Nigeria,2024-03-14,Consumer
2096,Sarah,Mensah,sarah.mensah2096@example.com,Nairobi,Nairobi,Kenya,2023-05-31,Consumer
2097,Fatima,Musa,fatima.musa2097@example.com,Lagos,Lagos,Nigeria,2025-07-01,Consumer
2098,Emeka,Smith,emeka.smith2098@example.com,Johannesburg,Gauteng,South Africa,2024-05-08,Small Business
2099,Mary,Johnson,mary.johnson2099@example.com,Port Harcourt,Rivers,Nigeria,2024-10-20,Consumer
2100,Esther,Clark,esther.clark2100@example.com,Nairobi,Nairobi,Kenya,2024-07-03,Corporate
2101,Joshua,Johnson,joshua.johnson2101@example.com,Johannesburg,Gauteng,South Africa,2025-04-18,Consumer
2102,Amaka,Williams,amaka.williams2102@example.com,Nairobi,Nairobi,Kenya,2025-01-25,Corporate
2103,Emeka,Ibrahim,emeka.ibrahim2103@example.com,Accra,Greater Accra,Ghana,2025-09-15,Small Business
2104,Mary,Ibrahim,mary.ibrahim2104@example.com,Toronto,Ontario,Canada,2025-01-03,Small Business
2105,Chinedu,Adebayo,chinedu.adebayo2105@example.com,Accra,Greater Accra,Ghana,2024-01-16,Consumer
2106,Fatima,Musa,fatima.musa2106@example.com,New York,New York,USA,2024-08-11,Small Business
2107,Tosin,Adeyemi,tosin.adeyemi2107@example.com,Toronto,Ontario,Canada,2024-02-15,Consumer
2108,Oluwaseun,Taylor,oluwaseun.taylor2108@example.com,Ibadan,Oyo,Nigeria,2023-03-02,Small Business
2109,Fatima,Eze,fatima.eze2109@example.com,Toronto,Ontario,Canada,2024-05-28,Consumer
2110,Daniel,Johnson,daniel.johnson2110@example.com,Ibadan,Oyo,Nigeria,2023-12-02,Consumer
2111,Peter,Wilson,peter.wilson2111@example.com,London,England,UK,2024-10-31,Consumer
2112,Blessing,Thomas,blessing.thomas2112@example.com,New York,New York,USA,2023-09-06,Consumer
2113,Oluwaseun,Nwosu,oluwaseun.nwosu2113@example.com,Port Harcourt,Rivers,Nigeria,2024-05-28,Small Business
2114,Daniel,Bello,daniel.bello2114@example.com,Port Harcourt,Rivers,Nigeria,2023-08-29,Small Business
2115,Chinedu,Eze,chinedu.eze2115@example.com,Benin City,Edo,Nigeria,2023-05-08,Small Business
2116,Daniel,Mensah,daniel.mensah2116@example.com,Benin City,Edo,Nigeria,2024-10-11,Small Business
2117,Michael,Taylor,michael.taylor2117@example.com,Accra,Greater Accra,Ghana,2024-10-04,Consumer
2118,Michael,Musa,michael.musa2118@example.com,Port Harcourt,Rivers,Nigeria,2025-06-01,Consumer
2119,Tosin,Wilson,tosin.wilson2119@example.com,Nairobi,Nairobi,Kenya,2023-03-12,Small Business
2120,Emeka,Ojo,emeka.ojo2120@example.com,Ibadan,Oyo,Nigeria,2024-05-04,Small Business
2121,Ibrahim,Adeyemi,ibrahim.adeyemi2121@example.com,Abuja,FCT,Nigeria,2025-05-05,Small Business
2122,Michael,Eze,michael.eze2122@example.com,Accra,Greater Accra,Ghana,2024-10-18,Consumer
2123,Peter,Clark,peter.clark2123@example.com,Ibadan,Oyo,Nigeria,2024-05-22,Small Business
2124,Tosin,Clark,tosin.clark2124@example.com,Ibadan,Oyo,Nigeria,2024-12-05,Corporate
2125,Mary,Eze,mary.eze2125@example.com,Johannesburg,Gauteng,South Africa,2023-01-01,Consumer
2126,David,Williams,david.williams2126@example.com,Kano,Kano,Nigeria,2025-09-11,Consumer
2127,Amaka,Williams,amaka.williams2127@example.com,Port Harcourt,Rivers,Nigeria,2024-05-30,Corporate
2128,Tosin,Musa,tosin.musa2128@example.com,Abuja,FCT,Nigeria,2024-03-18,Consumer
2129,Joshua,Thomas,joshua.thomas2129@example.com,Port Harcourt,Rivers,Nigeria,2025-01-31,Consumer
2130,Blessing,Johnson,blessing.johnson2130@example.com,Lagos,Lagos,Nigeria,2025-03-04,Consumer
2131,Fatima,Johnson,fatima.johnson2131@example.com,Johannesburg,Gauteng,South Africa,2025-04-26,Consumer
2132,Michael,Thomas,michael.thomas2132@example.com,Johannesburg,Gauteng,South Africa,2023-09-22,Small Business
2133,Fatima,Nwosu,fatima.nwosu2133@example.com,Port Harcourt,Rivers,Nigeria,2024-07-13,Consumer
2134,Samuel,Taylor,samuel.taylor2134@example.com,Port Harcourt,Rivers,Nigeria,2025-01-27,Small Business
2135,Joshua,Wilson,joshua.wilson2135@example.com,Benin City,Edo,Nigeria,2024-02-14,Consumer
2136,Chinedu,Wilson,chinedu.wilson2136@example.com,New York,New York,USA,2024-09-28,Small Business
2137,Aisha,Wilson,aisha.wilson2137@example.com,Toronto,Ontario,Canada,2025-09-12,Corporate
2138,Ibrahim,Brown,ibrahim.brown2138@example.com,Toronto,Ontario,Canada,2025-04-15,Corporate
2139,Michael,Mohammed,michael.mohammed2139@example.com,London,England,UK,2023-08-16,Small Business
2140,Peter,Bello,peter.bello2140@example.com,New York,New York,USA,2024-06-11,Small Business
2141,Michael,Thomas,michael.thomas2141@example.com,Benin City,Edo,Nigeria,2025-04-15,Consumer
2142,Amaka,Musa,amaka.musa2142@example.com,Johannesburg,Gauteng,South Africa,2024-02-07,Consumer
2143,Joshua,Ojo,joshua.ojo2143@example.com,Accra,Greater Accra,Ghana,2024-01-08,Small Business
2144,Amaka,Musa,amaka.musa2144@example.com,Port Harcourt,Rivers,Nigeria,2025-03-03,Consumer
2145,Sarah,Williams,sarah.williams2145@example.com,Ibadan,Oyo,Nigeria,2023-12-20,Small Business
2146,Daniel,Mensah,daniel.mensah2146@example.com,Kano,Kano,Nigeria,2024-03-21,Consumer
2147,Tosin,Williams,tosin.williams2147@example.com,London,England,UK,2023-04-03,Consumer
2148,Michael,Nwosu,michael.nwosu2148@example.com,New York,New York,USA,2024-09-28,Small Business
2149,Mary,Taylor,mary.taylor2149@example.com,Benin City,Edo,Nigeria,2023-11-14,Corporate
2150,Samuel,Clark,samuel.clark2150@example.com,London,England,UK,2023-07-06,Consumer
2151,Grace,Brown,grace.brown2151@example.com,Toronto,Ontario,Canada,2024-07-13,Consumer
2152,Mary,Wilson,mary.wilson2152@example.com,Ibadan,Oyo,Nigeria,2025-04-21,Small Business
2153,Samuel,Adebayo,samuel.adebayo2153@example.com,Toronto,Ontario,Canada,2023-06-30,Consumer
2154,Ada,Musa,ada.musa2154@example.com,Lagos,Lagos,Nigeria,2023-06-24,Consumer
2155,Mary,Adeyemi,mary.adeyemi2155@example.com,Toronto,Ontario,Canada,2025-04-12,Small Business
2156,Peter,Brown,peter.brown2156@example.com,Ibadan,Oyo,Nigeria,2025-04-02,Small Business
2157,Samuel,Okafor,samuel.okafor2157@example.com,Nairobi,Nairobi,Kenya,2025-09-19,Small Business
2158,Esther,Adebayo,esther.adebayo2158@example.com,Ibadan,Oyo,Nigeria,2023-04-03,Corporate
2159,Emeka,Okafor,emeka.okafor2159@example.com,Nairobi,Nairobi,Kenya,2024-08-05,Consumer
2160,Michael,Mensah,michael.mensah2160@example.com,Lagos,Lagos,Nigeria,2023-11-02,Consumer
2161,Ada,Nwosu,ada.nwosu2161@example.com,Nairobi,Nairobi,Kenya,2024-12-28,Consumer
2162,Joshua,Adebayo,joshua.adebayo2162@example.com,Benin City,Edo,Nigeria,2025-06-09,Consumer
2163,Peter,Ibrahim,peter.ibrahim2163@example.com,New York,New York,USA,2025-01-10,Small Business
2164,Ada,Okafor,ada.okafor2164@example.com,London,England,UK,2023-02-03,Corporate
2165,Oluwaseun,Obi,oluwaseun.obi2165@example.com,Nairobi,Nairobi,Kenya,2023-03-21,Consumer
2166,Emeka,Thomas,emeka.thomas2166@example.com,Port Harcourt,Rivers,Nigeria,2023-10-09,Consumer
2167,Esther,Eze,esther.eze2167@example.com,Kano,Kano,Nigeria,2023-10-25,Corporate
2168,Daniel,Obi,daniel.obi2168@example.com,Ibadan,Oyo,Nigeria,2023-09-28,Consumer
2169,Chinedu,Taylor,chinedu.taylor2169@example.com,Toronto,Ontario,Canada,2023-09-08,Small Business
2170,Samuel,Wilson,samuel.wilson2170@example.com,Nairobi,Nairobi,Kenya,2023-05-29,Consumer
2171,Tosin,Williams,tosin.williams2171@example.com,Benin City,Edo,Nigeria,2025-02-24,Consumer
2172,Peter,Ojo,peter.ojo2172@example.com,Nairobi,Nairobi,Kenya,2025-03-02,Small Business
2173,Esther,Ibrahim,esther.ibrahim2173@example.com,Ibadan,Oyo,Nigeria,2023-10-20,Small Business
2174,Chinedu,Adeyemi,chinedu.adeyemi2174@example.com,Port Harcourt,Rivers,Nigeria,2025-09-09,Corporate
2175,Peter,Wilson,peter.wilson2175@example.com,Port Harcourt,Rivers,Nigeria,2025-07-17,Corporate
2176,Joshua,Brown,joshua.brown2176@example.com,Lagos,Lagos,Nigeria,2025-07-24,Consumer
2177,David,Eze,david.eze2177@example.com,Johannesburg,Gauteng,South Africa,2023-07-30,Consumer
2178,Amaka,Eze,amaka.eze2178@example.com,Port Harcourt,Rivers,Nigeria,2023-12-23,Consumer
2179,Amaka,Wilson,amaka.wilson2179@example.com,Benin City,Edo,Nigeria,2024-09-25,Consumer
2180,Amaka,Taylor,amaka.taylor2180@example.com,London,England,UK,2025-05-17,Small Business
2181,Mary,Thomas,mary.thomas2181@example.com,London,England,UK,2025-01-18,Consumer
2182,Sarah,Musa,sarah.musa2182@example.com,Accra,Greater Accra,Ghana,2024-10-17,Small Business
2183,Samuel,Ojo,samuel.ojo2183@example.com,Ibadan,Oyo,Nigeria,2023-05-19,Consumer
2184,Michael,Smith,michael.smith2184@example.com,Johannesburg,Gauteng,South Africa,2023-09-12,Consumer
2185,Oluwaseun,Ojo,oluwaseun.ojo2185@example.com,Port Harcourt,Rivers,Nigeria,2023-04-02,Consumer
2186,Tosin,Eze,tosin.eze2186@example.com,New York,New York,USA,2025-05-16,Corporate
2187,Daniel,Ojo,daniel.ojo2187@example.com,London,England,UK,2025-03-23,Small Business
2188,Fatima,Clark,fatima.clark2188@example.com,Kano,Kano,Nigeria,2025-08-29,Consumer
2189,Samuel,Mohammed,samuel.mohammed2189@example.com,Ibadan,Oyo,Nigeria,2024-12-20,Consumer
2190,Chinedu,Taylor,chinedu.taylor2190@example.com,Toronto,Ontario,Canada,2024-08-16,Small Business
2191,Peter,Adeyemi,peter.adeyemi2191@example.com,New York,New York,USA,2023-09-09,Consumer
2192,Emeka,Wilson,emeka.wilson2192@example.com,Accra,Greater Accra,Ghana,2024-04-17,Small Business
2193,David,Musa,david.musa2193@example.com,Kano,Kano,Nigeria,2023-04-04,Consumer
2194,Joshua,Eze,joshua.eze2194@example.com,Kano,Kano,Nigeria,2025-05-17,Corporate
2195,Esther,Mensah,esther.mensah2195@example.com,Kano,Kano,Nigeria,2024-02-02,Consumer
2196,Michael,Ojo,michael.ojo2196@example.com,Port Harcourt,Rivers,Nigeria,2024-08-06,Consumer
2197,Ada,Ojo,ada.ojo2197@example.com,Kano,Kano,Nigeria,2023-02-26,Consumer
2198,Joshua,Eze,joshua.eze2198@example.com,Toronto,Ontario,Canada,2024-04-08,Consumer
2199,Aisha,Nwosu,aisha.nwosu2199@example.com,Benin City,Edo,Nigeria,2023-04-18,Corporate
2200,Daniel,Eze,daniel.eze2200@example.com,Kano,Kano,Nigeria,2024-02-02,Corporate
2201,Oluwaseun,Musa,oluwaseun.musa2201@example.com,New York,New York,USA,2023-09-13,Small Business
2202,Samuel,Mohammed,samuel.mohammed2202@example.com,Toronto,Ontario,Canada,2024-07-06,Consumer
2203,Samuel,Nwosu,samuel.nwosu2203@example.com,Port Harcourt,Rivers,Nigeria,2024-08-14,Consumer
2204,Grace,Johnson,grace.johnson2204@example.com,Johannesburg,Gauteng,South Africa,2023-06-15,Corporate
2205,Ada,Bello,ada.bello2205@example.com,Accra,Greater Accra,Ghana,2024-12-26,Consumer
2206,Oluwaseun,Clark,oluwaseun.clark2206@example.com,Abuja,FCT,Nigeria,2023-04-09,Consumer
2207,Daniel,Taylor,daniel.taylor2207@example.com,Toronto,Ontario,Canada,2025-03-05,Consumer
2208,Amaka,Brown,amaka.brown2208@example.com,Ibadan,Oyo,Nigeria,2024-06-13,Consumer
2209,Mary,Eze,mary.eze2209@example.com,Lagos,Lagos,Nigeria,2025-01-03,Consumer
2210,Emeka,Smith,emeka.smith2210@example.com,London,England,UK,2023-12-30,Consumer
2211,Amaka,Smith,amaka.smith2211@example.com,Benin City,Edo,Nigeria,2023-10-07,Corporate
2212,Grace,Mohammed,grace.mohammed2212@example.com,London,England,UK,2023-04-22,Small Business
2213,Samuel,Brown,samuel.brown2213@example.com,Toronto,Ontario,Canada,2023-08-09,Small Business
2214,Tosin,Taylor,tosin.taylor2214@example.com,Accra,Greater Accra,Ghana,2024-07-10,Small Business
2215,Ibrahim,Obi,ibrahim.obi2215@example.com,Port Harcourt,Rivers,Nigeria,2024-10-07,Consumer
2216,Peter,Eze,peter.eze2216@example.com,Benin City,Edo,Nigeria,2024-11-29,Consumer
2217,Mary,Eze,mary.eze2217@example.com,Ibadan,Oyo,Nigeria,2024-12-27,Small Business
2218,Oluwaseun,Brown,oluwaseun.brown2218@example.com,Toronto,Ontario,Canada,2023-07-27,Small Business
2219,Tosin,Wilson,tosin.wilson2219@example.com,Johannesburg,Gauteng,South Africa,2024-08-30,Corporate
2220,Samuel,Williams,samuel.williams2220@example.com,Nairobi,Nairobi,Kenya,2023-02-20,Small Business
2221,Sarah,Nwosu,sarah.nwosu2221@example.com,Lagos,Lagos,Nigeria,2023-07-24,Consumer
2222,Blessing,Brown,blessing.brown2222@example.com,London,England,UK,2025-07-24,Consumer
2223,Ibrahim,Smith,ibrahim.smith2223@example.com,Ibadan,Oyo,Nigeria,2023-08-16,Consumer
2224,Oluwaseun,Clark,oluwaseun.clark2224@example.com,Toronto,Ontario,Canada,2025-01-26,Consumer
2225,Michael,Eze,michael.eze2225@example.com,Lagos,Lagos,Nigeria,2025-07-30,Corporate
2226,Joshua,Bello,joshua.bello2226@example.com,Lagos,Lagos,Nigeria,2024-08-14,Consumer
2227,Esther,Thomas,esther.thomas2227@example.com,Ibadan,Oyo,Nigeria,2024-07-20,Corporate
2228,Esther,Adeyemi,esther.adeyemi2228@example.com,Nairobi,Nairobi,Kenya,2024-08-31,Consumer
2229,Sarah,Brown,sarah.brown2229@example.com,Lagos,Lagos,Nigeria,2024-11-24,Small Business
2230,Amaka,Clark,amaka.clark2230@example.com,Ibadan,Oyo,Nigeria,2024-01-25,Consumer
2231,Emeka,Ojo,emeka.ojo2231@example.com,Johannesburg,Gauteng,South Africa,2024-02-08,Consumer
2232,David,Okafor,david.okafor2232@example.com,New York,New York,USA,2025-09-25,Corporate
2233,Sarah,Smith,sarah.smith2233@example.com,Johannesburg,Gauteng,South Africa,2024-06-04,Consumer
2234,Grace,Smith,grace.smith2234@example.com,Toronto,Ontario,Canada,2023-06-21,Consumer
2235,David,Ibrahim,david.ibrahim2235@example.com,London,England,UK,2024-04-06,Corporate
2236,Grace,Wilson,grace.wilson2236@example.com,Nairobi,Nairobi,Kenya,2025-09-03,Consumer
2237,Aisha,Wilson,aisha.wilson2237@example.com,Abuja,FCT,Nigeria,2023-03-09,Consumer
2238,Aisha,Obi,aisha.obi2238@example.com,Lagos,Lagos,Nigeria,2023-09-16,Consumer
2239,Esther,Nwosu,esther.nwosu2239@example.com,New York,New York,USA,2023-09-03,Consumer
2240,Samuel,Thomas,samuel.thomas2240@example.com,Kano,Kano,Nigeria,2024-07-25,Corporate
2241,Ada,Mohammed,ada.mohammed2241@example.com,Abuja,FCT,Nigeria,2024-10-12,Small Business
2242,Michael,Obi,michael.obi2242@example.com,Kano,Kano,Nigeria,2023-08-24,Consumer
2243,Peter,Adeyemi,peter.adeyemi2243@example.com,Port Harcourt,Rivers,Nigeria,2024-06-10,Small Business
2244,Mary,Eze,mary.eze2244@example.com,Accra,Greater Accra,Ghana,2024-04-13,Small Business
2245,Amaka,Taylor,amaka.taylor2245@example.com,Nairobi,Nairobi,Kenya,2025-08-26,Consumer
2246,David,Obi,david.obi2246@example.com,Kano,Kano,Nigeria,2025-07-19,Consumer
2247,Fatima,Ibrahim,fatima.ibrahim2247@example.com,London,England,UK,2024-07-07,Consumer
2248,Ibrahim,Williams,ibrahim.williams2248@example.com,Kano,Kano,Nigeria,2024-08-18,Small Business
2249,Aisha,Wilson,aisha.wilson2249@example.com,Kano,Kano,Nigeria,2024-04-30,Small Business
2250,Blessing,Brown,blessing.brown2250@example.com,Accra,Greater Accra,Ghana,2025-03-14,Consumer
2251,Oluwaseun,Clark,oluwaseun.clark2251@example.com,Accra,Greater Accra,Ghana,2024-01-31,Consumer
2252,Joshua,Clark,joshua.clark2252@example.com,Toronto,Ontario,Canada,2024-01-17,Consumer
2253,Esther,Bello,esther.bello2253@example.com,New York,New York,USA,2024-04-08,Consumer
2254,Grace,Musa,grace.musa2254@example.com,Kano,Kano,Nigeria,2023-02-21,Corporate
2255,Oluwaseun,Adebayo,oluwaseun.adebayo2255@example.com,Toronto,Ontario,Canada,2024-10-08,Consumer
2256,Grace,Ibrahim,grace.ibrahim2256@example.com,Kano,Kano,Nigeria,2025-08-28,Consumer
2257,Joshua,Musa,joshua.musa2257@example.com,Benin City,Edo,Nigeria,2025-09-16,Consumer
2258,Daniel,Bello,daniel.bello2258@example.com,Ibadan,Oyo,Nigeria,2023-08-30,Consumer
2259,Blessing,Ojo,blessing.ojo2259@example.com,Johannesburg,Gauteng,South Africa,2024-03-28,Consumer
2260,Peter,Mohammed,peter.mohammed2260@example.com,Ibadan,Oyo,Nigeria,2023-11-25,Consumer
2261,Ada,Thomas,ada.thomas2261@example.com,Accra,Greater Accra,Ghana,2024-02-11,Small Business
2262,Fatima,Ibrahim,fatima.ibrahim2262@example.com,Ibadan,Oyo,Nigeria,2024-12-23,Consumer
2263,Samuel,Williams,samuel.williams2263@example.com,Nairobi,Nairobi,Kenya,2024-11-01,Small Business
2264,Sarah,Adebayo,sarah.adebayo2264@example.com,Kano,Kano,Nigeria,2023-07-12,Consumer
2265,Aisha,Adeyemi,aisha.adeyemi2265@example.com,New York,New York,USA,2024-11-23,Small Business
2266,Michael,Brown,michael.brown2266@example.com,Johannesburg,Gauteng,South Africa,2023-08-05,Consumer
2267,Esther,Musa,esther.musa2267@example.com,Nairobi,Nairobi,Kenya,2023-11-26,Corporate
2268,Esther,Okafor,esther.okafor2268@example.com,Abuja,FCT,Nigeria,2023-11-10,Corporate
2269,Ibrahim,Brown,ibrahim.brown2269@example.com,Benin City,Edo,Nigeria,2024-10-13,Small Business
2270,Esther,Bello,esther.bello2270@example.com,Kano,Kano,Nigeria,2023-09-10,Corporate
2271,Blessing,Adeyemi,blessing.adeyemi2271@example.com,Ibadan,Oyo,Nigeria,2024-10-19,Consumer
2272,Daniel,Obi,daniel.obi2272@example.com,Nairobi,Nairobi,Kenya,2023-10-02,Consumer
2273,Michael,Okafor,michael.okafor2273@example.com,Benin City,Edo,Nigeria,2023-05-08,Corporate
2274,Chinedu,Adebayo,chinedu.adebayo2274@example.com,Ibadan,Oyo,Nigeria,2025-04-30,Consumer
2275,Esther,Adebayo,esther.adebayo2275@example.com,New York,New York,USA,2025-02-01,Consumer
2276,Tosin,Williams,tosin.williams2276@example.com,London,England,UK,2024-03-16,Consumer
2277,Tosin,Nwosu,tosin.nwosu2277@example.com,Accra,Greater Accra,Ghana,2023-01-01,Small Business
2278,Emeka,Adebayo,emeka.adebayo2278@example.com,Johannesburg,Gauteng,South Africa,2025-06-01,Corporate
2279,Emeka,Bello,emeka.bello2279@example.com,Abuja,FCT,Nigeria,2023-06-11,Consumer
2280,Grace,Wilson,grace.wilson2280@example.com,Accra,Greater Accra,Ghana,2024-04-18,Consumer
2281,Sarah,Johnson,sarah.johnson2281@example.com,Ibadan,Oyo,Nigeria,2024-04-11,Consumer
2282,Oluwaseun,Mohammed,oluwaseun.mohammed2282@example.com,Nairobi,Nairobi,Kenya,2025-08-31,Consumer
2283,Samuel,Clark,samuel.clark2283@example.com,Accra,Greater Accra,Ghana,2024-06-18,Consumer
2284,Mary,Taylor,mary.taylor2284@example.com,Port Harcourt,Rivers,Nigeria,2023-11-07,Consumer
2285,Amaka,Nwosu,amaka.nwosu2285@example.com,New York,New York,USA,2024-06-14,Small Business
2286,Mary,Ibrahim,mary.ibrahim2286@example.com,Accra,Greater Accra,Ghana,2023-01-20,Corporate
2287,Blessing,Adebayo,blessing.adebayo2287@example.com,Lagos,Lagos,Nigeria,2025-08-07,Small Business
2288,Mary,Williams,mary.williams2288@example.com,Benin City,Edo,Nigeria,2025-09-08,Consumer
2289,Amaka,Johnson,amaka.johnson2289@example.com,Lagos,Lagos,Nigeria,2023-10-27,Consumer
2290,Aisha,Eze,aisha.eze2290@example.com,Abuja,FCT,Nigeria,2023-06-05,Consumer
2291,Ada,Adeyemi,ada.adeyemi2291@example.com,Accra,Greater Accra,Ghana,2025-01-17,Corporate
2292,Emeka,Adeyemi,emeka.adeyemi2292@example.com,Lagos,Lagos,Nigeria,2023-12-14,Consumer
2293,Samuel,Okafor,samuel.okafor2293@example.com,Benin City,Edo,Nigeria,2023-04-18,Consumer
2294,Esther,Adebayo,esther.adebayo2294@example.com,Nairobi,Nairobi,Kenya,2024-09-04,Small Business
2295,Daniel,Nwosu,daniel.nwosu2295@example.com,Kano,Kano,Nigeria,2025-01-08,Corporate
2296,David,Obi,david.obi2296@example.com,Lagos,Lagos,Nigeria,2023-02-13,Small Business
2297,Tosin,Nwosu,tosin.nwosu2297@example.com,London,England,UK,2023-10-19,Consumer
2298,Daniel,Eze,daniel.eze2298@example.com,Lagos,Lagos,Nigeria,2023-10-13,Small Business
2299,Emeka,Mohammed,emeka.mohammed2299@example.com,London,England,UK,2025-08-02,Consumer
2300,Blessing,Smith,blessing.smith2300@example.com,Toronto,Ontario,Canada,2023-07-19,Small Business
2301,David,Wilson,david.wilson2301@example.com,Nairobi,Nairobi,Kenya,2025-04-20,Corporate
2302,Daniel,Adebayo,daniel.adebayo2302@example.com,Nairobi,Nairobi,Kenya,2023-01-13,Consumer
2303,Chinedu,Bello,chinedu.bello2303@example.com,Abuja,FCT,Nigeria,2024-07-26,Consumer
2304,Oluwaseun,Williams,oluwaseun.williams2304@example.com,Ibadan,Oyo,Nigeria,2023-11-21,Consumer
2305,Esther,Mohammed,esther.mohammed2305@example.com,Abuja,FCT,Nigeria,2023-06-21,Consumer
2306,Ada,Bello,ada.bello2306@example.com,Johannesburg,Gauteng,South Africa,2024-04-19,Consumer
2307,Chinedu,Williams,chinedu.williams2307@example.com,Benin City,Edo,Nigeria,2024-09-23,Small Business
2308,Joshua,Obi,joshua.obi2308@example.com,Kano,Kano,Nigeria,2023-06-07,Consumer
2309,Oluwaseun,Adebayo,oluwaseun.adebayo2309@example.com,Benin City,Edo,Nigeria,2024-02-09,Small Business
2310,Sarah,Bello,sarah.bello2310@example.com,London,England,UK,2025-07-01,Corporate
2311,Amaka,Eze,amaka.eze2311@example.com,Accra,Greater Accra,Ghana,2023-01-06,Consumer
2312,Tosin,Musa,tosin.musa2312@example.com,Nairobi,Nairobi,Kenya,2023-09-27,Consumer
2313,Michael,Wilson,michael.wilson2313@example.com,Port Harcourt,Rivers,Nigeria,2024-06-21,Consumer
2314,Mary,Clark,mary.clark2314@example.com,Nairobi,Nairobi,Kenya,2025-03-01,Consumer
2315,Chinedu,Adeyemi,chinedu.adeyemi2315@example.com,New York,New York,USA,2023-09-18,Corporate
2316,Samuel,Wilson,samuel.wilson2316@example.com,Port Harcourt,Rivers,Nigeria,2024-09-15,Consumer
2317,Oluwaseun,Clark,oluwaseun.clark2317@example.com,Abuja,FCT,Nigeria,2024-05-27,Consumer
2318,Mary,Eze,mary.eze2318@example.com,Nairobi,Nairobi,Kenya,2025-02-12,Consumer
2319,Peter,Bello,peter.bello2319@example.com,Nairobi,Nairobi,Kenya,2023-03-29,Consumer
2320,Ibrahim,Ibrahim,ibrahim.ibrahim2320@example.com,London,England,UK,2025-03-18,Consumer
2321,Joshua,Smith,joshua.smith2321@example.com,Accra,Greater Accra,Ghana,2024-08-14,Consumer
2322,Ibrahim,Bello,ibrahim.bello2322@example.com,Johannesburg,Gauteng,South Africa,2023-10-16,Consumer
2323,Oluwaseun,Clark,oluwaseun.clark2323@example.com,Port Harcourt,Rivers,Nigeria,2023-01-07,Consumer
2324,Chinedu,Obi,chinedu.obi2324@example.com,Nairobi,Nairobi,Kenya,2024-12-26,Consumer
2325,David,Mensah,david.mensah2325@example.com,New York,New York,USA,2025-04-27,Small Business
2326,Sarah,Mensah,sarah.mensah2326@example.com,Nairobi,Nairobi,Kenya,2024-04-25,Consumer
2327,Mary,Eze,mary.eze2327@example.com,Nairobi,Nairobi,Kenya,2023-01-27,Consumer
2328,Peter,Smith,peter.smith2328@example.com,Accra,Greater Accra,Ghana,2025-08-17,Consumer
2329,David,Thomas,david.thomas2329@example.com,London,England,UK,2024-09-19,Consumer
2330,Grace,Johnson,grace.johnson2330@example.com,Port Harcourt,Rivers,Nigeria,2024-02-06,Consumer
2331,Michael,Ojo,michael.ojo2331@example.com,London,England,UK,2023-02-01,Consumer
2332,Tosin,Thomas,tosin.thomas2332@example.com,Benin City,Edo,Nigeria,2023-01-13,Consumer
2333,Fatima,Eze,fatima.eze2333@example.com,Nairobi,Nairobi,Kenya,2023-04-29,Consumer
2334,Ibrahim,Musa,ibrahim.musa2334@example.com,Accra,Greater Accra,Ghana,2025-02-01,Small Business
2335,David,Bello,david.bello2335@example.com,Benin City,Edo,Nigeria,2024-05-22,Consumer
2336,Ibrahim,Brown,ibrahim.brown2336@example.com,Ibadan,Oyo,Nigeria,2023-01-28,Small Business
2337,Peter,Adeyemi,peter.adeyemi2337@example.com,Johannesburg,Gauteng,South Africa,2024-11-17,Consumer
2338,Amaka,Adebayo,amaka.adebayo2338@example.com,New York,New York,USA,2024-07-24,Consumer
2339,Esther,Taylor,esther.taylor2339@example.com,Lagos,Lagos,Nigeria,2024-09-12,Consumer
2340,Aisha,Okafor,aisha.okafor2340@example.com,Johannesburg,Gauteng,South Africa,2025-08-11,Consumer
2341,Samuel,Eze,samuel.eze2341@example.com,London,England,UK,2024-02-03,Consumer
2342,Grace,Johnson,grace.johnson2342@example.com,Toronto,Ontario,Canada,2024-08-29,Small Business
2343,Emeka,Obi,emeka.obi2343@example.com,Port Harcourt,Rivers,Nigeria,2024-06-04,Consumer
2344,David,Bello,david.bello2344@example.com,Lagos,Lagos,Nigeria,2024-08-21,Consumer
2345,Emeka,Johnson,emeka.johnson2345@example.com,Toronto,Ontario,Canada,2025-06-18,Small Business
2346,Mary,Nwosu,mary.nwosu2346@example.com,Toronto,Ontario,Canada,2023-03-19,Small Business
2347,David,Eze,david.eze2347@example.com,London,England,UK,2025-09-24,Corporate
2348,Daniel,Brown,daniel.brown2348@example.com,Nairobi,Nairobi,Kenya,2023-09-27,Small Business
2349,David,Thomas,david.thomas2349@example.com,London,England,UK,2024-07-26,Small Business
2350,Ada,Smith,ada.smith2350@example.com,Ibadan,Oyo,Nigeria,2025-07-28,Consumer
2351,Tosin,Nwosu,tosin.nwosu2351@example.com,London,England,UK,2023-06-15,Small Business
2352,Ibrahim,Mensah,ibrahim.mensah2352@example.com,London,England,UK,2025-03-01,Consumer
2353,Blessing,Eze,blessing.eze2353@example.com,Port Harcourt,Rivers,Nigeria,2023-04-13,Consumer
2354,Samuel,Ojo,samuel.ojo2354@example.com,Port Harcourt,Rivers,Nigeria,2023-02-09,Consumer
2355,David,Brown,david.brown2355@example.com,Lagos,Lagos,Nigeria,2024-06-29,Small Business
2356,Grace,Adeyemi,grace.adeyemi2356@example.com,Benin City,Edo,Nigeria,2023-12-09,Consumer
2357,Mary,Ibrahim,mary.ibrahim2357@example.com,Johannesburg,Gauteng,South Africa,2024-05-20,Consumer
2358,Joshua,Johnson,joshua.johnson2358@example.com,Accra,Greater Accra,Ghana,2023-06-15,Consumer
2359,Grace,Johnson,grace.johnson2359@example.com,New York,New York,USA,2024-08-20,Small Business
2360,Peter,Taylor,peter.taylor2360@example.com,Accra,Greater Accra,Ghana,2024-05-16,Consumer
2361,Fatima,Adebayo,fatima.adebayo2361@example.com,New York,New York,USA,2025-08-06,Consumer
2362,Ada,Musa,ada.musa2362@example.com,Accra,Greater Accra,Ghana,2024-05-10,Consumer
2363,Blessing,Thomas,blessing.thomas2363@example.com,Port Harcourt,Rivers,Nigeria,2025-01-02,Consumer
2364,Oluwaseun,Okafor,oluwaseun.okafor2364@example.com,London,England,UK,2024-05-06,Consumer
2365,Sarah,Obi,sarah.obi2365@example.com,Nairobi,Nairobi,Kenya,2024-02-16,Consumer
2366,Fatima,Nwosu,fatima.nwosu2366@example.com,New York,New York,USA,2023-01-11,Consumer
2367,Emeka,Bello,emeka.bello2367@example.com,Ibadan,Oyo,Nigeria,2024-11-14,Small Business
2368,Ada,Adeyemi,ada.adeyemi2368@example.com,Lagos,Lagos,Nigeria,2025-07-13,Consumer
2369,Grace,Nwosu,grace.nwosu2369@example.com,Johannesburg,Gauteng,South Africa,2025-08-06,Consumer
2370,Ada,Brown,ada.brown2370@example.com,Port Harcourt,Rivers,Nigeria,2023-02-27,Consumer
2371,Peter,Clark,peter.clark2371@example.com,Johannesburg,Gauteng,South Africa,2023-03-02,Small Business
2372,Esther,Johnson,esther.johnson2372@example.com,Benin City,Edo,Nigeria,2023-01-17,Consumer
2373,Oluwaseun,Musa,oluwaseun.musa2373@example.com,Toronto,Ontario,Canada,2023-03-10,Consumer
2374,Samuel,Bello,samuel.bello2374@example.com,Lagos,Lagos,Nigeria,2024-07-22,Small Business
2375,Aisha,Smith,aisha.smith2375@example.com,Toronto,Ontario,Canada,2024-03-29,Consumer
2376,Aisha,Bello,aisha.bello2376@example.com,Ibadan,Oyo,Nigeria,2024-02-11,Small Business
2377,Mary,Mohammed,mary.mohammed2377@example.com,Johannesburg,Gauteng,South Africa,2023-03-28,Consumer
2378,Mary,Taylor,mary.taylor2378@example.com,Toronto,Ontario,Canada,2023-02-26,Consumer
2379,Samuel,Obi,samuel.obi2379@example.com,Accra,Greater Accra,Ghana,2023-06-27,Consumer
2380,Mary,Musa,mary.musa2380@example.com,Port Harcourt,Rivers,Nigeria,2023-04-16,Small Business
2381,Joshua,Thomas,joshua.thomas2381@example.com,Benin City,Edo,Nigeria,2025-06-27,Small Business
2382,Aisha,Brown,aisha.brown2382@example.com,Kano,Kano,Nigeria,2025-02-28,Consumer
2383,Joshua,Eze,joshua.eze2383@example.com,London,England,UK,2025-08-20,Consumer
2384,Grace,Johnson,grace.johnson2384@example.com,Nairobi,Nairobi,Kenya,2023-05-18,Consumer
2385,Blessing,Ojo,blessing.ojo2385@example.com,Benin City,Edo,Nigeria,2024-04-06,Corporate
2386,Esther,Thomas,esther.thomas2386@example.com,Kano,Kano,Nigeria,2025-07-02,Corporate
2387,Ibrahim,Adeyemi,ibrahim.adeyemi2387@example.com,Accra,Greater Accra,Ghana,2025-06-29,Small Business
2388,Joshua,Nwosu,joshua.nwosu2388@example.com,Nairobi,Nairobi,Kenya,2024-05-01,Small Business
2389,Sarah,Eze,sarah.eze2389@example.com,Toronto,Ontario,Canada,2025-02-15,Small Business
2390,Ada,Ibrahim,ada.ibrahim2390@example.com,Toronto,Ontario,Canada,2025-05-03,Small Business
2391,Amaka,Johnson,amaka.johnson2391@example.com,Johannesburg,Gauteng,South Africa,2023-05-31,Consumer
2392,Aisha,Smith,aisha.smith2392@example.com,Accra,Greater Accra,Ghana,2023-12-24,Consumer
2393,Peter,Adeyemi,peter.adeyemi2393@example.com,Lagos,Lagos,Nigeria,2023-10-30,Consumer
2394,Tosin,Smith,tosin.smith2394@example.com,Benin City,Edo,Nigeria,2023-01-05,Small Business
2395,Mary,Ojo,mary.ojo2395@example.com,Kano,Kano,Nigeria,2025-04-01,Consumer
2396,David,Clark,david.clark2396@example.com,Kano,Kano,Nigeria,2025-09-11,Consumer
2397,Grace,Johnson,grace.johnson2397@example.com,Nairobi,Nairobi,Kenya,2024-08-04,Small Business
2398,Chinedu,Obi,chinedu.obi2398@example.com,New York,New York,USA,2024-10-24,Consumer
2399,Daniel,Thomas,daniel.thomas2399@example.com,Lagos,Lagos,Nigeria,2023-11-22,Consumer
2400,Sarah,Ojo,sarah.ojo2400@example.com,Johannesburg,Gauteng,South Africa,2024-09-06,Consumer
2401,Joshua,Okafor,joshua.okafor2401@example.com,Toronto,Ontario,Canada,2025-03-26,Consumer
2402,Emeka,Mohammed,emeka.mohammed2402@example.com,Toronto,Ontario,Canada,2024-10-09,Consumer
2403,Esther,Johnson,esther.johnson2403@example.com,Lagos,Lagos,Nigeria,2024-11-09,Corporate
2404,Aisha,Mensah,aisha.mensah2404@example.com,Toronto,Ontario,Canada,2023-05-18,Consumer
2405,Oluwaseun,Thomas,oluwaseun.thomas2405@example.com,Lagos,Lagos,Nigeria,2023-03-09,Small Business
2406,Ibrahim,Wilson,ibrahim.wilson2406@example.com,New York,New York,USA,2023-06-23,Consumer
2407,Blessing,Ojo,blessing.ojo2407@example.com,Toronto,Ontario,Canada,2024-02-06,Corporate
2408,Michael,Taylor,michael.taylor2408@example.com,Kano,Kano,Nigeria,2025-08-27,Consumer
2409,Samuel,Adeyemi,samuel.adeyemi2409@example.com,Nairobi,Nairobi,Kenya,2024-08-29,Consumer
2410,Tosin,Johnson,tosin.johnson2410@example.com,Abuja,FCT,Nigeria,2025-09-25,Consumer
2411,Emeka,Johnson,emeka.johnson2411@example.com,New York,New York,USA,2025-02-26,Consumer
2412,Sarah,Eze,sarah.eze2412@example.com,Toronto,Ontario,Canada,2024-09-28,Corporate
2413,Tosin,Thomas,tosin.thomas2413@example.com,Johannesburg,Gauteng,South Africa,2025-03-15,Consumer
2414,Samuel,Ojo,samuel.ojo2414@example.com,Ibadan,Oyo,Nigeria,2023-07-25,Consumer
2415,Chinedu,Taylor,chinedu.taylor2415@example.com,Lagos,Lagos,Nigeria,2024-01-14,Consumer
2416,Aisha,Smith,aisha.smith2416@example.com,Kano,Kano,Nigeria,2024-04-28,Consumer
2417,Tosin,Adebayo,tosin.adebayo2417@example.com,Lagos,Lagos,Nigeria,2023-08-17,Consumer
2418,Tosin,Clark,tosin.clark2418@example.com,Ibadan,Oyo,Nigeria,2024-03-07,Consumer
2419,Joshua,Adeyemi,joshua.adeyemi2419@example.com,Lagos,Lagos,Nigeria,2024-08-07,Consumer
2420,Ada,Johnson,ada.johnson2420@example.com,London,England,UK,2023-11-14,Corporate
2421,Sarah,Ibrahim,sarah.ibrahim2421@example.com,London,England,UK,2025-04-24,Corporate
2422,Esther,Williams,esther.williams2422@example.com,Port Harcourt,Rivers,Nigeria,2025-08-16,Corporate
2423,Samuel,Eze,samuel.eze2423@example.com,Port Harcourt,Rivers,Nigeria,2023-06-25,Small Business
2424,Aisha,Taylor,aisha.taylor2424@example.com,Accra,Greater Accra,Ghana,2025-03-14,Consumer
2425,Joshua,Bello,joshua.bello2425@example.com,Ibadan,Oyo,Nigeria,2024-01-04,Consumer
2426,Peter,Adeyemi,peter.adeyemi2426@example.com,Benin City,Edo,Nigeria,2025-02-25,Consumer
2427,Tosin,Taylor,tosin.taylor2427@example.com,London,England,UK,2025-07-17,Consumer
2428,Chinedu,Mohammed,chinedu.mohammed2428@example.com,Toronto,Ontario,Canada,2024-09-15,Consumer
2429,Chinedu,Mohammed,chinedu.mohammed2429@example.com,Benin City,Edo,Nigeria,2023-06-17,Small Business
2430,Emeka,Taylor,emeka.taylor2430@example.com,Ibadan,Oyo,Nigeria,2023-07-15,Consumer
2431,Grace,Adebayo,grace.adebayo2431@example.com,Ibadan,Oyo,Nigeria,2025-07-27,Consumer
2432,Samuel,Eze,samuel.eze2432@example.com,Toronto,Ontario,Canada,2025-03-19,Consumer
2433,Chinedu,Adeyemi,chinedu.adeyemi2433@example.com,Port Harcourt,Rivers,Nigeria,2023-06-05,Consumer
2434,Chinedu,Taylor,chinedu.taylor2434@example.com,Nairobi,Nairobi,Kenya,2024-09-10,Consumer
2435,Oluwaseun,Adebayo,oluwaseun.adebayo2435@example.com,Johannesburg,Gauteng,South Africa,2024-10-28,Small Business
2436,Joshua,Ojo,joshua.ojo2436@example.com,Benin City,Edo,Nigeria,2023-02-04,Consumer
2437,Ibrahim,Ojo,ibrahim.ojo2437@example.com,Johannesburg,Gauteng,South Africa,2024-09-28,Consumer
2438,Ibrahim,Brown,ibrahim.brown2438@example.com,Johannesburg,Gauteng,South Africa,2024-09-27,Small Business
2439,Esther,Clark,esther.clark2439@example.com,Ibadan,Oyo,Nigeria,2023-03-31,Consumer
2440,Mary,Brown,mary.brown2440@example.com,Benin City,Edo,Nigeria,2024-01-07,Consumer
2441,Esther,Adeyemi,esther.adeyemi2441@example.com,New York,New York,USA,2024-04-07,Consumer
2442,Ada,Mohammed,ada.mohammed2442@example.com,Toronto,Ontario,Canada,2024-11-18,Consumer
2443,Ibrahim,Ojo,ibrahim.ojo2443@example.com,New York,New York,USA,2024-08-06,Consumer
2444,Joshua,Bello,joshua.bello2444@example.com,Kano,Kano,Nigeria,2024-07-21,Consumer
2445,Grace,Nwosu,grace.nwosu2445@example.com,Nairobi,Nairobi,Kenya,2023-09-30,Consumer
2446,Samuel,Nwosu,samuel.nwosu2446@example.com,Port Harcourt,Rivers,Nigeria,2024-07-03,Small Business
2447,Joshua,Taylor,joshua.taylor2447@example.com,London,England,UK,2023-02-05,Small Business
2448,Grace,Eze,grace.eze2448@example.com,Nairobi,Nairobi,Kenya,2024-07-07,Small Business
2449,Peter,Smith,peter.smith2449@example.com,Abuja,FCT,Nigeria,2025-07-17,Consumer
2450,Esther,Ibrahim,esther.ibrahim2450@example.com,Benin City,Edo,Nigeria,2025-01-11,Consumer
2451,Emeka,Williams,emeka.williams2451@example.com,Lagos,Lagos,Nigeria,2024-07-01,Small Business
2452,David,Ibrahim,david.ibrahim2452@example.com,New York,New York,USA,2023-11-18,Small Business
2453,Ada,Obi,ada.obi2453@example.com,Toronto,Ontario,Canada,2024-08-02,Consumer
2454,Samuel,Adebayo,samuel.adebayo2454@example.com,Lagos,Lagos,Nigeria,2025-07-09,Corporate
2455,Blessing,Thomas,blessing.thomas2455@example.com,Nairobi,Nairobi,Kenya,2024-03-18,Consumer
2456,Oluwaseun,Ojo,oluwaseun.ojo2456@example.com,Toronto,Ontario,Canada,2025-05-03,Consumer
2457,Tosin,Ojo,tosin.ojo2457@example.com,Ibadan,Oyo,Nigeria,2023-08-07,Consumer
2458,Joshua,Mensah,joshua.mensah2458@example.com,Ibadan,Oyo,Nigeria,2023-09-20,Consumer
2459,Samuel,Brown,samuel.brown2459@example.com,Lagos,Lagos,Nigeria,2024-07-08,Consumer
2460,Tosin,Ibrahim,tosin.ibrahim2460@example.com,Johannesburg,Gauteng,South Africa,2023-04-27,Consumer
2461,Samuel,Bello,samuel.bello2461@example.com,Toronto,Ontario,Canada,2024-10-05,Small Business
2462,Fatima,Adeyemi,fatima.adeyemi2462@example.com,New York,New York,USA,2024-11-18,Corporate
2463,Grace,Okafor,grace.okafor2463@example.com,London,England,UK,2023-06-30,Consumer
2464,Mary,Nwosu,mary.nwosu2464@example.com,Toronto,Ontario,Canada,2023-08-06,Consumer
2465,Aisha,Musa,aisha.musa2465@example.com,Johannesburg,Gauteng,South Africa,2024-11-29,Consumer
2466,David,Thomas,david.thomas2466@example.com,New York,New York,USA,2025-07-11,Consumer
2467,Samuel,Mohammed,samuel.mohammed2467@example.com,Abuja,FCT,Nigeria,2025-05-28,Small Business
2468,Michael,Nwosu,michael.nwosu2468@example.com,Accra,Greater Accra,Ghana,2023-06-17,Small Business
2469,David,Smith,david.smith2469@example.com,Johannesburg,Gauteng,South Africa,2024-06-03,Consumer
2470,Emeka,Adebayo,emeka.adebayo2470@example.com,Ibadan,Oyo,Nigeria,2023-04-20,Corporate
2471,Sarah,Williams,sarah.williams2471@example.com,Lagos,Lagos,Nigeria,2023-04-25,Consumer
2472,Amaka,Okafor,amaka.okafor2472@example.com,Accra,Greater Accra,Ghana,2025-09-12,Consumer
2473,Amaka,Brown,amaka.brown2473@example.com,Ibadan,Oyo,Nigeria,2024-05-07,Consumer
2474,Amaka,Ibrahim,amaka.ibrahim2474@example.com,Accra,Greater Accra,Ghana,2024-11-27,Small Business
2475,Amaka,Thomas,amaka.thomas2475@example.com,Port Harcourt,Rivers,Nigeria,2023-03-29,Consumer
2476,Mary,Taylor,mary.taylor2476@example.com,Ibadan,Oyo,Nigeria,2024-08-25,Small Business
2477,Ada,Taylor,ada.taylor2477@example.com,Lagos,Lagos,Nigeria,2024-04-14,Consumer
2478,Ada,Williams,ada.williams2478@example.com,Kano,Kano,Nigeria,2025-05-04,Consumer
2479,Oluwaseun,Thomas,oluwaseun.thomas2479@example.com,Lagos,Lagos,Nigeria,2024-10-08,Consumer
2480,Sarah,Adeyemi,sarah.adeyemi2480@example.com,Abuja,FCT,Nigeria,2023-01-16,Consumer
2481,Samuel,Smith,samuel.smith2481@example.com,Accra,Greater Accra,Ghana,2023-05-13,Consumer
2482,Daniel,Thomas,daniel.thomas2482@example.com,London,England,UK,2025-09-07,Corporate
2483,Joshua,Wilson,joshua.wilson2483@example.com,Abuja,FCT,Nigeria,2024-01-24,Small Business
2484,Amaka,Adebayo,amaka.adebayo2484@example.com,London,England,UK,2024-11-27,Consumer
2485,Ada,Nwosu,ada.nwosu2485@example.com,Benin City,Edo,Nigeria,2025-03-15,Small Business
2486,Joshua,Nwosu,joshua.nwosu2486@example.com,Benin City,Edo,Nigeria,2025-07-18,Small Business
2487,Joshua,Wilson,joshua.wilson2487@example.com,Johannesburg,Gauteng,South Africa,2024-09-08,Consumer
2488,Peter,Bello,peter.bello2488@example.com,Port Harcourt,Rivers,Nigeria,2024-01-12,Consumer
2489,David,Nwosu,david.nwosu2489@example.com,Toronto,Ontario,Canada,2023-04-30,Small Business
2490,Michael,Thomas,michael.thomas2490@example.com,Lagos,Lagos,Nigeria,2024-06-26,Consumer
2491,Grace,Okafor,grace.okafor2491@example.com,Port Harcourt,Rivers,Nigeria,2023-11-20,Consumer
2492,Ada,Musa,ada.musa2492@example.com,Ibadan,Oyo,Nigeria,2023-10-28,Corporate
2493,Sarah,Nwosu,sarah.nwosu2493@example.com,Benin City,Edo,Nigeria,2025-09-23,Small Business
2494,Aisha,Mensah,aisha.mensah2494@example.com,Toronto,Ontario,Canada,2024-12-20,Small Business
2495,Amaka,Mohammed,amaka.mohammed2495@example.com,Lagos,Lagos,Nigeria,2023-09-22,Consumer
2496,Esther,Adeyemi,esther.adeyemi2496@example.com,Nairobi,Nairobi,Kenya,2024-04-20,Consumer
2497,Sarah,Nwosu,sarah.nwosu2497@example.com,Ibadan,Oyo,Nigeria,2024-03-13,Small Business
2498,Ada,Bello,ada.bello2498@example.com,Accra,Greater Accra,Ghana,2024-05-14,Consumer
2499,David,Williams,david.williams2499@example.com,Port Harcourt,Rivers,Nigeria,2025-09-10,Small Business
2500,Sarah,Mensah,sarah.mensah2500@example.com,Johannesburg,Gauteng,South Africa,2025-02-04,Consumer
