order_id,customer_id,order_date,order_status,payment_method,shipping_cost
1,1955,2025-08-19,Completed,Card,7.48
2,1695,2024-01-18,Completed,PayPal,8.74
3,2240,2024-09-12,Completed,Card,7.74
4,2096,2025-06-01,Completed,PayPal,10.44
5,619,2025-03-17,Completed,Bank Transfer,19.54
6,493,2025-10-24,Cancelled,PayPal,3.78
7,836,2025-09-28,Completed,Card,5.23
8,1558,2025-08-09,Completed,Card,6.91
9,1911,2025-07-06,Completed,Cash on Delivery,4.15
10,1088,2024-02-21,Completed,Card,21.55
11,668,2025-07-24,Completed,Bank Transfer,17.8
12,450,2024-07-20,Completed,Card,14.33
13,655,2025-01-17,Completed,PayPal,18.91
14,1877,2025-12-09,Completed,PayPal,7.35
15,169,2024-11-30,Completed,Mobile Money,20.64
16,1718,2024-01-03,Completed,Card,10.2
17,2235,2024-03-02,Completed,Card,17.44
18,1686,2025-03-23,Completed,Card,14.41
19,2406,2025-03-30,Completed,Card,18.7
20,241,2024-07-10,Completed,Bank Transfer,20.1
21,29,2025-11-29,Completed,Card,13.84
22,522,2025-09-29,Completed,Card,19.68
23,1723,2025-11-23,Completed,Bank Transfer,22.16
24,1099,2024-04-26,Completed,Card,5.96
25,641,2025-02-12,Completed,Bank Transfer,16.77
26,2427,2024-04-13,Completed,Bank Transfer,6.86
27,1441,2024-06-13,Completed,Card,15.27
28,2490,2024-08-25,Completed,Bank Transfer,4.53
29,2205,2025-02-19,Completed,Card,4.71
30,1790,2025-10-12,Completed,Cash on Delivery,21.29
31,2038,2024-05-25,Completed,Mobile Money,6.85
32,185,2024-09-30,Completed,Card,11.54
33,1963,2025-09-02,Completed,Card,3.47
34,1125,2024-01-06,Completed,Cash on Delivery,4.76
35,2354,2025-09-01,Completed,Bank Transfer,13.93
36,2415,2024-03-11,Completed,Mobile Money,11.62
37,756,2025-11-13,Completed,Card,21.15
38,1332,2025-08-01,Cancelled,Card,14.39
39,1950,2025-11-04,Completed,Card,17.41
40,2418,2025-03-23,Completed,Card,17.38
41,153,2024-06-14,Completed,Bank Transfer,9.26
42,195,2024-12-08,Completed,Card,22.33
43,1240,2025-03-05,Cancelled,Cash on Delivery,23.91
44,2113,2024-05-07,Completed,Card,24.54
45,328,2024-07-23,Completed,Card,3.0
46,550,2025-05-18,Completed,Bank Transfer,23.23
47,1624,2025-04-26,Completed,Card,7.33
48,1941,2024-02-23,Completed,Bank Transfer,12.83
49,297,2025-11-24,Completed,Cash on Delivery,15.77
50,2093,2025-10-21,Completed,Card,19.13
51,2180,2024-02-17,Completed,Card,10.9
52,394,2024-01-13,Completed,Bank Transfer,12.7
53,2149,2024-09-18,Completed,Bank Transfer,2.52
54,1422,2025-09-02,Completed,Card,18.03
55,110,2024-05-27,Completed,Card,19.11
56,1887,2025-12-06,Completed,Bank Transfer,21.61
57,2082,2024-10-07,Completed,Cash on Delivery,9.25
58,757,2025-03-02,Completed,Bank Transfer,11.85
59,926,2024-07-08,Completed,PayPal,14.25
60,1399,2024-12-10,Completed,Card,2.59
61,464,2024-04-13,Completed,Card,16.75
62,153,2024-12-04,Returned,Card,11.19
63,2222,2025-06-05,Completed,Card,13.37
64,330,2025-06-20,Cancelled,PayPal,22.3
65,1629,2024-02-20,Completed,Cash on Delivery,9.51
66,731,2024-02-22,Completed,Card,2.85
67,588,2025-01-01,Completed,Card,7.5
68,1384,2024-07-15,Completed,Card,9.59
69,2180,2025-01-26,Cancelled,Bank Transfer,21.54
70,805,2024-06-30,Completed,Card,24.37
71,244,2025-02-13,Completed,Mobile Money,20.72
72,1880,2024-10-14,Completed,Card,8.97
73,1134,2024-12-18,Completed,Bank Transfer,23.27
74,2089,2024-02-01,Completed,Card,7.46
75,101,2024-06-04,Returned,Bank Transfer,7.54
76,1284,2025-11-13,Completed,PayPal,15.35
77,1626,2025-05-03,Completed,Cash on Delivery,21.03
78,1572,2024-11-14,Completed,PayPal,20.05
79,1289,2024-10-15,Completed,Card,17.83
80,501,2025-01-30,Completed,Card,20.42
81,480,2025-05-15,Completed,Bank Transfer,21.49
82,1143,2024-03-19,Completed,Mobile Money,18.66
83,501,2025-05-20,Completed,Card,18.74
84,1433,2024-04-03,Completed,Card,20.03
85,750,2025-01-18,Completed,PayPal,13.47
86,1896,2025-03-13,Completed,Bank Transfer,4.62
87,2420,2025-03-29,Completed,Bank Transfer,7.51
88,528,2025-04-03,Completed,Mobile Money,16.57
89,1445,2025-11-06,Completed,Bank Transfer,2.87
90,471,2024-11-01,Completed,Mobile Money,24.94
91,867,2024-03-10,Completed,Card,18.28
92,255,2024-05-29,Completed,Bank Transfer,10.54
93,770,2025-01-30,Completed,Card,21.11
94,280,2024-11-02,Completed,Card,13.84
95,519,2025-10-03,Completed,PayPal,14.05
96,1766,2024-06-29,Completed,Mobile Money,23.58
97,196,2024-05-10,Completed,PayPal,9.76
98,1203,2025-07-02,Completed,Bank Transfer,6.3
99,1102,2024-05-21,Completed,Bank Transfer,22.72
100,2174,2024-05-29,Completed,Bank Transfer,21.99
101,973,2024-08-09,Completed,Card,10.87
102,1336,2024-08-01,Completed,Cash on Delivery,14.7
103,144,2025-07-10,Completed,Cash on Delivery,13.49
104,1102,2025-05-07,Completed,Bank Transfer,6.08
105,899,2024-04-03,Completed,PayPal,20.33
106,1968,2025-06-04,Completed,Card,19.41
107,966,2024-02-09,Cancelled,Card,5.76
108,1552,2024-03-07,Completed,Mobile Money,9.71
109,400,2024-05-31,Completed,Card,24.87
110,1118,2024-01-30,Completed,Bank Transfer,11.56
111,1067,2024-01-04,Completed,Mobile Money,19.31
112,2481,2024-02-09,Completed,Bank Transfer,7.99
113,2419,2024-12-24,Completed,Mobile Money,10.13
114,324,2024-01-19,Completed,Bank Transfer,22.74
115,280,2024-06-02,Completed,Card,16.56
116,1224,2025-01-18,Completed,Cash on Delivery,3.33
117,1472,2024-09-27,Completed,PayPal,15.53
118,1063,2025-04-17,Completed,Mobile Money,17.16
119,1695,2024-05-04,Completed,Card,5.39
120,1348,2025-11-10,Completed,Bank Transfer,14.55
121,2160,2024-11-01,Completed,Bank Transfer,23.79
122,1814,2024-04-15,Completed,Card,13.44
123,962,2025-04-01,Completed,PayPal,7.2
124,134,2024-01-18,Completed,Cash on Delivery,17.35
125,2099,2025-05-18,Completed,Mobile Money,24.84
126,2195,2025-06-24,Completed,Card,22.72
127,243,2025-12-16,Completed,Card,14.71
128,223,2024-07-09,Completed,Card,4.04
129,2071,2025-05-16,Completed,Cash on Delivery,4.12
130,2494,2024-07-29,Cancelled,Card,13.43
131,1054,2025-08-26,Completed,PayPal,18.51
132,509,2025-10-31,Completed,Bank Transfer,6.04
133,1296,2025-06-18,Completed,Mobile Money,13.97
134,2454,2025-02-26,Completed,Card,20.09
135,2419,2025-06-08,Completed,Card,24.47
136,814,2025-11-23,Completed,Bank Transfer,24.69
137,117,2024-08-18,Completed,Bank Transfer,3.1
138,392,2024-12-03,Completed,Cash on Delivery,21.52
139,2279,2024-05-16,Completed,Bank Transfer,22.14
140,338,2025-08-16,Completed,Card,6.48
141,1072,2024-11-09,Completed,Card,10.73
142,2348,2025-03-24,Completed,PayPal,13.57
143,1653,2024-07-08,Completed,Mobile Money,12.96
144,2304,2025-06-07,Completed,Card,4.02
145,2167,2025-09-15,Completed,Bank Transfer,9.84
146,317,2025-09-27,Completed,Bank Transfer,24.27
147,1333,2025-11-15,Returned,Card,11.38
148,200,2024-10-20,Completed,Bank Transfer,24.99
149,322,2024-04-11,Completed,Card,17.11
150,2228,2024-07-12,Completed,Cash on Delivery,9.91
151,1187,2025-12-24,Completed,Mobile Money,17.3
152,1610,2024-12-23,Completed,Card,3.88
153,2052,2024-12-04,Completed,Card,13.61
154,773,2024-04-17,Completed,Card,7.77
155,2413,2024-09-18,Completed,Mobile Money,10.62
156,286,2025-06-01,Completed,Card,20.52
157,480,2024-11-17,Completed,Mobile Money,19.85
158,2011,2025-05-31,Completed,PayPal,8.86
159,1273,2024-10-26,Completed,Bank Transfer,18.92
160,1033,2024-11-17,Completed,Card,23.09
161,507,2025-12-07,Completed,Bank Transfer,16.97
162,1357,2024-06-28,Completed,Bank Transfer,18.43
163,871,2024-03-08,Completed,Card,7.5
164,1415,2025-08-10,Completed,Bank Transfer,17.6
165,203,2024-07-01,Completed,Card,20.7
166,1132,2025-04-14,Completed,PayPal,8.71
167,1685,2025-08-07,Completed,Card,5.33
168,1008,2025-05-18,Completed,Card,9.98
169,1771,2024-03-10,Completed,Bank Transfer,9.3
170,2067,2024-09-30,Completed,Bank Transfer,13.41
171,1094,2024-01-24,Completed,Cash on Delivery,7.61
172,2199,2025-12-13,Completed,Card,12.56
173,703,2024-01-25,Completed,Bank Transfer,23.82
174,1782,2024-03-21,Completed,Card,13.29
175,1652,2025-03-29,Completed,Card,13.77
176,129,2025-04-27,Completed,Bank Transfer,22.98
177,1585,2025-11-04,Completed,Bank Transfer,18.06
178,1211,2025-01-09,Completed,Bank Transfer,5.82
179,1018,2024-06-27,Completed,Mobile Money,3.76
180,1251,2025-03-06,Completed,Card,13.62
181,1411,2025-03-21,Completed,PayPal,20.44
182,2191,2025-05-17,Returned,Card,24.67
183,1844,2025-02-09,Completed,Mobile Money,6.64
184,871,2025-06-28,Completed,Card,16.07
185,1893,2024-09-07,Completed,Cash on Delivery,9.05
186,285,2024-06-15,Completed,Card,10.5
187,1241,2024-09-28,Completed,Card,12.91
188,1284,2024-10-08,Completed,Mobile Money,5.7
189,516,2024-06-23,Completed,PayPal,15.6
190,1959,2024-01-20,Completed,Cash on Delivery,19.95
191,847,2024-04-09,Completed,Cash on Delivery,19.75
192,996,2024-10-12,Completed,PayPal,8.66
193,579,2024-10-02,Completed,Bank Transfer,7.55
194,61,2025-01-13,Completed,Card,16.63
195,352,2024-10-06,Cancelled,Bank Transfer,9.89
196,1623,2025-09-08,Completed,PayPal,18.35
197,1027,2025-06-09,Completed,Mobile Money,9.25
198,1933,2025-02-26,Completed,Card,19.74
199,824,2024-10-28,Completed,Cash on Delivery,16.16
200,2222,2025-07-15,Completed,Bank Transfer,7.27
201,757,2025-05-21,Completed,Card,19.07
202,1718,2024-01-26,Completed,Bank Transfer,7.49
203,915,2024-09-29,Completed,Card,11.7
204,1371,2024-05-21,Completed,Mobile Money,23.84
205,2393,2024-03-23,Completed,Bank Transfer,12.59
206,1703,2025-11-17,Completed,PayPal,12.14
207,783,2024-07-24,Completed,Bank Transfer,9.36
208,1572,2024-07-28,Completed,Card,24.2
209,1946,2024-01-04,Completed,Card,23.78
210,994,2024-05-14,Completed,Mobile Money,19.65
211,77,2025-12-11,Completed,Bank Transfer,2.75
212,1106,2025-04-13,Completed,Card,18.56
213,866,2025-04-17,Completed,Cash on Delivery,7.52
214,334,2024-10-09,Completed,Bank Transfer,22.76
215,317,2024-08-16,Completed,Mobile Money,21.42
216,318,2024-10-11,Completed,Mobile Money,3.93
217,139,2025-12-22,Completed,Card,8.95
218,1472,2024-10-12,Completed,Mobile Money,9.63
219,761,2025-05-31,Completed,Mobile Money,21.7
220,2168,2025-06-09,Completed,Mobile Money,2.6
221,995,2025-05-30,Completed,Card,6.05
222,2043,2025-06-18,Completed,Card,8.14
223,418,2025-08-14,Completed,Card,19.28
224,1078,2024-05-05,Completed,PayPal,14.6
225,843,2025-02-11,Completed,Cash on Delivery,17.06
226,1357,2024-01-11,Completed,Bank Transfer,24.86
227,1709,2024-01-02,Cancelled,Card,14.41
228,2153,2025-05-31,Returned,Mobile Money,12.04
229,1794,2025-06-04,Completed,Card,4.58
230,1841,2025-05-08,Completed,Mobile Money,8.97
231,338,2024-05-09,Completed,Card,23.75
232,185,2025-08-21,Completed,Card,6.9
233,491,2024-07-21,Completed,Card,14.65
234,726,2025-07-21,Completed,Cash on Delivery,15.75
235,2201,2025-03-08,Completed,PayPal,3.77
236,1446,2024-10-14,Completed,Cash on Delivery,13.9
237,1319,2024-09-04,Completed,Bank Transfer,3.9
238,827,2025-04-21,Completed,Bank Transfer,21.11
239,1216,2024-05-24,Completed,Bank Transfer,2.91
240,648,2024-04-06,Completed,Card,10.85
241,623,2025-02-13,Completed,Card,4.43
242,2121,2025-03-04,Completed,Card,22.13
243,1570,2024-06-30,Completed,Card,9.11
244,868,2024-03-09,Completed,Card,7.79
245,990,2025-11-24,Completed,Bank Transfer,3.52
246,338,2025-09-18,Completed,Bank Transfer,20.71
247,2021,2025-10-20,Completed,Bank Transfer,6.9
248,1132,2025-05-05,Completed,Card,10.21
249,1947,2025-06-11,Completed,Card,5.18
250,2007,2025-01-24,Completed,Card,17.19
251,1010,2024-04-23,Completed,Card,23.38
252,1284,2024-11-02,Completed,Card,11.35
253,1624,2025-09-14,Completed,Bank Transfer,15.4
254,1813,2025-02-08,Completed,Bank Transfer,10.11
255,1882,2025-11-15,Completed,Card,5.16
256,2378,2025-04-29,Completed,Card,11.6
257,1145,2024-08-16,Completed,Card,12.25
258,1050,2024-08-03,Completed,Card,7.37
259,630,2024-10-15,Completed,Card,4.57
260,1987,2024-01-09,Completed,Card,12.49
261,2193,2025-06-24,Completed,Mobile Money,7.75
262,1438,2025-03-19,Completed,Mobile Money,16.51
263,406,2025-01-10,Completed,Cash on Delivery,20.15
264,107,2024-11-11,Completed,Card,24.28
265,531,2025-01-11,Completed,Bank Transfer,5.54
266,606,2024-04-19,Completed,Cash on Delivery,15.11
267,437,2024-12-24,Completed,Card,6.07
268,1452,2024-03-23,Completed,Bank Transfer,24.51
269,1744,2025-11-22,Completed,Bank Transfer,18.54
270,2477,2024-09-30,Completed,Card,18.13
271,194,2024-02-16,Completed,Bank Transfer,19.34
272,118,2024-11-12,Completed,Card,22.36
273,2412,2025-03-30,Completed,Card,18.64
274,678,2024-07-04,Completed,Bank Transfer,12.55
275,1475,2024-03-13,Completed,Card,11.88
276,2490,2024-06-19,Completed,Bank Transfer,8.01
277,602,2024-10-25,Completed,Cash on Delivery,15.84
278,1367,2024-03-20,Completed,Bank Transfer,15.09
279,829,2025-09-07,Completed,Card,24.36
280,1644,2025-12-10,Returned,PayPal,17.6
281,5,2025-08-14,Completed,Mobile Money,13.76
282,1589,2024-05-05,Completed,Card,23.53
283,2369,2024-02-18,Cancelled,Mobile Money,22.36
284,1934,2024-03-22,Returned,Card,11.93
285,49,2024-09-15,Completed,Card,3.21
286,2123,2024-05-20,Completed,Card,17.88
287,1138,2025-06-08,Completed,Cash on Delivery,17.51
288,47,2024-02-16,Completed,Bank Transfer,5.78
289,1310,2024-08-13,Completed,Card,5.57
290,442,2025-02-14,Completed,Bank Transfer,12.79
291,2331,2024-07-25,Completed,Card,19.91
292,24,2024-05-04,Completed,Bank Transfer,15.33
293,671,2025-02-23,Cancelled,Bank Transfer,9.7
294,1068,2025-10-01,Completed,Card,21.26
295,782,2025-08-11,Completed,PayPal,14.62
296,1416,2025-04-27,Completed,Card,23.98
297,1195,2024-07-01,Returned,Card,5.96
298,704,2024-10-20,Completed,Card,14.47
299,1256,2025-07-03,Completed,Card,18.77
300,1355,2025-07-18,Completed,Card,9.2
301,1038,2025-11-25,Completed,Card,24.22
302,477,2025-09-10,Completed,Card,11.77
303,2349,2024-03-13,Completed,Bank Transfer,19.45
304,833,2025-10-17,Completed,Card,8.1
305,1371,2024-12-02,Completed,Mobile Money,12.94
306,113,2025-08-30,Completed,PayPal,14.92
307,997,2024-10-23,Completed,Bank Transfer,22.25
308,421,2024-04-28,Completed,Bank Transfer,18.22
309,827,2024-01-20,Completed,PayPal,17.09
310,1753,2024-11-05,Completed,Bank Transfer,5.2
311,926,2024-04-22,Completed,Bank Transfer,19.73
312,2257,2024-11-17,Completed,Bank Transfer,9.06
313,1102,2025-08-18,Completed,Card,9.3
314,1982,2024-07-22,Cancelled,PayPal,22.77
315,208,2025-04-02,Completed,PayPal,24.2
316,197,2025-02-25,Completed,PayPal,22.01
317,1558,2025-04-05,Completed,Card,22.77
318,1243,2025-01-18,Completed,Card,21.83
319,2333,2025-07-01,Completed,Mobile Money,20.83
320,1038,2024-05-15,Completed,Card,4.81
321,2228,2024-05-20,Completed,PayPal,10.39
322,1447,2024-03-22,Completed,Card,21.06
323,267,2024-05-09,Completed,PayPal,3.85
324,1468,2024-09-09,Completed,Card,13.91
325,683,2025-02-18,Completed,Card,10.48
326,2490,2025-07-24,Completed,PayPal,8.77
327,105,2024-01-03,Completed,Card,23.0
328,569,2025-05-31,Completed,Card,8.7
329,2113,2025-09-25,Completed,Cash on Delivery,5.67
330,2190,2025-08-20,Completed,Card,15.4
331,209,2024-08-30,Completed,Cash on Delivery,11.31
332,977,2024-09-27,Completed,Bank Transfer,10.3
333,950,2025-12-10,Completed,Bank Transfer,17.38
334,2364,2024-03-21,Completed,Card,8.45
335,736,2024-06-18,Completed,PayPal,17.6
336,2017,2024-11-14,Completed,Cash on Delivery,13.51
337,1299,2025-01-21,Completed,Mobile Money,3.57
338,2002,2024-11-05,Completed,Mobile Money,19.85
339,1560,2024-05-27,Completed,Card,14.91
340,2434,2024-11-04,Completed,Card,8.87
341,160,2024-02-07,Completed,Card,7.01
342,2066,2025-10-09,Completed,Bank Transfer,15.5
343,413,2024-12-08,Completed,Bank Transfer,9.49
344,1455,2024-10-31,Cancelled,Bank Transfer,22.18
345,763,2025-07-24,Completed,Bank Transfer,7.4
346,270,2025-07-17,Completed,PayPal,18.32
347,1805,2024-06-28,Completed,PayPal,4.77
348,1812,2025-11-06,Completed,Card,21.4
349,2338,2024-06-09,Completed,Cash on Delivery,24.36
350,516,2024-04-04,Completed,Bank Transfer,23.18
351,771,2024-06-11,Completed,Card,24.07
352,456,2024-05-29,Completed,PayPal,20.05
353,318,2025-02-03,Completed,PayPal,15.07
354,434,2025-06-04,Completed,Bank Transfer,4.38
355,1922,2025-04-25,Completed,PayPal,19.99
356,1054,2024-05-14,Completed,Card,8.75
357,133,2024-01-21,Completed,Mobile Money,12.62
358,2077,2025-03-19,Completed,Mobile Money,20.88
359,493,2025-03-11,Completed,Card,11.09
360,109,2025-09-05,Completed,Mobile Money,13.8
361,244,2025-01-11,Completed,PayPal,22.44
362,772,2024-05-18,Completed,Bank Transfer,6.04
363,1377,2025-12-25,Cancelled,PayPal,7.92
364,2480,2025-07-03,Completed,Bank Transfer,17.9
365,291,2025-05-04,Completed,PayPal,8.68
366,777,2025-12-16,Completed,Mobile Money,3.01
367,1899,2025-10-27,Completed,Card,6.21
368,684,2025-06-11,Completed,Mobile Money,6.57
369,974,2025-10-03,Completed,Mobile Money,15.12
370,1052,2025-10-11,Completed,PayPal,16.05
371,240,2024-06-28,Cancelled,Mobile Money,8.21
372,413,2024-06-25,Completed,Card,20.99
373,332,2025-10-16,Completed,Bank Transfer,18.86
374,2243,2025-12-07,Completed,Mobile Money,21.02
375,1409,2025-08-17,Completed,PayPal,24.59
376,257,2024-12-27,Completed,Cash on Delivery,12.47
377,827,2025-12-14,Completed,Card,4.9
378,119,2024-07-11,Completed,Cash on Delivery,14.09
379,1624,2024-07-18,Completed,Bank Transfer,12.3
380,1984,2024-11-09,Completed,PayPal,24.81
381,448,2025-03-30,Completed,Card,23.25
382,2481,2025-08-20,Completed,Card,15.69
383,1179,2024-01-13,Completed,Card,5.53
384,1744,2024-10-12,Completed,Bank Transfer,3.45
385,147,2024-01-20,Completed,Mobile Money,9.08
386,2361,2024-07-21,Completed,Cash on Delivery,14.16
387,794,2024-08-17,Completed,Bank Transfer,4.58
388,1827,2024-01-06,Returned,Bank Transfer,10.99
389,2330,2025-08-14,Completed,Mobile Money,21.73
390,827,2025-04-03,Completed,Cash on Delivery,9.89
391,2461,2025-06-05,Completed,Card,19.14
392,2465,2025-11-06,Completed,Card,9.31
393,485,2024-05-16,Completed,Card,8.56
394,1887,2024-07-30,Completed,Card,7.37
395,1263,2025-09-23,Completed,Card,16.81
396,1364,2024-08-03,Completed,Card,17.6
397,2343,2024-06-10,Completed,PayPal,20.35
398,1502,2024-10-06,Completed,Bank Transfer,19.63
399,41,2025-07-18,Completed,Mobile Money,6.63
400,371,2025-09-10,Completed,Card,23.66
401,888,2024-06-30,Completed,Bank Transfer,19.74
402,623,2025-08-01,Completed,Bank Transfer,18.13
403,1718,2025-04-08,Completed,Card,24.23
404,337,2025-08-24,Completed,Card,8.12
405,167,2024-10-20,Completed,Mobile Money,9.79
406,670,2024-01-04,Completed,Mobile Money,4.84
407,461,2024-12-12,Returned,Bank Transfer,20.14
408,1733,2024-06-29,Completed,Card,17.79
409,218,2025-09-24,Completed,Cash on Delivery,11.32
410,1059,2024-11-26,Completed,Cash on Delivery,16.51
411,2174,2024-08-06,Completed,Card,21.24
412,251,2025-10-18,Completed,PayPal,21.54
413,364,2025-09-28,Completed,PayPal,11.37
414,1559,2024-10-21,Completed,Bank Transfer,10.87
415,92,2024-04-15,Completed,Cash on Delivery,17.32
416,2001,2025-11-07,Completed,Card,8.86
417,1639,2024-12-07,Completed,Bank Transfer,3.26
418,338,2024-02-19,Completed,Card,10.8
419,1758,2025-12-25,Completed,Mobile Money,8.59
420,1572,2025-03-05,Completed,Bank Transfer,20.69
421,209,2025-10-15,Completed,Mobile Money,16.3
422,132,2025-09-20,Completed,Card,15.99
423,1826,2025-04-18,Completed,Card,14.71
424,1897,2024-05-30,Completed,PayPal,17.57
425,1409,2024-12-29,Completed,Card,24.67
426,2440,2025-11-24,Completed,PayPal,6.58
427,386,2025-02-05,Completed,Bank Transfer,7.82
428,858,2024-12-10,Completed,Bank Transfer,5.85
429,857,2024-03-03,Completed,Card,17.48
430,2082,2025-07-02,Completed,Bank Transfer,7.98
431,1846,2024-04-08,Completed,Card,21.19
432,1309,2024-11-07,Completed,Card,12.59
433,2286,2025-12-08,Completed,Card,17.08
434,1366,2024-07-01,Completed,Card,11.1
435,2111,2024-01-05,Completed,Bank Transfer,19.08
436,1282,2024-11-25,Cancelled,PayPal,18.62
437,298,2024-12-05,Returned,Card,10.98
438,648,2025-06-27,Completed,Mobile Money,10.3
439,2109,2025-06-24,Completed,PayPal,20.32
440,2359,2025-06-05,Completed,Bank Transfer,14.8
441,2459,2025-08-28,Completed,PayPal,21.3
442,856,2025-02-19,Completed,Bank Transfer,5.08
443,368,2024-04-18,Completed,Card,22.81
444,715,2025-03-28,Completed,Card,17.08
445,1938,2025-04-10,Completed,Cash on Delivery,6.09
446,584,2024-12-03,Completed,Card,3.65
447,1395,2025-04-01,Completed,Card,9.61
448,45,2024-02-08,Cancelled,PayPal,22.47
449,1954,2025-01-03,Completed,Bank Transfer,3.69
450,51,2025-02-09,Completed,Card,13.57
451,1328,2024-11-20,Completed,Card,21.86
452,1922,2025-09-03,Completed,Card,23.82
453,715,2024-02-05,Completed,Mobile Money,17.45
454,1731,2024-08-11,Completed,Mobile Money,7.21
455,2364,2025-04-09,Completed,PayPal,10.41
456,499,2025-04-30,Completed,Card,21.16
457,33,2025-08-12,Completed,Card,7.39
458,595,2024-08-27,Completed,Card,5.52
459,888,2025-05-18,Completed,Card,8.93
460,519,2025-07-18,Completed,Card,21.8
461,511,2025-11-24,Completed,PayPal,14.22
462,1573,2024-12-22,Completed,Card,19.73
463,1723,2024-10-10,Completed,Card,13.24
464,1139,2025-01-18,Completed,Mobile Money,9.06
465,1031,2025-10-18,Completed,Card,4.84
466,312,2024-03-02,Completed,Mobile Money,11.31
467,1963,2025-12-05,Completed,Card,12.96
468,863,2025-06-26,Completed,Bank Transfer,19.23
469,1357,2024-08-06,Returned,Bank Transfer,12.12
470,997,2025-09-16,Completed,Bank Transfer,10.62
471,1902,2024-07-09,Completed,Card,14.04
472,1744,2025-02-03,Completed,Bank Transfer,11.86
473,2443,2024-09-17,Completed,Card,17.56
474,1944,2024-06-02,Completed,Bank Transfer,24.44
475,289,2024-12-20,Completed,Card,8.9
476,1133,2025-07-01,Completed,Bank Transfer,21.5
477,2384,2025-11-30,Completed,Card,19.58
478,1853,2025-11-11,Completed,Card,17.8
479,51,2025-06-13,Cancelled,Card,23.22
480,1215,2025-11-19,Completed,Mobile Money,15.89
481,2119,2025-03-28,Completed,Bank Transfer,14.4
482,972,2025-04-25,Completed,Bank Transfer,17.3
483,1476,2024-02-24,Completed,PayPal,23.93
484,1390,2024-02-03,Completed,Card,24.87
485,2264,2024-03-14,Completed,Card,7.11
486,486,2025-05-16,Completed,Mobile Money,11.96
487,1882,2025-09-24,Completed,Cash on Delivery,19.85
488,1729,2025-08-13,Completed,Card,24.48
489,1337,2025-04-22,Returned,Bank Transfer,16.61
490,813,2025-08-22,Completed,PayPal,3.93
491,1961,2025-02-25,Completed,Card,5.25
492,1145,2025-04-21,Completed,PayPal,11.6
493,151,2024-03-31,Completed,Bank Transfer,12.67
494,148,2024-09-26,Completed,Bank Transfer,10.08
495,307,2025-10-12,Completed,PayPal,24.17
496,378,2025-11-30,Completed,Card,8.06
497,305,2025-04-28,Completed,Bank Transfer,17.81
498,2243,2025-04-16,Completed,Card,4.14
499,674,2024-01-28,Completed,PayPal,13.4
500,2272,2024-05-11,Completed,Bank Transfer,20.26
501,1172,2024-09-29,Completed,Bank Transfer,2.8
502,1646,2025-07-29,Completed,Bank Transfer,23.54
503,1834,2025-02-15,Returned,Card,18.25
504,1598,2024-11-30,Completed,Card,19.45
505,2158,2025-08-10,Completed,Bank Transfer,8.85
506,2291,2025-02-17,Completed,Mobile Money,9.91
507,1824,2025-11-22,Cancelled,Card,21.16
508,828,2025-06-24,Completed,PayPal,20.16
509,1333,2024-02-22,Completed,Mobile Money,23.55
510,2000,2025-03-02,Completed,Bank Transfer,8.86
511,1027,2025-09-10,Completed,Card,16.31
512,98,2024-01-13,Completed,Mobile Money,8.0
513,119,2025-04-30,Completed,Bank Transfer,11.11
514,792,2024-03-02,Completed,Card,8.16
515,305,2024-07-22,Completed,Bank Transfer,16.66
516,1589,2024-02-15,Completed,Card,4.7
517,682,2024-06-26,Completed,Card,5.15
518,2480,2025-03-19,Completed,Mobile Money,7.73
519,1052,2024-12-03,Completed,Bank Transfer,16.61
520,579,2025-10-09,Completed,PayPal,2.59
521,1837,2024-05-17,Returned,Mobile Money,13.42
522,1753,2025-09-09,Completed,Card,15.04
523,774,2025-02-20,Completed,Cash on Delivery,8.05
524,580,2024-01-09,Completed,Cash on Delivery,13.84
525,960,2024-05-01,Completed,Cash on Delivery,5.39
526,1233,2025-02-15,Completed,Bank Transfer,15.86
527,1459,2025-03-30,Completed,Card,4.49
528,5,2024-01-19,Completed,Card,14.49
529,1170,2024-11-02,Completed,Bank Transfer,14.54
530,216,2025-01-24,Completed,Card,14.15
531,384,2024-12-14,Completed,Cash on Delivery,17.32
532,546,2024-04-22,Completed,Card,11.5
533,454,2025-01-20,Completed,Bank Transfer,8.31
534,834,2024-12-25,Completed,Mobile Money,11.21
535,1603,2025-07-09,Completed,Bank Transfer,7.47
536,871,2024-04-26,Completed,PayPal,7.51
537,268,2025-10-02,Completed,Card,15.84
538,1246,2025-11-27,Completed,Bank Transfer,17.29
539,1885,2025-05-12,Completed,Card,15.16
540,561,2024-04-14,Completed,Bank Transfer,10.61
541,973,2025-10-27,Completed,Bank Transfer,13.11
542,2490,2024-07-22,Completed,PayPal,9.19
543,510,2024-07-02,Completed,PayPal,4.34
544,354,2025-02-09,Completed,Bank Transfer,21.88
545,15,2025-08-22,Completed,Card,5.36
546,1216,2024-03-24,Completed,Bank Transfer,22.31
547,697,2025-11-27,Completed,Bank Transfer,3.56
548,2056,2024-01-14,Completed,PayPal,13.19
549,2344,2024-06-28,Completed,Bank Transfer,24.06
550,406,2025-03-04,Completed,Card,20.09
551,61,2024-07-26,Completed,Card,16.63
552,411,2024-05-28,Completed,Bank Transfer,8.61
553,2403,2024-02-03,Completed,Cash on Delivery,4.66
554,408,2025-06-24,Completed,Bank Transfer,9.56
555,29,2025-07-20,Completed,Mobile Money,21.8
556,935,2024-06-04,Completed,Card,24.0
557,1818,2025-04-22,Completed,Mobile Money,10.73
558,1776,2025-07-04,Completed,PayPal,8.31
559,680,2024-06-03,Completed,Card,9.99
560,1599,2025-06-05,Completed,Cash on Delivery,23.95
561,1009,2025-02-21,Completed,Mobile Money,18.39
562,715,2025-02-10,Completed,Mobile Money,21.0
563,695,2025-06-05,Completed,PayPal,22.98
564,1837,2025-10-21,Completed,Cash on Delivery,3.03
565,2163,2025-06-22,Completed,Cash on Delivery,23.82
566,712,2024-04-30,Completed,PayPal,15.58
567,1893,2025-12-24,Completed,Cash on Delivery,9.4
568,1845,2024-01-25,Completed,Card,2.61
569,2424,2024-03-20,Completed,Mobile Money,2.8
570,748,2024-03-25,Completed,PayPal,13.48
571,886,2024-09-27,Completed,Card,18.67
572,1602,2024-10-19,Completed,Card,17.82
573,1106,2024-05-12,Completed,Card,14.03
574,510,2025-04-29,Completed,Bank Transfer,16.65
575,2414,2025-02-23,Completed,Bank Transfer,24.47
576,1497,2024-03-16,Returned,Card,21.58
577,1599,2024-02-03,Completed,Bank Transfer,23.72
578,2243,2024-09-16,Completed,Card,8.47
579,962,2025-12-08,Completed,Mobile Money,11.81
580,486,2025-04-19,Completed,Card,9.01
581,2254,2024-05-13,Completed,PayPal,5.5
582,789,2025-03-22,Cancelled,Mobile Money,21.08
583,464,2024-05-03,Completed,Card,24.88
584,926,2025-04-06,Completed,PayPal,24.03
585,201,2025-05-01,Returned,Card,22.09
586,1359,2024-08-06,Completed,Card,20.17
587,1041,2025-11-11,Completed,Card,24.82
588,1775,2024-10-31,Completed,Mobile Money,18.3
589,1803,2024-12-29,Completed,Card,20.94
590,41,2025-03-25,Completed,Cash on Delivery,24.65
591,152,2024-06-02,Completed,Bank Transfer,7.28
592,1571,2025-07-09,Returned,Cash on Delivery,23.23
593,1376,2024-01-14,Completed,Bank Transfer,24.55
594,792,2025-11-21,Completed,Cash on Delivery,14.88
595,726,2025-10-06,Completed,PayPal,19.08
596,300,2024-08-01,Completed,Bank Transfer,10.22
597,1906,2024-01-21,Completed,Bank Transfer,11.39
598,1108,2025-09-25,Completed,Cash on Delivery,21.0
599,1844,2024-10-07,Completed,Card,20.45
600,968,2025-06-06,Completed,Card,3.83
601,1818,2025-05-31,Completed,Mobile Money,15.8
602,41,2024-09-14,Completed,Card,14.38
603,472,2025-08-05,Completed,Card,24.61
604,1587,2024-03-19,Completed,Card,23.26
605,1663,2024-01-29,Completed,Card,6.6
606,2407,2024-02-14,Completed,Card,12.97
607,329,2025-06-13,Completed,PayPal,24.33
608,581,2024-06-12,Completed,Card,17.04
609,1501,2025-03-08,Completed,Mobile Money,17.03
610,92,2024-03-27,Completed,PayPal,8.25
611,1354,2025-01-23,Completed,Mobile Money,11.44
612,2427,2025-08-10,Completed,Mobile Money,22.36
613,1482,2025-07-13,Completed,PayPal,2.57
614,1236,2024-09-28,Completed,Cash on Delivery,14.09
615,2012,2025-03-07,Returned,Cash on Delivery,24.58
616,155,2025-09-03,Cancelled,Card,6.33
617,1261,2025-04-16,Completed,Card,12.41
618,414,2024-01-04,Completed,Card,10.97
619,306,2025-01-12,Completed,Cash on Delivery,16.08
620,384,2025-07-15,Completed,Cash on Delivery,7.15
621,1490,2025-10-06,Completed,Cash on Delivery,6.87
622,370,2024-08-19,Completed,Mobile Money,8.84
623,1986,2024-11-08,Completed,Card,11.71
624,1251,2024-12-24,Completed,Card,19.86
625,404,2024-05-14,Completed,Mobile Money,6.16
626,2057,2024-05-27,Completed,Card,7.28
627,1437,2025-10-28,Completed,Bank Transfer,15.95
628,2356,2024-12-03,Completed,Bank Transfer,17.46
629,968,2025-01-06,Completed,PayPal,17.99
630,473,2024-11-25,Completed,Bank Transfer,11.57
631,1218,2025-08-21,Completed,Mobile Money,22.59
632,478,2024-10-30,Completed,Bank Transfer,14.18
633,2443,2025-07-02,Completed,Mobile Money,19.35
634,1306,2024-11-02,Completed,Cash on Delivery,13.38
635,2143,2024-11-15,Completed,Bank Transfer,20.25
636,2344,2024-05-28,Completed,Bank Transfer,10.88
637,447,2025-12-30,Completed,Bank Transfer,17.6
638,2333,2024-07-25,Completed,Bank Transfer,20.91
639,437,2024-01-14,Completed,Bank Transfer,11.67
640,1007,2025-06-23,Completed,Bank Transfer,11.62
641,654,2024-03-04,Completed,Card,22.3
642,1377,2025-08-06,Returned,PayPal,7.07
643,904,2025-12-22,Completed,Bank Transfer,8.64
644,1346,2024-05-25,Completed,Card,14.75
645,1054,2025-04-26,Completed,Card,20.77
646,532,2025-03-26,Completed,Card,12.64
647,1324,2025-06-17,Completed,Card,24.07
648,1352,2025-01-15,Completed,PayPal,14.19
649,1118,2024-02-23,Completed,Card,11.37
650,184,2024-03-17,Completed,Mobile Money,13.4
651,1470,2025-03-28,Completed,Mobile Money,20.06
652,259,2024-03-07,Completed,Mobile Money,16.0
653,1703,2024-10-12,Completed,PayPal,11.28
654,725,2025-02-26,Completed,Cash on Delivery,5.43
655,619,2025-11-06,Completed,PayPal,16.25
656,1866,2024-06-10,Completed,Mobile Money,14.62
657,885,2025-05-26,Completed,Card,22.28
658,2341,2024-08-09,Completed,Bank Transfer,21.56
659,270,2024-05-05,Completed,Mobile Money,7.94
660,1302,2024-02-08,Completed,Card,2.65
661,1012,2025-05-26,Completed,Card,8.68
662,1335,2025-11-23,Completed,PayPal,14.82
663,1143,2025-02-16,Completed,Card,17.82
664,1842,2024-06-04,Completed,Bank Transfer,10.39
665,1369,2025-02-15,Completed,Card,13.74
666,244,2025-06-04,Completed,PayPal,24.36
667,1486,2024-10-22,Completed,Card,16.53
668,1095,2025-06-10,Completed,Card,13.74
669,448,2025-10-26,Completed,Card,14.37
670,6,2025-09-24,Completed,Card,14.23
671,100,2024-02-09,Completed,Bank Transfer,6.7
672,960,2025-04-26,Completed,PayPal,23.89
673,1544,2024-09-28,Completed,Bank Transfer,17.73
674,186,2024-11-11,Completed,PayPal,19.32
675,597,2025-04-10,Completed,PayPal,19.13
676,961,2024-07-23,Completed,Card,12.81
677,2057,2024-12-26,Completed,Mobile Money,11.41
678,1786,2025-12-29,Completed,PayPal,24.62
679,48,2024-04-28,Completed,Card,7.75
680,1535,2025-07-13,Completed,Mobile Money,23.19
681,509,2024-08-30,Completed,Card,13.01
682,144,2024-02-23,Completed,Card,17.44
683,840,2025-03-31,Completed,Card,22.69
684,237,2025-07-17,Completed,Bank Transfer,10.81
685,519,2024-05-31,Completed,Bank Transfer,9.91
686,1383,2025-07-22,Completed,Bank Transfer,12.97
687,478,2025-02-14,Completed,Bank Transfer,15.16
688,253,2024-06-18,Completed,Cash on Delivery,3.28
689,1475,2025-02-27,Completed,PayPal,5.75
690,1670,2025-05-09,Completed,Cash on Delivery,24.8
691,2361,2024-07-04,Completed,PayPal,22.76
692,1762,2024-07-23,Completed,Bank Transfer,17.54
693,988,2024-06-09,Completed,PayPal,24.05
694,2051,2024-03-22,Completed,Card,20.13
695,1796,2024-05-11,Completed,Mobile Money,16.87
696,1533,2024-03-24,Completed,Card,2.54
697,359,2024-10-15,Completed,Bank Transfer,14.28
698,740,2025-02-11,Completed,Card,18.65
699,871,2025-03-17,Completed,Card,8.6
700,1121,2025-07-16,Completed,Bank Transfer,15.0
701,2000,2025-06-10,Completed,Mobile Money,7.27
702,1240,2025-05-07,Returned,Card,17.65
703,997,2025-07-29,Completed,Bank Transfer,8.45
704,677,2025-01-19,Completed,PayPal,13.09
705,353,2024-02-20,Completed,Card,11.18
706,41,2025-07-11,Completed,Card,20.39
707,1024,2024-09-24,Completed,Card,24.9
708,2425,2025-02-06,Returned,Bank Transfer,21.4
709,2312,2024-01-01,Completed,Mobile Money,16.76
710,969,2024-12-03,Completed,Card,9.01
711,2360,2025-04-07,Completed,Card,9.83
712,1988,2025-06-30,Completed,Mobile Money,19.83
713,1302,2024-09-03,Returned,Bank Transfer,15.28
714,161,2024-05-07,Completed,Card,13.68
715,935,2024-08-20,Completed,Bank Transfer,10.9
716,2472,2025-06-13,Completed,Bank Transfer,18.14
717,478,2025-11-25,Completed,PayPal,21.79
718,234,2025-06-01,Completed,Mobile Money,21.74
719,2481,2025-06-22,Completed,PayPal,12.34
720,353,2025-12-31,Completed,Card,6.64
721,200,2024-05-20,Completed,Cash on Delivery,3.09
722,1599,2024-05-02,Completed,Card,8.83
723,2057,2025-04-10,Completed,Card,11.86
724,2134,2025-08-04,Cancelled,Bank Transfer,3.29
725,1855,2025-10-22,Completed,Bank Transfer,16.44
726,305,2025-07-24,Completed,Card,12.69
727,1947,2025-02-09,Completed,Card,17.42
728,491,2025-01-06,Completed,Card,19.55
729,1605,2025-09-15,Completed,Bank Transfer,13.27
730,2158,2024-03-17,Completed,Card,11.74
731,1051,2025-05-31,Completed,Bank Transfer,15.95
732,2493,2024-07-19,Completed,Mobile Money,22.31
733,1576,2025-01-15,Completed,Card,4.85
734,1424,2025-11-19,Completed,Bank Transfer,12.93
735,2427,2024-12-27,Completed,Card,23.16
736,1186,2024-07-06,Completed,PayPal,23.92
737,430,2024-01-08,Completed,Bank Transfer,3.76
738,1799,2024-12-25,Completed,Card,19.64
739,2222,2024-03-26,Completed,PayPal,24.05
740,1608,2025-09-22,Completed,Card,18.24
741,1827,2025-03-29,Returned,Mobile Money,12.3
742,2093,2024-08-22,Completed,PayPal,23.57
743,1729,2025-12-02,Completed,Card,5.31
744,1886,2024-04-11,Completed,Bank Transfer,19.82
745,937,2024-03-24,Completed,Card,22.98
746,2358,2024-05-20,Completed,Bank Transfer,11.58
747,449,2025-06-27,Completed,Bank Transfer,22.33
748,1252,2025-11-28,Completed,Card,4.78
749,1758,2024-11-15,Completed,PayPal,5.66
750,2033,2024-02-13,Completed,Bank Transfer,9.21
751,1988,2024-07-31,Completed,Bank Transfer,12.28
752,31,2025-12-13,Completed,Bank Transfer,7.13
753,2236,2024-06-19,Completed,PayPal,20.58
754,2149,2024-12-05,Completed,Card,12.24
755,1747,2024-02-27,Completed,Bank Transfer,3.56
756,161,2025-05-23,Completed,Card,21.17
757,1204,2025-03-20,Completed,Bank Transfer,8.47
758,53,2024-10-01,Completed,Card,14.22
759,192,2025-10-06,Completed,Card,21.4
760,105,2024-01-24,Completed,Card,3.28
761,1753,2024-05-18,Completed,Cash on Delivery,15.69
762,610,2024-08-07,Completed,Bank Transfer,24.54
763,51,2024-07-22,Completed,PayPal,7.12
764,2454,2024-12-09,Completed,Cash on Delivery,21.26
765,1337,2024-07-02,Completed,Bank Transfer,10.89
766,2476,2025-11-26,Completed,Bank Transfer,3.01
767,98,2024-12-09,Completed,PayPal,15.44
768,2198,2025-01-10,Completed,Bank Transfer,22.13
769,1022,2024-09-27,Completed,PayPal,23.62
770,60,2025-09-18,Completed,Card,24.24
771,1237,2024-10-04,Completed,Mobile Money,21.28
772,716,2025-03-28,Completed,Card,14.98
773,973,2024-11-28,Completed,Mobile Money,17.62
774,454,2025-10-12,Completed,Mobile Money,3.71
775,2219,2024-11-20,Completed,Card,16.77
776,1606,2025-04-16,Completed,Bank Transfer,19.29
777,619,2025-11-01,Completed,Card,15.82
778,323,2025-01-31,Completed,Cash on Delivery,8.18
779,882,2024-06-20,Returned,Card,9.08
780,97,2024-02-12,Completed,Bank Transfer,21.65
781,130,2025-07-18,Completed,Mobile Money,21.16
782,1641,2024-05-09,Completed,PayPal,7.03
783,2332,2024-09-21,Completed,Mobile Money,21.17
784,131,2024-08-23,Completed,Card,7.35
785,1363,2024-06-17,Cancelled,Card,9.25
786,1416,2025-07-19,Completed,Bank Transfer,4.87
787,2304,2025-06-08,Completed,PayPal,23.12
788,2236,2024-11-19,Completed,PayPal,13.59
789,437,2024-11-05,Completed,Mobile Money,7.87
790,2322,2025-10-22,Completed,Mobile Money,5.5
791,2086,2025-07-22,Completed,Card,14.46
792,1558,2025-03-08,Completed,Card,11.67
793,2191,2024-08-17,Completed,Mobile Money,23.35
794,1243,2024-11-13,Completed,Cash on Delivery,21.49
795,1288,2024-03-07,Completed,Mobile Money,7.72
796,534,2025-05-30,Completed,Mobile Money,21.02
797,808,2025-08-30,Completed,PayPal,7.73
798,995,2025-01-21,Completed,Mobile Money,21.05
799,1945,2024-11-20,Completed,Mobile Money,22.06
800,1918,2024-01-29,Completed,Card,14.76
801,82,2025-10-07,Completed,Card,6.12
802,722,2025-04-28,Completed,Mobile Money,23.31
803,2134,2024-10-17,Completed,Bank Transfer,11.16
804,467,2024-03-05,Completed,Card,2.96
805,1229,2024-04-16,Returned,Card,14.3
806,2023,2025-02-17,Completed,Bank Transfer,14.78
807,2243,2025-11-24,Completed,Card,20.6
808,327,2024-07-24,Completed,Card,15.82
809,452,2025-09-27,Completed,Cash on Delivery,24.05
810,513,2025-02-22,Completed,Bank Transfer,8.53
811,1889,2024-05-06,Completed,Card,4.66
812,1350,2025-04-09,Completed,Card,21.03
813,180,2024-12-23,Completed,Card,3.8
814,1402,2025-03-29,Completed,Card,9.98
815,2060,2024-03-19,Completed,PayPal,6.27
816,430,2025-03-01,Completed,Card,22.16
817,1527,2025-12-16,Completed,Card,23.51
818,1733,2024-05-10,Completed,Card,4.12
819,1079,2024-12-22,Returned,Card,17.72
820,582,2025-05-31,Completed,Cash on Delivery,24.22
821,914,2025-05-30,Completed,Cash on Delivery,19.64
822,45,2024-01-31,Completed,Card,6.61
823,1306,2024-08-29,Completed,PayPal,24.9
824,33,2025-09-29,Cancelled,Bank Transfer,5.88
825,2165,2025-10-28,Completed,Mobile Money,8.95
826,606,2025-04-26,Completed,Card,12.94
827,2342,2025-04-24,Completed,Card,4.63
828,120,2024-06-12,Completed,Card,19.33
829,572,2024-08-24,Completed,Mobile Money,8.95
830,437,2024-09-26,Completed,Bank Transfer,6.32
831,680,2025-06-26,Completed,Mobile Money,14.36
832,1209,2025-06-21,Completed,Card,20.71
833,2444,2024-02-17,Completed,Bank Transfer,8.62
834,1729,2024-10-30,Completed,Cash on Delivery,11.17
835,2074,2025-12-26,Completed,Cash on Delivery,6.31
836,159,2024-06-22,Completed,Card,15.63
837,1144,2024-08-23,Completed,PayPal,12.68
838,2296,2024-05-06,Completed,Mobile Money,5.11
839,111,2025-08-02,Completed,Mobile Money,16.41
840,1405,2024-04-11,Completed,Bank Transfer,13.64
841,313,2024-05-06,Completed,Card,5.62
842,1469,2025-10-26,Completed,Card,24.58
843,1847,2025-10-22,Completed,Card,7.51
844,1,2025-03-28,Completed,Cash on Delivery,14.92
845,24,2025-10-21,Completed,Card,9.99
846,1458,2025-12-15,Completed,Card,24.36
847,1318,2024-02-28,Completed,Bank Transfer,9.84
848,824,2025-05-13,Completed,Card,3.77
849,697,2024-04-01,Completed,Bank Transfer,6.47
850,353,2025-07-15,Completed,Card,20.92
851,973,2025-12-09,Completed,Card,7.22
852,1146,2025-04-09,Completed,Card,5.48
853,401,2025-10-12,Completed,Cash on Delivery,10.79
854,2448,2025-09-15,Completed,PayPal,11.24
855,446,2025-12-20,Completed,Bank Transfer,11.56
856,2034,2024-03-03,Completed,PayPal,4.17
857,1409,2024-04-30,Completed,Bank Transfer,7.48
858,679,2025-09-20,Completed,Card,18.56
859,1748,2024-05-17,Completed,Cash on Delivery,12.67
860,1639,2024-11-16,Completed,Bank Transfer,12.96
861,856,2024-08-03,Completed,Bank Transfer,12.82
862,374,2025-04-28,Completed,Cash on Delivery,14.9
863,255,2024-02-01,Completed,Bank Transfer,12.89
864,2405,2024-08-20,Completed,PayPal,17.57
865,123,2024-12-20,Completed,PayPal,23.48
866,1190,2024-10-27,Completed,Card,6.31
867,2360,2024-07-18,Completed,Bank Transfer,16.35
868,2157,2024-03-02,Completed,Bank Transfer,6.17
869,1018,2025-09-19,Completed,Mobile Money,17.51
870,1691,2024-01-29,Completed,Card,24.68
871,1445,2025-02-15,Completed,Bank Transfer,20.46
872,1897,2025-04-17,Completed,Bank Transfer,22.43
873,2385,2025-01-25,Completed,Bank Transfer,10.45
874,315,2024-05-11,Completed,Bank Transfer,23.92
875,1415,2025-02-02,Completed,Card,11.2
876,2267,2025-11-03,Cancelled,Card,10.02
877,1715,2024-11-24,Completed,Mobile Money,6.44
878,2495,2024-12-12,Completed,PayPal,7.76
879,1871,2025-09-17,Completed,Bank Transfer,11.69
880,39,2024-12-12,Completed,Card,12.05
881,2143,2024-01-31,Completed,Card,10.8
882,2104,2024-05-18,Completed,Card,24.58
883,130,2024-07-01,Completed,PayPal,24.03
884,1901,2025-04-10,Completed,Card,9.12
885,2272,2024-05-31,Completed,Bank Transfer,16.31
886,169,2025-06-26,Completed,PayPal,20.68
887,2088,2024-05-14,Completed,PayPal,11.75
888,1950,2025-12-08,Completed,Card,16.05
889,1573,2024-06-30,Completed,Card,8.34
890,1817,2024-10-16,Completed,Card,19.01
891,2425,2024-09-27,Completed,Card,8.6
892,1308,2025-08-06,Completed,Card,24.82
893,933,2024-09-11,Completed,PayPal,12.3
894,527,2025-02-06,Completed,Mobile Money,20.08
895,485,2025-08-14,Completed,Bank Transfer,18.74
896,339,2025-08-18,Completed,Card,5.52
897,591,2025-10-17,Completed,Card,16.85
898,550,2025-07-19,Completed,PayPal,2.94
899,1811,2024-07-22,Completed,Card,23.74
900,1282,2025-03-02,Completed,Card,5.65
901,2182,2025-05-08,Completed,Card,15.92
902,972,2024-12-09,Completed,Bank Transfer,16.43
903,200,2025-11-24,Completed,Mobile Money,13.61
904,420,2025-01-23,Completed,Card,16.53
905,2317,2024-01-24,Completed,Bank Transfer,13.65
906,1739,2024-12-15,Completed,Card,16.16
907,1835,2024-03-01,Completed,Card,20.72
908,2420,2025-10-24,Cancelled,Card,7.79
909,506,2025-12-09,Completed,Cash on Delivery,11.33
910,968,2024-01-29,Completed,Card,19.59
911,1721,2024-04-21,Completed,Mobile Money,8.89
912,65,2025-03-19,Completed,Card,3.59
913,1589,2025-09-01,Completed,Bank Transfer,18.41
914,2192,2024-04-21,Completed,Mobile Money,23.96
915,501,2024-08-21,Completed,PayPal,14.25
916,827,2024-06-11,Completed,Mobile Money,4.6
917,1472,2025-03-07,Cancelled,PayPal,3.21
918,2393,2024-07-30,Completed,Mobile Money,23.7
919,478,2025-02-26,Completed,Card,23.76
920,1672,2025-09-04,Completed,Cash on Delivery,19.17
921,103,2024-08-04,Returned,Mobile Money,9.52
922,1768,2025-03-12,Completed,Card,24.07
923,998,2024-04-28,Completed,Mobile Money,2.78
924,147,2024-05-31,Completed,Card,19.43
925,939,2024-12-12,Returned,Mobile Money,24.15
926,824,2024-03-08,Completed,Card,23.97
927,1403,2025-04-09,Completed,Card,17.09
928,726,2025-10-07,Completed,Bank Transfer,3.48
929,2109,2025-06-07,Completed,Card,22.03
930,804,2025-11-19,Completed,PayPal,13.78
931,2016,2024-12-16,Completed,Card,12.17
932,541,2025-03-02,Completed,Bank Transfer,13.61
933,467,2024-11-17,Completed,Card,13.61
934,353,2024-11-03,Cancelled,Cash on Delivery,19.96
935,1102,2024-03-03,Completed,Card,23.55
936,2433,2025-10-20,Completed,PayPal,10.31
937,1635,2024-06-26,Completed,Card,15.62
938,1552,2024-12-03,Completed,Cash on Delivery,14.99
939,1652,2024-05-28,Completed,Card,10.19
940,1881,2024-03-29,Completed,Card,3.9
941,1652,2025-05-31,Completed,PayPal,19.88
942,1264,2024-07-10,Completed,Card,7.93
943,227,2024-04-06,Completed,Bank Transfer,12.56
944,268,2024-08-28,Completed,Card,18.96
945,1162,2025-10-14,Completed,Bank Transfer,16.49
946,2101,2025-02-06,Completed,Bank Transfer,5.85
947,350,2025-08-13,Completed,PayPal,8.58
948,2475,2025-08-24,Completed,Bank Transfer,20.02
949,592,2025-05-19,Cancelled,Bank Transfer,22.17
950,152,2024-05-03,Completed,Card,4.05
951,1663,2024-03-21,Completed,Mobile Money,16.87
952,684,2024-11-10,Completed,PayPal,3.58
953,926,2024-10-13,Completed,Mobile Money,18.01
954,2340,2024-12-28,Completed,Mobile Money,7.76
955,297,2024-03-22,Cancelled,Bank Transfer,15.37
956,903,2025-01-06,Cancelled,Mobile Money,10.86
957,798,2025-08-16,Completed,Cash on Delivery,4.56
958,551,2024-12-11,Completed,PayPal,23.84
959,731,2025-08-02,Completed,Cash on Delivery,7.07
960,1490,2025-07-20,Completed,Mobile Money,3.46
961,147,2025-11-26,Completed,Mobile Money,5.51
962,1074,2025-03-29,Completed,Cash on Delivery,13.47
963,853,2024-10-04,Completed,Card,5.17
964,855,2025-06-27,Completed,Card,18.06
965,1989,2025-04-03,Completed,Bank Transfer,13.86
966,21,2024-06-27,Cancelled,Card,14.99
967,569,2025-03-02,Completed,Card,2.87
968,609,2025-01-11,Completed,PayPal,14.25
969,892,2025-07-20,Completed,Card,23.81
970,1677,2024-10-22,Completed,PayPal,14.37
971,31,2025-05-27,Completed,Mobile Money,6.14
972,2101,2024-09-06,Cancelled,Mobile Money,6.81
973,2240,2025-07-20,Completed,Card,3.07
974,997,2024-04-25,Completed,Card,9.37
975,2391,2025-04-12,Completed,Mobile Money,20.56
976,914,2025-03-07,Completed,PayPal,7.49
977,780,2025-03-18,Completed,Mobile Money,10.41
978,199,2025-10-16,Returned,Card,18.34
979,119,2024-09-01,Completed,Bank Transfer,7.44
980,929,2025-10-15,Returned,Bank Transfer,12.0
981,1965,2024-08-27,Completed,PayPal,3.87
982,1798,2025-01-08,Completed,PayPal,15.65
983,2321,2025-07-23,Completed,Bank Transfer,24.51
984,1418,2024-10-25,Completed,Mobile Money,14.67
985,1913,2025-06-18,Completed,Card,4.39
986,677,2024-06-12,Completed,Bank Transfer,17.63
987,1786,2025-08-07,Completed,Bank Transfer,7.28
988,747,2024-05-09,Completed,Mobile Money,16.06
989,41,2025-03-08,Completed,Card,5.17
990,827,2025-01-06,Completed,Card,9.95
991,787,2025-06-25,Completed,Mobile Money,22.38
992,221,2024-04-28,Completed,PayPal,7.67
993,1774,2025-12-11,Completed,Bank Transfer,13.05
994,1667,2024-06-09,Completed,Mobile Money,8.02
995,1619,2024-08-07,Completed,Mobile Money,18.39
996,1552,2025-11-11,Completed,Bank Transfer,22.3
997,692,2024-03-11,Completed,Mobile Money,19.33
998,997,2025-06-06,Completed,Card,2.72
999,1505,2024-12-18,Completed,Card,24.83
1000,2253,2025-06-19,Completed,Card,19.7
1001,1193,2024-12-13,Completed,Card,8.21
1002,2236,2025-12-22,Completed,PayPal,8.58
1003,1280,2025-06-26,Completed,Cash on Delivery,13.89
1004,327,2025-02-08,Completed,Card,15.24
1005,1997,2024-02-11,Completed,Bank Transfer,12.8
1006,2393,2025-08-15,Completed,Bank Transfer,3.53
1007,2066,2025-01-26,Completed,Card,13.25
1008,1804,2024-10-10,Cancelled,PayPal,23.25
1009,12,2025-03-24,Completed,Card,6.22
1010,604,2024-12-09,Completed,Card,17.83
1011,2018,2024-10-06,Completed,Bank Transfer,16.75
1012,288,2025-08-25,Completed,Card,16.32
1013,1304,2024-04-15,Completed,Mobile Money,17.77
1014,677,2025-07-17,Completed,Card,18.51
1015,278,2024-06-03,Completed,Bank Transfer,16.43
1016,670,2025-03-20,Completed,Cash on Delivery,22.44
1017,627,2024-03-12,Completed,Card,18.21
1018,2303,2025-10-13,Completed,Card,9.47
1019,558,2025-05-05,Completed,PayPal,9.04
1020,2459,2024-05-20,Completed,Card,5.9
1021,2411,2025-03-01,Completed,Card,20.48
1022,2385,2024-07-19,Completed,Card,21.94
1023,2067,2025-12-11,Completed,Bank Transfer,13.92
1024,111,2024-05-01,Completed,Card,3.95
1025,1552,2025-05-18,Completed,Mobile Money,19.59
1026,1181,2024-01-03,Completed,Mobile Money,6.63
1027,587,2025-04-16,Completed,Card,12.32
1028,1103,2024-03-16,Completed,Bank Transfer,25.0
1029,1997,2024-01-04,Completed,Card,14.21
1030,357,2025-01-24,Completed,Card,24.5
1031,2001,2025-10-22,Completed,PayPal,4.49
1032,1394,2024-05-20,Completed,Card,2.71
1033,1038,2024-09-23,Completed,Cash on Delivery,14.77
1034,761,2025-12-26,Completed,Card,14.43
1035,172,2024-01-02,Completed,Bank Transfer,21.9
1036,697,2024-10-24,Completed,Bank Transfer,7.01
1037,1600,2024-07-20,Completed,Bank Transfer,21.1
1038,194,2025-08-30,Completed,Mobile Money,10.81
1039,510,2024-12-02,Completed,PayPal,15.46
1040,2150,2025-10-28,Completed,Card,2.89
1041,2499,2024-05-13,Completed,Card,21.76
1042,2379,2025-07-11,Completed,Card,13.31
1043,2113,2025-02-02,Completed,Mobile Money,20.39
1044,449,2024-01-29,Completed,Bank Transfer,15.23
1045,750,2025-01-03,Completed,Cash on Delivery,23.33
1046,1219,2024-12-15,Completed,Bank Transfer,11.05
1047,872,2024-11-12,Completed,Card,12.36
1048,1183,2025-05-04,Completed,Cash on Delivery,7.59
1049,1490,2024-04-20,Completed,Card,20.98
1050,493,2024-03-27,Completed,Card,13.08
1051,1144,2024-04-16,Completed,Card,19.59
1052,754,2024-03-08,Completed,PayPal,19.99
1053,2398,2024-03-14,Completed,Bank Transfer,20.53
1054,2223,2024-03-31,Completed,Card,15.44
1055,174,2025-11-18,Completed,Bank Transfer,19.59
1056,144,2025-11-16,Returned,Card,5.25
1057,1218,2025-03-15,Completed,Card,9.31
1058,2278,2024-06-06,Completed,Bank Transfer,8.63
1059,1642,2025-10-19,Completed,Card,6.73
1060,2185,2024-04-08,Completed,Bank Transfer,11.17
1061,1136,2024-03-26,Completed,Card,12.44
1062,1554,2025-01-25,Cancelled,Bank Transfer,18.96
1063,966,2025-11-03,Completed,Card,4.78
1064,1040,2025-08-12,Completed,Bank Transfer,4.04
1065,589,2025-06-26,Completed,Card,6.87
1066,1435,2025-10-04,Completed,Card,8.57
1067,11,2024-01-30,Completed,PayPal,22.15
1068,858,2025-07-11,Completed,PayPal,18.24
1069,1379,2025-06-17,Completed,Card,10.28
1070,1342,2024-03-11,Completed,Mobile Money,16.34
1071,31,2025-03-06,Completed,Card,15.96
1072,2297,2025-06-26,Completed,Mobile Money,23.57
1073,630,2025-05-24,Completed,Card,18.17
1074,1893,2025-04-26,Completed,Card,11.95
1075,2305,2024-02-27,Completed,Card,15.89
1076,1216,2025-02-25,Completed,Card,15.45
1077,1800,2024-06-22,Completed,Card,7.36
1078,1901,2025-12-26,Cancelled,Bank Transfer,12.16
1079,1965,2025-10-29,Completed,PayPal,17.82
1080,2131,2024-10-09,Completed,Card,10.99
1081,214,2024-01-14,Completed,Bank Transfer,21.54
1082,278,2024-06-16,Completed,PayPal,4.8
1083,648,2024-09-06,Completed,Card,3.17
1084,2164,2025-04-08,Completed,Mobile Money,22.0
1085,2095,2025-03-09,Completed,Mobile Money,15.16
1086,846,2024-04-25,Completed,Mobile Money,13.74
1087,1661,2024-02-15,Completed,Card,20.74
1088,2427,2024-07-14,Completed,Bank Transfer,9.59
1089,651,2024-04-01,Completed,Bank Transfer,13.26
1090,1413,2024-09-03,Completed,Cash on Delivery,14.09
1091,826,2025-10-15,Completed,Bank Transfer,7.85
1092,1490,2024-06-16,Completed,PayPal,9.55
1093,794,2025-07-11,Returned,Card,16.14
1094,725,2024-04-07,Completed,Bank Transfer,10.73
1095,2110,2024-11-30,Completed,Mobile Money,12.13
1096,963,2024-08-08,Completed,Card,16.62
1097,549,2024-01-16,Completed,Bank Transfer,20.55
1098,41,2024-02-19,Completed,Card,3.26
1099,193,2025-08-09,Completed,Bank Transfer,12.32
1100,2340,2024-03-01,Completed,Card,9.69
1101,123,2025-09-02,Completed,PayPal,4.32
1102,2157,2024-11-28,Completed,PayPal,8.79
1103,1738,2024-03-09,Completed,Mobile Money,6.25
1104,1094,2025-04-18,Completed,Card,9.76
1105,103,2025-03-16,Completed,Mobile Money,21.19
1106,582,2024-10-03,Completed,Card,24.79
1107,2414,2025-06-16,Completed,Card,13.11
1108,1813,2024-02-01,Completed,Card,13.72
1109,1468,2025-03-31,Completed,Mobile Money,23.16
1110,2102,2025-03-04,Completed,Mobile Money,11.12
1111,2082,2025-05-15,Completed,PayPal,19.46
1112,1099,2024-06-14,Completed,Card,2.92
1113,2254,2025-07-29,Completed,Card,20.95
1114,611,2024-08-14,Completed,Card,20.26
1115,2277,2025-10-29,Completed,Card,20.76
1116,1172,2024-06-29,Completed,Cash on Delivery,12.53
1117,147,2025-02-09,Completed,Card,21.41
1118,2337,2024-07-09,Completed,Bank Transfer,18.52
1119,1427,2025-10-01,Completed,Mobile Money,24.95
1120,1486,2024-01-30,Completed,Card,19.34
1121,297,2025-08-24,Completed,Bank Transfer,16.92
1122,438,2024-09-27,Completed,Bank Transfer,13.54
1123,1800,2024-04-03,Completed,Card,4.23
1124,1404,2024-10-18,Completed,Card,10.7
1125,2272,2025-07-29,Completed,Card,14.43
1126,225,2025-07-25,Completed,Card,16.5
1127,966,2025-09-08,Returned,PayPal,13.7
1128,202,2025-09-02,Completed,Card,13.08
1129,1104,2024-08-06,Completed,Mobile Money,8.22
1130,2073,2025-03-14,Completed,Bank Transfer,9.86
1131,1041,2024-01-06,Completed,Bank Transfer,7.29
1132,705,2024-02-20,Completed,PayPal,17.35
1133,1786,2024-11-06,Completed,Mobile Money,13.48
1134,2278,2025-12-23,Completed,Bank Transfer,9.46
1135,1248,2025-01-19,Completed,Card,17.22
1136,1198,2025-05-09,Completed,Card,12.99
1137,858,2025-03-20,Completed,Bank Transfer,20.7
1138,204,2024-09-12,Completed,PayPal,10.56
1139,1921,2025-02-21,Completed,PayPal,6.75
1140,2250,2024-04-02,Completed,Cash on Delivery,7.63
1141,1388,2024-12-04,Completed,Card,5.26
1142,2339,2025-06-16,Completed,Bank Transfer,15.28
1143,1285,2024-08-20,Completed,Card,13.35
1144,1325,2024-11-11,Completed,Card,22.66
1145,1363,2025-08-29,Completed,Bank Transfer,18.68
1146,889,2024-02-26,Completed,Bank Transfer,21.62
1147,2205,2024-07-20,Completed,Card,3.55
1148,2121,2025-12-05,Completed,Cash on Delivery,20.44
1149,202,2024-04-25,Completed,Mobile Money,9.67
1150,902,2024-06-20,Completed,Mobile Money,22.37
1151,757,2025-04-08,Cancelled,Mobile Money,13.58
1152,2165,2024-10-09,Cancelled,Bank Transfer,18.43
1153,386,2025-06-18,Completed,Card,7.42
1154,1881,2024-09-27,Completed,Cash on Delivery,9.83
1155,1009,2024-05-30,Completed,Card,21.49
1156,2020,2024-10-28,Completed,Card,16.76
1157,944,2024-10-06,Completed,Mobile Money,19.5
1158,818,2024-09-13,Completed,Card,5.02
1159,15,2024-02-29,Completed,Cash on Delivery,21.82
1160,978,2024-04-30,Completed,Cash on Delivery,21.57
1161,733,2025-06-15,Completed,PayPal,21.4
1162,936,2025-03-31,Completed,PayPal,12.65
1163,2036,2025-02-09,Completed,Bank Transfer,22.68
1164,74,2025-07-04,Completed,Card,10.73
1165,1804,2025-12-31,Completed,Bank Transfer,4.38
1166,225,2024-12-16,Completed,PayPal,16.85
1167,1747,2025-12-27,Completed,Bank Transfer,22.5
1168,1037,2024-07-11,Completed,PayPal,15.13
1169,1346,2024-10-14,Completed,Mobile Money,15.59
1170,659,2025-10-23,Completed,Card,22.13
1171,1663,2024-08-13,Completed,Card,8.7
1172,1053,2024-12-14,Completed,Mobile Money,6.75
1173,2057,2024-07-20,Completed,Card,4.38
1174,1391,2025-10-03,Completed,Card,10.2
1175,1845,2024-10-04,Completed,PayPal,15.94
1176,338,2025-09-09,Completed,Bank Transfer,7.79
1177,2413,2025-10-01,Completed,Card,8.21
1178,1180,2024-02-21,Completed,Bank Transfer,16.29
1179,1545,2024-11-05,Completed,Mobile Money,12.84
1180,1756,2025-06-06,Completed,PayPal,8.8
1181,757,2024-04-27,Completed,PayPal,19.17
1182,1570,2025-09-21,Completed,Bank Transfer,17.91
1183,1468,2024-02-29,Cancelled,Mobile Money,16.87
1184,2078,2024-09-07,Completed,Card,6.09
1185,270,2024-06-01,Completed,Card,11.59
1186,425,2024-09-30,Completed,Bank Transfer,9.81
1187,977,2024-02-22,Completed,Mobile Money,15.36
1188,1907,2025-04-13,Completed,Card,18.32
1189,606,2024-01-09,Completed,Card,16.72
1190,630,2025-10-28,Completed,Card,23.99
1191,1741,2025-10-12,Completed,Card,21.73
1192,1453,2025-07-21,Completed,PayPal,23.29
1193,327,2025-07-04,Completed,Mobile Money,8.75
1194,2250,2025-01-11,Completed,Bank Transfer,20.3
1195,1417,2025-09-05,Completed,Cash on Delivery,21.17
1196,1133,2025-06-17,Completed,PayPal,19.93
1197,1140,2024-03-27,Completed,PayPal,18.37
1198,789,2024-05-11,Completed,Card,4.87
1199,1416,2024-05-28,Completed,Card,10.77
1200,394,2025-04-29,Completed,Card,3.79
1201,2360,2024-06-19,Completed,Bank Transfer,11.32
1202,2424,2024-12-08,Completed,Mobile Money,10.19
1203,2049,2025-07-19,Completed,Card,10.19
1204,625,2024-11-25,Completed,Card,16.01
1205,699,2025-06-22,Completed,Card,17.61
1206,1631,2024-09-25,Completed,Bank Transfer,9.7
1207,281,2025-05-30,Completed,Mobile Money,6.31
1208,2380,2024-12-14,Completed,Bank Transfer,5.53
1209,40,2025-02-09,Completed,Card,21.44
1210,1628,2025-01-15,Completed,Bank Transfer,10.36
1211,2452,2025-06-22,Completed,Bank Transfer,12.13
1212,1001,2025-06-26,Completed,Mobile Money,15.92
1213,244,2025-01-31,Completed,Card,21.85
1214,1497,2025-01-31,Completed,Cash on Delivery,17.21
1215,875,2024-10-22,Completed,Cash on Delivery,14.61
1216,2083,2025-02-13,Completed,PayPal,16.29
1217,113,2024-02-12,Completed,Mobile Money,22.52
1218,2297,2024-03-30,Completed,Mobile Money,15.4
1219,1973,2025-12-14,Completed,Mobile Money,13.51
1220,82,2024-05-10,Completed,PayPal,4.93
1221,654,2025-07-20,Completed,Bank Transfer,14.43
1222,1472,2024-02-13,Completed,Bank Transfer,19.95
1223,1187,2025-05-06,Completed,Cash on Delivery,8.97
1224,816,2024-11-22,Completed,Card,21.31
1225,2022,2025-02-26,Completed,Card,9.92
1226,506,2024-04-11,Completed,Card,3.05
1227,852,2025-03-09,Completed,Mobile Money,12.8
1228,2009,2025-11-19,Completed,Cash on Delivery,3.41
1229,886,2025-12-29,Completed,Cash on Delivery,22.15
1230,1543,2024-02-11,Completed,Card,12.17
1231,2121,2025-12-21,Completed,PayPal,13.36
1232,1270,2025-06-07,Completed,Card,13.61
1233,2000,2025-03-07,Completed,Mobile Money,24.62
1234,1947,2025-01-25,Completed,Bank Transfer,9.35
1235,1281,2025-02-02,Completed,Bank Transfer,3.59
1236,1325,2025-12-11,Completed,PayPal,12.16
1237,994,2025-09-06,Completed,Card,8.85
1238,461,2025-12-27,Completed,Card,6.7
1239,1573,2025-09-28,Completed,Card,14.56
1240,2482,2025-06-04,Completed,Card,22.86
1241,1304,2025-06-15,Completed,Mobile Money,6.09
1242,1840,2024-04-03,Completed,Bank Transfer,22.5
1243,2088,2024-04-16,Completed,Card,18.92
1244,1770,2024-05-04,Completed,Card,23.45
1245,1520,2025-06-04,Cancelled,Card,6.75
1246,522,2024-10-15,Completed,Mobile Money,22.49
1247,502,2024-04-18,Completed,Bank Transfer,23.43
1248,2406,2025-01-07,Completed,PayPal,20.02
1249,397,2025-10-27,Cancelled,Card,15.6
1250,2004,2025-06-12,Completed,Card,7.71
1251,1732,2024-11-03,Cancelled,Bank Transfer,22.49
1252,1279,2025-03-18,Completed,PayPal,10.22
1253,2083,2025-04-25,Returned,Card,9.0
1254,1326,2025-11-26,Completed,PayPal,14.44
1255,2036,2024-07-21,Completed,Cash on Delivery,23.2
1256,757,2025-01-28,Completed,Card,7.56
1257,184,2025-05-04,Completed,Mobile Money,23.66
1258,1018,2024-02-09,Completed,Cash on Delivery,11.14
1259,962,2024-10-24,Completed,Card,13.5
1260,804,2024-01-26,Completed,Cash on Delivery,23.39
1261,1756,2024-12-11,Completed,Mobile Money,21.97
1262,2178,2025-12-04,Completed,Cash on Delivery,7.83
1263,810,2024-10-24,Completed,Mobile Money,11.93
1264,1978,2024-02-21,Completed,Bank Transfer,9.71
1265,1368,2024-10-06,Completed,Cash on Delivery,24.07
1266,2034,2025-07-17,Completed,Mobile Money,23.35
1267,1381,2025-08-06,Completed,Mobile Money,10.13
1268,2191,2025-08-11,Returned,Card,6.82
1269,486,2025-10-10,Completed,Cash on Delivery,4.05
1270,2034,2025-10-31,Returned,Mobile Money,20.9
1271,2277,2024-10-01,Returned,Cash on Delivery,17.34
1272,2215,2025-08-08,Completed,PayPal,7.37
1273,1248,2024-01-08,Completed,Mobile Money,17.34
1274,2109,2025-10-03,Completed,Card,15.67
1275,412,2025-04-25,Completed,Card,11.73
1276,1469,2024-11-13,Completed,Bank Transfer,4.17
1277,315,2025-09-20,Completed,Card,20.22
1278,1070,2024-09-22,Returned,Bank Transfer,9.96
1279,348,2025-02-26,Cancelled,Card,22.54
1280,74,2025-08-26,Completed,Mobile Money,20.91
1281,1918,2024-09-04,Completed,Cash on Delivery,21.22
1282,660,2024-04-07,Completed,Cash on Delivery,19.21
1283,2123,2024-04-05,Completed,Card,14.47
1284,1363,2025-01-06,Completed,Card,23.83
1285,1264,2025-09-01,Completed,Card,16.77
1286,1535,2024-12-29,Completed,Bank Transfer,5.92
1287,203,2025-12-03,Completed,PayPal,19.26
1288,2385,2025-02-03,Completed,Mobile Money,20.57
1289,1231,2025-06-26,Completed,Bank Transfer,21.73
1290,600,2024-12-17,Completed,Card,8.63
1291,150,2025-09-16,Completed,Card,2.9
1292,651,2025-05-13,Completed,Card,9.39
1293,2354,2024-07-06,Completed,Card,8.84
1294,1624,2024-09-20,Completed,Mobile Money,9.16
1295,856,2024-09-23,Completed,Card,20.18
1296,2303,2025-04-01,Completed,Mobile Money,21.28
1297,1337,2025-11-23,Completed,Cash on Delivery,22.05
1298,491,2025-12-27,Completed,Card,11.9
1299,1270,2025-05-29,Completed,Cash on Delivery,17.19
1300,1572,2024-01-21,Completed,PayPal,4.22
1301,1201,2024-03-07,Completed,Card,18.26
1302,1866,2025-08-31,Completed,Bank Transfer,16.84
1303,188,2024-09-19,Completed,Mobile Money,14.59
1304,1552,2024-10-25,Completed,Mobile Money,17.85
1305,2165,2025-11-17,Completed,Bank Transfer,20.45
1306,1680,2024-06-21,Completed,PayPal,4.36
1307,2260,2024-01-28,Completed,Bank Transfer,17.55
1308,2043,2024-04-29,Completed,PayPal,14.6
1309,146,2025-07-12,Returned,Cash on Delivery,24.51
1310,2334,2024-10-14,Completed,Cash on Delivery,22.81
1311,24,2024-07-08,Completed,Mobile Money,11.02
1312,1960,2024-07-19,Completed,PayPal,21.46
1313,2000,2025-03-27,Completed,Card,4.11
1314,16,2024-04-07,Completed,Card,15.91
1315,859,2024-07-10,Completed,Card,9.54
1316,522,2025-12-06,Completed,Card,18.56
1317,1825,2025-07-17,Completed,Mobile Money,13.93
1318,2258,2025-06-26,Completed,Bank Transfer,9.08
1319,1948,2024-09-06,Completed,Card,2.93
1320,473,2024-01-16,Completed,Card,14.36
1321,733,2024-06-06,Completed,PayPal,11.46
1322,1411,2025-08-09,Completed,PayPal,24.73
1323,1834,2024-08-10,Completed,Cash on Delivery,21.31
1324,2190,2025-02-11,Completed,Mobile Money,17.1
1325,1107,2024-10-01,Completed,Card,3.25
1326,2022,2024-01-22,Completed,Bank Transfer,17.26
1327,300,2024-07-28,Completed,Card,16.11
1328,1959,2024-06-20,Completed,Bank Transfer,2.79
1329,1577,2025-08-19,Completed,Card,20.68
1330,2113,2025-01-28,Returned,Bank Transfer,9.82
1331,1344,2025-11-22,Completed,Mobile Money,11.57
1332,1623,2025-11-11,Completed,Card,17.16
1333,1001,2024-06-01,Completed,Mobile Money,10.83
1334,2323,2024-01-06,Completed,PayPal,17.29
1335,1900,2025-10-15,Completed,Card,13.56
1336,2209,2025-07-04,Completed,Card,14.76
1337,674,2025-01-17,Completed,Bank Transfer,19.98
1338,120,2025-03-16,Completed,Bank Transfer,17.04
1339,1136,2025-12-02,Completed,Mobile Money,8.49
1340,1539,2024-06-25,Completed,Bank Transfer,19.6
1341,1139,2025-08-06,Completed,Bank Transfer,23.84
1342,333,2025-10-14,Completed,Card,11.32
1343,960,2024-11-20,Completed,Card,18.3
1344,2263,2025-02-05,Completed,PayPal,14.22
1345,568,2024-01-31,Completed,Bank Transfer,5.77
1346,244,2024-07-21,Completed,Mobile Money,11.67
1347,2150,2024-07-12,Cancelled,PayPal,3.06
1348,752,2025-11-18,Completed,Card,18.06
1349,493,2024-04-01,Completed,Card,4.49
1350,726,2024-02-17,Completed,Mobile Money,21.77
1351,484,2024-10-12,Cancelled,Card,16.89
1352,1846,2025-03-16,Completed,Card,17.49
1353,694,2024-02-13,Completed,Card,8.27
1354,2346,2024-11-26,Completed,Card,24.0
1355,778,2025-01-05,Completed,Bank Transfer,12.79
1356,203,2025-09-07,Completed,Card,9.0
1357,1247,2025-07-16,Completed,PayPal,23.25
1358,2116,2025-12-02,Completed,Mobile Money,3.88
1359,247,2024-07-26,Completed,Bank Transfer,4.62
1360,2358,2025-08-14,Completed,Bank Transfer,6.46
1361,1703,2025-11-10,Completed,Card,13.47
1362,2254,2024-02-13,Completed,Mobile Money,16.06
1363,1691,2024-08-16,Completed,Card,6.44
1364,2003,2025-12-05,Completed,Mobile Money,7.48
1365,495,2024-08-01,Completed,Card,4.23
1366,2168,2025-09-05,Completed,Card,9.04
1367,2102,2024-03-30,Completed,Card,2.54
1368,461,2025-06-03,Completed,PayPal,7.77
1369,623,2024-04-01,Completed,Mobile Money,11.57
1370,533,2024-01-27,Completed,Cash on Delivery,24.64
1371,1626,2024-07-11,Returned,Bank Transfer,23.83
1372,789,2025-12-09,Completed,Card,5.15
1373,1332,2025-06-14,Completed,Cash on Delivery,3.66
1374,827,2025-02-21,Completed,PayPal,19.63
1375,2252,2025-12-18,Completed,Bank Transfer,13.4
1376,2380,2024-03-21,Completed,Card,13.27
1377,3,2024-01-09,Completed,Bank Transfer,4.2
1378,961,2025-09-01,Completed,PayPal,8.89
1379,587,2024-06-07,Completed,Bank Transfer,7.26
1380,1652,2024-10-23,Completed,PayPal,21.67
1381,1696,2025-12-26,Returned,Bank Transfer,10.99
1382,650,2025-01-26,Completed,Card,7.56
1383,514,2025-08-09,Completed,Card,11.78
1384,1117,2024-06-18,Completed,Card,6.35
1385,1805,2025-08-10,Completed,Card,9.06
1386,864,2025-02-12,Completed,Card,5.9
1387,2143,2024-09-16,Completed,Cash on Delivery,11.41
1388,1866,2024-04-07,Completed,Mobile Money,10.63
1389,1496,2024-09-24,Completed,PayPal,6.37
1390,2406,2025-04-17,Completed,Mobile Money,24.9
1391,827,2024-09-06,Completed,Bank Transfer,6.34
1392,1401,2025-08-26,Completed,Card,16.43
1393,1244,2025-03-25,Completed,Mobile Money,10.99
1394,1913,2024-01-14,Completed,Card,13.34
1395,873,2024-04-11,Completed,Card,6.91
1396,1574,2025-06-12,Cancelled,Mobile Money,15.87
1397,680,2024-06-20,Completed,Card,11.36
1398,792,2025-01-27,Completed,Card,20.45
1399,627,2024-08-15,Completed,Cash on Delivery,8.79
1400,800,2025-04-08,Completed,Card,15.79
1401,2318,2025-12-16,Completed,Cash on Delivery,8.5
1402,1516,2024-11-05,Completed,Mobile Money,23.55
1403,1488,2024-07-31,Completed,Mobile Money,8.29
1404,501,2024-12-15,Completed,Card,17.34
1405,354,2024-07-10,Completed,Card,22.55
1406,1687,2025-06-01,Completed,Cash on Delivery,24.09
1407,970,2024-04-23,Completed,Card,23.47
1408,2018,2025-12-03,Cancelled,Bank Transfer,23.98
1409,2411,2025-07-17,Completed,PayPal,12.37
1410,127,2025-06-13,Completed,Card,17.92
1411,575,2025-03-07,Completed,Mobile Money,16.6
1412,2498,2024-05-07,Completed,PayPal,4.05
1413,2454,2024-11-23,Completed,Card,13.78
1414,2455,2025-06-13,Completed,Card,21.97
1415,2243,2025-06-19,Completed,Card,17.52
1416,364,2024-01-04,Completed,Card,12.09
1417,1729,2025-05-22,Completed,Mobile Money,8.27
1418,2246,2025-08-06,Completed,Bank Transfer,22.69
1419,2323,2025-06-22,Completed,Card,14.43
1420,1150,2025-07-02,Returned,Bank Transfer,19.72
1421,2167,2024-11-30,Completed,PayPal,4.35
1422,1264,2025-03-27,Completed,PayPal,8.73
1423,546,2024-04-01,Cancelled,Card,18.48
1424,2419,2025-06-07,Completed,Card,19.32
1425,1206,2025-12-09,Completed,Bank Transfer,7.37
1426,1993,2024-06-03,Completed,Cash on Delivery,16.53
1427,2340,2024-05-28,Completed,Cash on Delivery,17.73
1428,486,2025-07-09,Completed,Mobile Money,17.72
1429,1286,2024-08-28,Completed,PayPal,22.19
1430,2470,2025-05-05,Completed,Bank Transfer,13.52
1431,1784,2025-12-27,Completed,Card,4.17
1432,1500,2024-03-02,Returned,Mobile Money,7.33
1433,1719,2025-07-25,Completed,Mobile Money,12.69
1434,1234,2024-08-23,Completed,Cash on Delivery,14.04
1435,2282,2024-06-27,Completed,Mobile Money,6.44
1436,6,2024-05-31,Completed,Cash on Delivery,21.01
1437,1573,2024-06-03,Completed,Card,9.57
1438,1978,2025-09-05,Completed,Bank Transfer,10.18
1439,311,2025-05-02,Completed,Card,13.07
1440,338,2025-05-25,Completed,Bank Transfer,9.61
1441,847,2024-04-17,Completed,Bank Transfer,23.02
1442,504,2025-02-26,Completed,Cash on Delivery,8.9
1443,2272,2024-01-29,Completed,Card,17.03
1444,722,2025-03-06,Completed,PayPal,4.67
1445,2041,2024-03-26,Completed,Card,8.32
1446,1727,2024-03-14,Completed,Bank Transfer,15.08
1447,1217,2025-04-11,Cancelled,Card,16.58
1448,1653,2024-05-02,Completed,PayPal,10.24
1449,871,2025-02-04,Completed,Card,22.28
1450,1663,2025-03-29,Completed,Mobile Money,7.47
1451,1098,2024-01-12,Completed,PayPal,11.91
1452,17,2025-03-11,Completed,Card,24.37
1453,1282,2024-12-05,Completed,Mobile Money,22.1
1454,1164,2025-12-24,Completed,Bank Transfer,3.81
1455,1409,2025-02-17,Completed,PayPal,8.37
1456,12,2024-12-25,Cancelled,Mobile Money,23.1
1457,2252,2025-09-03,Completed,Card,13.49
1458,423,2025-07-12,Completed,PayPal,16.06
1459,1253,2025-04-09,Completed,PayPal,16.97
1460,1009,2025-10-29,Completed,Bank Transfer,14.46
1461,2104,2025-12-19,Completed,Mobile Money,14.79
1462,1464,2024-10-26,Completed,Card,18.31
1463,60,2024-07-29,Completed,Card,8.52
1464,452,2024-10-26,Completed,Card,20.44
1465,1590,2025-07-11,Completed,Cash on Delivery,12.27
1466,31,2025-12-25,Completed,Card,3.22
1467,437,2024-11-11,Cancelled,Cash on Delivery,2.99
1468,1880,2024-06-11,Completed,Mobile Money,11.12
1469,2054,2025-05-24,Completed,PayPal,14.19
1470,731,2025-01-15,Completed,Card,14.8
1471,166,2024-03-17,Completed,Card,5.39
1472,705,2025-05-19,Completed,Card,13.54
1473,2154,2025-12-25,Completed,Cash on Delivery,6.72
1474,596,2025-11-26,Completed,Card,9.86
1475,2339,2025-08-18,Completed,Card,20.68
1476,169,2024-12-01,Completed,Card,16.43
1477,1028,2025-09-14,Completed,Bank Transfer,6.48
1478,1136,2024-04-26,Completed,Bank Transfer,13.85
1479,2331,2025-12-19,Completed,Card,3.75
1480,2296,2025-07-26,Completed,Card,20.73
1481,1588,2025-08-23,Completed,Card,3.04
1482,1736,2025-07-15,Completed,Card,19.98
1483,1982,2025-03-04,Completed,Cash on Delivery,18.25
1484,389,2024-03-31,Completed,Mobile Money,18.26
1485,1409,2024-08-17,Completed,Mobile Money,4.73
1486,1065,2025-06-27,Completed,Bank Transfer,8.88
1487,2205,2025-02-28,Completed,Bank Transfer,10.76
1488,413,2025-09-28,Completed,Mobile Money,21.24
1489,1859,2024-07-01,Completed,Mobile Money,14.75
1490,1043,2025-11-06,Completed,PayPal,19.59
1491,808,2025-07-11,Completed,Card,23.2
1492,1897,2025-12-25,Completed,Mobile Money,14.59
1493,1143,2024-04-20,Completed,Card,17.61
1494,487,2025-12-02,Cancelled,Mobile Money,12.98
1495,942,2025-12-11,Completed,Card,17.89
1496,542,2025-03-06,Completed,Bank Transfer,11.31
1497,169,2024-02-27,Completed,Mobile Money,21.46
1498,668,2025-06-23,Completed,Card,4.14
1499,1990,2024-03-11,Completed,PayPal,3.81
1500,305,2024-02-18,Completed,Bank Transfer,13.22
1501,2234,2025-06-20,Cancelled,PayPal,11.77
1502,1815,2025-01-14,Returned,Mobile Money,15.94
1503,980,2024-08-23,Completed,Bank Transfer,21.51
1504,2023,2025-10-09,Completed,Card,13.78
1505,300,2024-06-05,Completed,Card,11.41
1506,520,2025-01-18,Completed,PayPal,13.97
1507,2416,2024-09-26,Completed,Mobile Money,13.59
1508,1685,2024-09-30,Completed,Card,3.35
1509,1456,2024-01-10,Completed,Mobile Money,20.43
1510,2034,2025-02-24,Completed,Card,16.38
1511,1328,2024-01-08,Completed,Card,3.89
1512,526,2025-12-23,Completed,Card,6.13
1513,1638,2025-01-19,Completed,Bank Transfer,24.39
1514,2036,2024-12-11,Completed,PayPal,19.45
1515,2167,2025-09-29,Completed,Card,24.56
1516,679,2025-08-23,Completed,PayPal,9.49
1517,640,2024-05-13,Completed,Card,21.8
1518,2154,2025-02-27,Completed,PayPal,8.07
1519,1284,2024-02-13,Completed,Bank Transfer,6.17
1520,1165,2024-10-03,Completed,Bank Transfer,6.98
1521,931,2025-03-05,Completed,Bank Transfer,16.44
1522,265,2024-01-07,Completed,Bank Transfer,2.57
1523,2124,2025-07-03,Completed,Bank Transfer,9.6
1524,103,2025-04-17,Returned,PayPal,8.37
1525,261,2024-04-12,Completed,PayPal,21.21
1526,1493,2025-08-07,Cancelled,Card,11.46
1527,1333,2025-12-19,Completed,Bank Transfer,21.13
1528,919,2025-08-19,Completed,Mobile Money,5.24
1529,414,2024-02-29,Completed,PayPal,4.96
1530,1955,2025-12-10,Completed,Bank Transfer,15.01
1531,692,2024-12-01,Completed,Bank Transfer,2.96
1532,412,2025-11-19,Completed,Card,3.02
1533,369,2024-03-06,Completed,Card,8.04
1534,169,2024-11-01,Completed,PayPal,13.14
1535,120,2024-05-14,Completed,Card,3.91
1536,374,2025-07-15,Completed,Card,16.51
1537,1958,2025-04-22,Completed,Mobile Money,23.18
1538,1897,2025-06-16,Completed,PayPal,16.62
1539,1157,2024-02-27,Completed,Bank Transfer,24.98
1540,454,2025-03-09,Completed,Card,3.71
1541,1564,2025-02-12,Completed,Card,13.91
1542,1341,2025-07-18,Completed,Bank Transfer,22.98
1543,976,2024-08-15,Completed,Card,14.28
1544,2301,2025-07-09,Completed,Card,6.11
1545,2438,2025-08-03,Completed,Bank Transfer,20.95
1546,167,2025-03-13,Completed,Card,22.37
1547,984,2025-05-22,Completed,Card,3.74
1548,41,2024-02-17,Completed,Mobile Money,15.9
1549,2258,2025-01-17,Completed,Card,11.85
1550,1638,2025-09-03,Completed,Card,11.19
1551,2062,2025-03-05,Completed,Card,9.16
1552,2178,2024-07-10,Completed,Card,12.75
1553,848,2024-07-22,Completed,PayPal,13.05
1554,353,2024-01-07,Completed,Cash on Delivery,15.79
1555,74,2025-09-10,Completed,Card,6.81
1556,329,2025-04-21,Completed,Card,8.59
1557,1693,2024-07-08,Completed,Bank Transfer,3.52
1558,2452,2025-12-24,Completed,Card,7.44
1559,1601,2025-07-24,Completed,PayPal,12.79
1560,485,2025-05-21,Completed,Mobile Money,10.93
1561,975,2024-11-23,Completed,Card,24.41
1562,1937,2024-04-27,Completed,Bank Transfer,3.39
1563,323,2024-09-24,Completed,Bank Transfer,14.96
1564,557,2025-11-21,Completed,Card,13.92
1565,1816,2025-08-20,Completed,Mobile Money,20.83
1566,1923,2024-01-09,Completed,Card,13.13
1567,2164,2025-10-30,Completed,PayPal,11.06
1568,105,2025-09-14,Completed,Card,17.63
1569,1044,2025-04-06,Completed,Card,13.79
1570,2199,2025-11-18,Completed,Mobile Money,23.24
1571,237,2024-06-13,Completed,Card,10.4
1572,1719,2025-12-13,Completed,Card,7.21
1573,792,2025-12-18,Completed,Mobile Money,17.5
1574,1456,2024-01-23,Completed,Card,24.72
1575,926,2025-05-09,Returned,Card,5.86
1576,677,2024-04-17,Completed,Card,16.51
1577,2008,2025-12-19,Completed,Card,19.22
1578,269,2024-09-26,Completed,Cash on Delivery,16.55
1579,2439,2025-06-02,Completed,PayPal,19.73
1580,1491,2025-08-23,Completed,Card,12.57
1581,566,2025-11-22,Completed,Bank Transfer,15.27
1582,307,2025-12-25,Completed,Card,21.64
1583,191,2024-11-24,Completed,Bank Transfer,20.91
1584,640,2025-10-22,Completed,Bank Transfer,14.89
1585,1332,2024-09-26,Completed,Card,4.72
1586,1119,2024-07-04,Completed,Card,21.68
1587,1855,2024-10-17,Completed,PayPal,17.87
1588,1127,2025-03-03,Completed,PayPal,24.47
1589,359,2024-04-25,Completed,Card,2.57
1590,1647,2024-06-05,Completed,Card,14.08
1591,526,2025-11-02,Completed,Card,3.63
1592,695,2025-04-07,Completed,Mobile Money,14.51
1593,850,2024-09-26,Completed,Cash on Delivery,16.05
1594,792,2025-02-21,Completed,Card,10.12
1595,539,2024-12-10,Completed,PayPal,22.25
1596,1116,2025-12-01,Completed,Card,3.1
1597,551,2025-02-07,Completed,Card,15.27
1598,899,2024-04-21,Completed,Cash on Delivery,22.02
1599,2452,2024-11-07,Completed,Card,14.15
1600,1088,2025-09-27,Completed,Card,4.24
1601,2272,2024-06-30,Completed,Bank Transfer,2.91
1602,1371,2025-04-11,Completed,Bank Transfer,9.12
1603,1898,2025-09-22,Completed,Bank Transfer,24.93
1604,1427,2024-10-10,Completed,Card,10.71
1605,606,2024-11-09,Completed,Bank Transfer,21.05
1606,412,2024-04-14,Completed,Bank Transfer,3.8
1607,1954,2024-07-08,Completed,Bank Transfer,15.87
1608,856,2025-04-23,Completed,Card,19.04
1609,322,2025-10-16,Completed,Card,4.34
1610,859,2025-12-07,Completed,Card,15.73
1611,1753,2025-12-25,Completed,PayPal,20.11
1612,373,2024-12-30,Completed,Card,4.13
1613,1779,2025-01-30,Completed,Cash on Delivery,14.37
1614,1027,2025-12-26,Completed,Bank Transfer,19.97
1615,877,2024-05-03,Completed,PayPal,21.03
1616,2131,2025-06-22,Completed,PayPal,14.99
1617,113,2025-11-02,Completed,Card,9.13
1618,655,2025-01-04,Completed,Card,10.48
1619,743,2025-06-10,Completed,Card,8.34
1620,1965,2024-11-07,Completed,Card,15.66
1621,2323,2024-11-26,Completed,Card,18.71
1622,579,2025-08-15,Completed,Mobile Money,17.11
1623,516,2024-08-03,Completed,Card,3.76
1624,2035,2025-09-05,Completed,Card,8.25
1625,1626,2025-09-12,Completed,Mobile Money,21.5
1626,1558,2024-12-22,Completed,Card,21.25
1627,1177,2024-03-24,Completed,Mobile Money,20.83
1628,2359,2025-11-06,Completed,Bank Transfer,10.6
1629,1738,2024-05-31,Cancelled,Card,21.56
1630,2135,2024-07-21,Completed,Bank Transfer,10.66
1631,2454,2024-03-29,Completed,Mobile Money,11.3
1632,778,2024-03-26,Completed,Bank Transfer,14.5
1633,475,2024-10-01,Completed,PayPal,14.01
1634,1370,2025-09-26,Completed,PayPal,3.67
1635,1263,2025-06-21,Completed,Card,18.81
1636,1775,2024-09-23,Cancelled,Card,14.14
1637,213,2024-07-13,Completed,Card,6.07
1638,1695,2024-06-20,Completed,Card,8.06
1639,1056,2024-05-25,Completed,PayPal,14.57
1640,540,2024-07-25,Completed,Card,11.1
1641,1083,2024-12-03,Completed,Card,17.24
1642,1952,2024-02-11,Completed,Card,7.36
1643,395,2024-02-27,Completed,Card,21.29
1644,2057,2025-02-14,Returned,Mobile Money,9.48
1645,2142,2025-05-20,Completed,Bank Transfer,13.02
1646,249,2025-12-25,Completed,Card,21.95
1647,1382,2024-10-27,Completed,Card,22.78
1648,1127,2025-09-15,Completed,Mobile Money,21.87
1649,635,2025-04-27,Cancelled,Card,22.57
1650,1122,2024-10-28,Completed,Card,11.94
1651,922,2024-04-01,Completed,Bank Transfer,9.33
1652,1220,2025-06-08,Completed,Mobile Money,10.09
1653,1813,2025-01-28,Completed,Card,19.26
1654,535,2025-12-09,Completed,Bank Transfer,19.65
1655,11,2024-02-05,Completed,Card,6.69
1656,692,2025-09-19,Completed,Mobile Money,11.99
1657,757,2025-01-08,Completed,Mobile Money,7.86
1658,789,2025-12-27,Completed,Card,13.42
1659,1740,2025-03-12,Completed,Card,23.14
1660,1535,2025-11-26,Completed,PayPal,18.71
1661,1502,2025-07-07,Completed,Card,7.25
1662,2427,2024-11-18,Completed,Bank Transfer,8.08
1663,1568,2025-02-09,Completed,Card,7.08
1664,794,2024-07-26,Completed,PayPal,10.29
1665,1353,2025-11-21,Completed,Bank Transfer,23.31
1666,1472,2025-11-03,Completed,Bank Transfer,10.92
1667,626,2025-12-11,Completed,Bank Transfer,22.58
1668,1924,2024-02-08,Completed,PayPal,14.43
1669,2442,2025-02-07,Completed,Card,4.71
1670,1062,2025-08-28,Completed,Card,18.56
1671,2243,2025-08-26,Completed,Mobile Money,20.51
1672,2498,2025-10-06,Completed,Card,15.37
1673,384,2024-05-18,Completed,Bank Transfer,6.4
1674,435,2024-12-22,Completed,Mobile Money,3.59
1675,1253,2024-09-28,Completed,Mobile Money,20.27
1676,2180,2024-07-20,Completed,Bank Transfer,6.43
1677,441,2024-06-08,Completed,Cash on Delivery,23.26
1678,2278,2025-04-21,Completed,Bank Transfer,23.35
1679,1900,2025-05-07,Completed,PayPal,16.56
1680,2474,2024-11-21,Completed,Bank Transfer,16.9
1681,643,2025-08-24,Completed,Mobile Money,3.68
1682,2103,2025-02-07,Completed,Card,15.26
1683,628,2025-12-30,Completed,Cash on Delivery,12.98
1684,1469,2024-08-15,Completed,Card,3.49
1685,261,2025-03-26,Completed,Cash on Delivery,16.09
1686,1295,2025-08-25,Completed,Bank Transfer,15.82
1687,1863,2024-04-15,Completed,Card,9.63
1688,2384,2024-01-04,Completed,PayPal,17.51
1689,11,2025-05-19,Completed,PayPal,6.23
1690,820,2024-06-19,Completed,Card,8.51
1691,978,2025-06-24,Completed,Bank Transfer,3.21
1692,926,2025-04-11,Completed,PayPal,21.65
1693,2095,2024-05-15,Completed,Card,20.42
1694,1104,2025-03-03,Completed,Cash on Delivery,18.3
1695,2390,2024-08-22,Completed,Cash on Delivery,8.39
1696,600,2024-01-23,Completed,Card,12.91
1697,2063,2025-12-03,Completed,Card,13.21
1698,165,2025-06-17,Completed,PayPal,12.56
1699,15,2024-11-27,Completed,Bank Transfer,23.57
1700,655,2025-12-17,Completed,PayPal,8.67
1701,2454,2024-11-25,Returned,PayPal,22.77
1702,1673,2024-11-17,Completed,PayPal,4.32
1703,122,2024-04-10,Completed,PayPal,24.59
1704,2147,2024-03-20,Completed,Mobile Money,22.02
1705,501,2024-11-17,Completed,Mobile Money,11.79
1706,1703,2024-08-01,Completed,Bank Transfer,12.39
1707,936,2025-01-09,Completed,Mobile Money,8.75
1708,2316,2024-05-02,Completed,Mobile Money,20.79
1709,237,2025-02-15,Completed,Card,2.63
1710,1627,2024-11-13,Completed,Card,23.51
1711,1907,2025-10-24,Completed,Bank Transfer,8.02
1712,2391,2025-03-21,Completed,Card,22.5
1713,1622,2024-10-22,Completed,Bank Transfer,23.18
1714,827,2024-12-26,Completed,Card,8.21
1715,501,2024-06-09,Completed,Bank Transfer,14.24
1716,589,2024-03-25,Completed,Mobile Money,20.17
1717,548,2024-03-16,Completed,Card,16.18
1718,535,2025-09-20,Completed,PayPal,19.89
1719,2365,2025-09-12,Returned,Card,8.66
1720,944,2025-09-19,Completed,Bank Transfer,20.99
1721,792,2025-05-10,Completed,Card,14.54
1722,1630,2025-04-10,Completed,Mobile Money,20.67
1723,2333,2025-07-30,Completed,Cash on Delivery,15.66
1724,2279,2025-07-23,Completed,Card,24.4
1725,2062,2024-08-09,Completed,Bank Transfer,4.03
1726,969,2025-02-21,Completed,Card,15.68
1727,1672,2025-02-14,Completed,Bank Transfer,5.38
1728,937,2025-08-17,Completed,Card,5.45
1729,1903,2024-10-13,Completed,Card,17.61
1730,706,2025-05-03,Completed,Bank Transfer,7.39
1731,940,2025-01-28,Completed,Mobile Money,22.88
1732,660,2025-01-23,Completed,Cash on Delivery,3.34
1733,1626,2025-07-13,Completed,Bank Transfer,5.19
1734,643,2025-03-25,Completed,Card,14.75
1735,2437,2025-05-06,Completed,Bank Transfer,6.82
1736,398,2025-11-10,Completed,Card,6.25
1737,2054,2024-12-24,Completed,Mobile Money,19.43
1738,994,2025-02-02,Completed,Card,12.13
1739,1475,2025-07-27,Completed,PayPal,5.1
1740,1131,2025-11-26,Completed,Mobile Money,12.23
1741,2304,2025-09-05,Completed,Mobile Money,6.69
1742,982,2024-07-17,Completed,Card,11.45
1743,1879,2025-07-31,Cancelled,Mobile Money,6.88
1744,1693,2024-10-12,Completed,PayPal,8.97
1745,2253,2025-05-23,Completed,Bank Transfer,2.79
1746,434,2025-06-23,Completed,Card,21.98
1747,1269,2025-12-20,Completed,Bank Transfer,6.83
1748,431,2024-05-17,Completed,Card,9.5
1749,1774,2025-07-27,Completed,Card,16.72
1750,1970,2024-02-27,Completed,Card,17.55
1751,1275,2024-05-19,Completed,Mobile Money,6.62
1752,718,2024-09-20,Completed,Card,12.77
1753,298,2024-06-18,Completed,Card,7.26
1754,184,2024-12-02,Completed,Card,19.31
1755,2286,2024-04-27,Completed,Card,22.75
1756,495,2024-08-02,Cancelled,Mobile Money,5.02
1757,2042,2025-09-27,Completed,PayPal,11.75
1758,2153,2025-08-12,Completed,Card,9.97
1759,751,2024-06-25,Completed,Card,8.53
1760,300,2025-06-11,Completed,PayPal,24.88
1761,1864,2024-05-15,Completed,PayPal,13.65
1762,1143,2025-04-24,Completed,Mobile Money,12.07
1763,513,2025-07-26,Completed,Mobile Money,3.63
1764,1067,2025-05-07,Completed,Card,20.93
1765,223,2024-03-21,Completed,Bank Transfer,5.06
1766,1631,2024-01-08,Completed,Card,8.32
1767,699,2025-04-10,Completed,Card,9.57
1768,944,2024-10-21,Completed,Bank Transfer,7.95
1769,1377,2024-04-26,Completed,Cash on Delivery,16.86
1770,501,2024-09-16,Completed,PayPal,8.72
1771,2180,2025-07-29,Completed,Mobile Money,3.48
1772,2282,2024-04-05,Returned,Card,23.79
1773,2096,2025-11-10,Completed,PayPal,24.7
1774,1846,2025-12-21,Completed,PayPal,4.19
1775,352,2024-05-03,Completed,Card,7.26
1776,1217,2025-08-26,Completed,Card,3.48
1777,657,2025-03-19,Completed,Bank Transfer,15.08
1778,6,2025-03-21,Completed,Card,8.8
1779,752,2025-07-01,Completed,Card,9.92
1780,1862,2025-11-14,Completed,Mobile Money,4.71
1781,418,2024-09-11,Completed,Bank Transfer,19.87
1782,2109,2024-05-27,Returned,Card,9.21
1783,1599,2024-05-11,Completed,Bank Transfer,12.06
1784,962,2024-10-10,Completed,Card,18.14
1785,1279,2024-04-14,Completed,Card,10.49
1786,595,2024-06-14,Returned,Bank Transfer,17.77
1787,1816,2025-08-13,Completed,PayPal,18.01
1788,111,2024-02-23,Completed,Card,15.57
1789,1403,2024-03-12,Completed,Card,7.31
1790,2091,2025-05-20,Completed,Mobile Money,2.92
1791,2389,2024-12-13,Completed,PayPal,7.54
1792,2219,2024-06-10,Completed,Bank Transfer,14.4
1793,2411,2024-02-19,Completed,Card,2.86
1794,2377,2025-10-28,Completed,Bank Transfer,18.18
1795,580,2024-07-07,Completed,Bank Transfer,8.52
1796,2172,2025-07-13,Completed,PayPal,15.41
1797,1822,2025-01-17,Completed,Cash on Delivery,8.32
1798,687,2024-07-13,Completed,Mobile Money,13.7
1799,2046,2024-10-13,Completed,Bank Transfer,13.16
1800,2349,2024-10-23,Completed,Card,9.99
1801,2424,2024-09-22,Completed,Cash on Delivery,15.04
1802,1171,2024-10-21,Completed,Card,13.77
1803,1740,2024-07-08,Completed,PayPal,10.57
1804,2480,2025-06-27,Completed,Cash on Delivery,19.03
1805,1195,2024-01-26,Completed,PayPal,20.72
1806,1788,2025-03-06,Completed,Bank Transfer,7.52
1807,194,2024-12-12,Completed,Card,15.11
1808,322,2024-12-02,Completed,PayPal,19.37
1809,2349,2024-06-10,Completed,Mobile Money,21.23
1810,2375,2024-01-16,Completed,Mobile Money,3.58
1811,2330,2025-07-29,Completed,Mobile Money,11.32
1812,1490,2025-10-20,Completed,Card,20.51
1813,1415,2025-11-30,Completed,Card,18.56
1814,1568,2025-04-23,Completed,Mobile Money,21.39
1815,1070,2025-04-16,Completed,Card,4.92
1816,569,2024-01-07,Completed,PayPal,22.85
1817,2393,2024-03-21,Completed,Mobile Money,22.01
1818,2155,2025-12-25,Completed,Mobile Money,3.24
1819,2041,2024-01-15,Completed,PayPal,8.07
1820,2285,2024-03-01,Completed,Card,17.28
1821,1224,2024-09-17,Completed,Bank Transfer,4.91
1822,6,2025-06-07,Completed,Mobile Money,5.86
1823,2059,2024-12-20,Completed,Cash on Delivery,21.07
1824,1434,2024-11-09,Completed,Mobile Money,18.34
1825,172,2025-12-06,Completed,Bank Transfer,14.91
1826,1811,2025-09-17,Completed,Bank Transfer,5.95
1827,1518,2024-04-11,Completed,Mobile Money,9.11
1828,1642,2024-11-19,Completed,Cash on Delivery,24.66
1829,286,2024-04-01,Completed,Card,5.55
1830,1195,2024-09-04,Returned,Cash on Delivery,23.26
1831,1623,2024-02-19,Completed,Bank Transfer,3.33
1832,1135,2025-11-01,Completed,Card,4.02
1833,1076,2024-05-26,Completed,Card,15.25
1834,977,2024-12-01,Completed,Cash on Delivery,13.3
1835,1472,2025-01-17,Completed,PayPal,24.48
1836,1855,2025-06-23,Completed,Card,12.85
1837,1717,2024-03-15,Completed,Mobile Money,9.11
1838,2074,2024-04-07,Completed,Card,14.05
1839,1805,2025-05-26,Completed,Bank Transfer,11.64
1840,2253,2025-10-02,Completed,Bank Transfer,11.25
1841,725,2024-07-09,Completed,Bank Transfer,14.94
1842,2378,2024-06-11,Completed,Card,17.0
1843,2339,2024-01-14,Completed,Card,12.72
1844,40,2025-02-17,Completed,Card,12.77
1845,988,2024-07-12,Completed,Card,20.22
1846,2178,2025-01-06,Completed,Mobile Money,8.45
1847,1997,2025-09-11,Completed,Card,4.64
1848,102,2024-05-26,Completed,Card,23.75
1849,1846,2025-06-01,Completed,Card,21.75
1850,1587,2025-05-10,Completed,Card,20.69
1851,1335,2025-05-03,Completed,Mobile Money,15.88
1852,56,2024-02-19,Completed,PayPal,6.18
1853,278,2025-04-05,Completed,Card,2.91
1854,743,2025-05-18,Completed,Bank Transfer,23.61
1855,994,2025-01-11,Completed,PayPal,17.56
1856,1961,2025-04-19,Cancelled,Card,10.25
1857,614,2024-09-18,Completed,Card,19.48
1858,700,2025-03-20,Completed,Card,7.49
1859,664,2025-11-19,Completed,Bank Transfer,3.36
1860,1934,2025-11-23,Completed,Bank Transfer,20.91
1861,2119,2025-05-15,Completed,Card,4.91
1862,1207,2024-06-08,Completed,Cash on Delivery,3.39
1863,899,2024-01-15,Completed,Bank Transfer,23.26
1864,1861,2024-11-25,Completed,Card,14.67
1865,856,2025-05-28,Returned,Card,20.13
1866,2178,2024-01-02,Completed,PayPal,4.96
1867,803,2024-12-05,Completed,Mobile Money,4.2
1868,1242,2024-05-02,Completed,Mobile Money,15.61
1869,2028,2025-03-05,Completed,Card,19.77
1870,406,2024-11-14,Completed,Bank Transfer,22.38
1871,2018,2025-12-15,Completed,Bank Transfer,18.42
1872,1170,2024-11-24,Completed,Card,18.82
1873,2151,2024-12-04,Completed,Card,12.48
1874,1180,2025-06-15,Completed,Bank Transfer,3.05
1875,328,2024-01-06,Completed,Bank Transfer,8.44
1876,56,2024-08-15,Completed,PayPal,19.11
1877,1723,2024-02-09,Completed,PayPal,20.35
1878,2144,2025-07-18,Completed,Card,9.1
1879,1376,2024-09-20,Completed,Mobile Money,20.83
1880,866,2025-05-29,Completed,PayPal,6.87
1881,1239,2025-04-04,Completed,Card,4.6
1882,1169,2025-08-08,Completed,Bank Transfer,16.14
1883,248,2024-03-11,Completed,Bank Transfer,5.13
1884,1622,2024-07-10,Returned,Mobile Money,17.82
1885,1395,2024-06-24,Completed,Card,6.04
1886,726,2024-10-23,Completed,Bank Transfer,9.92
1887,23,2025-08-07,Completed,Mobile Money,16.06
1888,1901,2024-08-28,Completed,Cash on Delivery,4.02
1889,723,2025-11-27,Completed,Card,17.11
1890,567,2024-09-29,Completed,Card,14.49
1891,526,2025-07-12,Completed,PayPal,24.51
1892,462,2025-06-11,Completed,Card,10.16
1893,951,2025-07-03,Cancelled,PayPal,21.68
1894,36,2025-08-01,Completed,Bank Transfer,20.15
1895,364,2025-02-21,Completed,Mobile Money,8.4
1896,2222,2024-05-29,Completed,Mobile Money,24.51
1897,1587,2025-05-13,Completed,Bank Transfer,13.06
1898,44,2025-09-17,Completed,Bank Transfer,24.55
1899,2063,2025-08-18,Completed,Cash on Delivery,21.27
1900,954,2025-08-05,Completed,Bank Transfer,21.52
1901,550,2025-02-11,Completed,Card,17.53
1902,1632,2024-06-30,Completed,Mobile Money,5.37
1903,2481,2025-06-24,Completed,PayPal,3.75
1904,2301,2024-10-15,Completed,Cash on Delivery,24.85
1905,2228,2025-02-25,Completed,Card,7.83
1906,722,2025-10-27,Cancelled,Bank Transfer,12.04
1907,2391,2024-02-04,Completed,Bank Transfer,5.28
1908,561,2024-07-12,Completed,Card,16.29
1909,632,2024-09-09,Completed,Card,13.41
1910,1344,2025-09-07,Returned,Card,3.77
1911,1321,2024-05-14,Returned,Bank Transfer,5.11
1912,1463,2024-05-04,Completed,Bank Transfer,13.89
1913,1924,2024-11-26,Completed,Mobile Money,3.36
1914,792,2025-05-07,Completed,PayPal,7.86
1915,1377,2025-08-22,Completed,Cash on Delivery,9.69
1916,1275,2025-02-26,Completed,Cash on Delivery,6.04
1917,2289,2024-06-05,Completed,Card,19.17
1918,1694,2024-05-02,Completed,PayPal,24.27
1919,250,2024-09-26,Completed,Card,18.84
1920,2203,2025-05-02,Completed,Bank Transfer,11.14
1921,597,2025-03-25,Completed,Mobile Money,12.73
1922,619,2025-11-06,Completed,PayPal,20.35
1923,1753,2024-10-25,Completed,Mobile Money,15.1
1924,1104,2024-10-29,Completed,Mobile Money,7.51
1925,2178,2025-08-04,Completed,Mobile Money,22.95
1926,1570,2025-07-13,Completed,Mobile Money,7.29
1927,236,2024-07-31,Completed,PayPal,23.11
1928,1597,2025-01-26,Completed,Mobile Money,12.76
1929,1718,2025-01-20,Completed,Bank Transfer,13.49
1930,1897,2025-11-03,Completed,Mobile Money,10.39
1931,1253,2024-12-24,Completed,Card,12.24
1932,2454,2025-04-13,Completed,Bank Transfer,4.83
1933,2154,2025-04-13,Completed,Bank Transfer,7.05
1934,1197,2025-04-23,Completed,PayPal,15.19
1935,1183,2025-01-01,Completed,Cash on Delivery,23.03
1936,2470,2025-09-04,Completed,Card,14.07
1937,1139,2025-06-03,Completed,Bank Transfer,21.47
1938,1357,2024-02-25,Completed,Bank Transfer,13.73
1939,2443,2025-10-12,Completed,Card,4.46
1940,448,2025-01-23,Completed,Card,11.28
1941,2270,2025-07-30,Completed,Bank Transfer,21.37
1942,968,2024-08-18,Completed,Card,14.96
1943,2240,2024-11-06,Completed,Mobile Money,5.9
1944,339,2025-11-28,Cancelled,Card,7.66
1945,289,2025-01-21,Completed,Card,15.5
1946,359,2024-06-14,Completed,Bank Transfer,6.44
1947,984,2025-10-14,Completed,Card,19.33
1948,167,2024-01-14,Completed,Bank Transfer,23.56
1949,2253,2024-08-26,Completed,Card,18.19
1950,1112,2024-04-26,Completed,Cash on Delivery,21.19
1951,169,2025-12-22,Completed,Card,19.25
1952,241,2024-03-20,Cancelled,Card,2.77
1953,1984,2024-01-03,Completed,PayPal,15.65
1954,773,2024-12-03,Completed,Bank Transfer,16.16
1955,1930,2024-02-28,Completed,Bank Transfer,4.53
1956,2391,2025-09-30,Completed,Card,15.71
1957,256,2025-05-22,Completed,Mobile Money,15.49
1958,1384,2024-05-08,Completed,Bank Transfer,13.67
1959,553,2025-08-09,Completed,Card,19.37
1960,194,2024-05-27,Completed,Card,24.7
1961,1775,2025-09-25,Completed,Card,12.43
1962,1247,2025-11-25,Completed,Card,15.41
1963,1263,2024-08-17,Completed,Card,21.67
1964,190,2024-10-16,Completed,Card,22.74
1965,2348,2024-01-28,Completed,Bank Transfer,3.26
1966,2141,2025-11-27,Cancelled,Bank Transfer,24.22
1967,2424,2025-03-26,Completed,Mobile Money,6.55
1968,2122,2025-11-21,Cancelled,Card,3.98
1969,2454,2024-04-11,Completed,Bank Transfer,14.84
1970,1148,2024-05-11,Completed,Mobile Money,18.02
1971,1318,2024-01-07,Completed,Bank Transfer,12.06
1972,2149,2024-04-01,Completed,Mobile Money,9.88
1973,2399,2025-06-10,Completed,Mobile Money,16.4
1974,944,2025-11-10,Returned,Bank Transfer,10.69
1975,1944,2025-10-06,Completed,Card,6.6
1976,140,2025-03-12,Completed,Card,15.93
1977,286,2024-03-03,Completed,Card,22.94
1978,1727,2024-05-04,Completed,Cash on Delivery,12.72
1979,2164,2025-04-06,Completed,Bank Transfer,16.43
1980,1701,2025-09-25,Cancelled,Bank Transfer,16.11
1981,1082,2024-05-18,Completed,Card,24.82
1982,1242,2025-10-09,Completed,PayPal,23.25
1983,585,2025-05-11,Completed,Bank Transfer,15.12
1984,2405,2025-08-07,Completed,Bank Transfer,18.07
1985,1308,2024-08-25,Completed,Card,19.32
1986,1203,2024-06-26,Cancelled,Card,10.46
1987,41,2024-09-21,Completed,Bank Transfer,17.54
1988,1228,2024-04-19,Completed,PayPal,20.1
1989,1706,2024-12-25,Returned,PayPal,22.67
1990,473,2025-04-21,Completed,Bank Transfer,9.61
1991,1149,2025-04-27,Completed,Cash on Delivery,6.05
1992,729,2025-09-03,Completed,Cash on Delivery,20.41
1993,1722,2024-06-27,Completed,Card,10.36
1994,824,2025-08-10,Completed,Mobile Money,6.09
1995,1663,2025-07-13,Completed,Cash on Delivery,3.05
1996,1586,2025-11-24,Returned,Card,10.13
1997,276,2024-11-29,Completed,Bank Transfer,12.95
1998,888,2025-10-10,Completed,Bank Transfer,16.82
1999,1794,2025-08-07,Completed,Cash on Delivery,6.13
2000,752,2025-08-07,Completed,PayPal,16.44
2001,235,2024-07-26,Completed,Bank Transfer,9.64
2002,849,2025-09-07,Completed,PayPal,4.31
2003,2149,2025-04-20,Completed,Card,23.21
2004,2388,2024-09-16,Completed,Bank Transfer,15.2
2005,323,2024-01-10,Completed,Cash on Delivery,2.7
2006,1228,2024-05-12,Completed,Card,20.68
2007,1644,2024-08-11,Completed,Cash on Delivery,8.96
2008,944,2024-07-21,Completed,Card,11.04
2009,167,2025-06-04,Completed,PayPal,7.14
2010,884,2025-05-23,Completed,Mobile Money,17.13
2011,1306,2025-04-27,Completed,Card,16.47
2012,368,2024-05-16,Returned,Bank Transfer,14.88
2013,1109,2024-08-03,Completed,PayPal,7.39
2014,1945,2024-09-24,Completed,Card,18.86
2015,1727,2024-10-15,Completed,Mobile Money,10.5
2016,1883,2025-04-11,Completed,Bank Transfer,20.62
2017,1147,2024-04-16,Completed,Card,14.98
2018,198,2024-05-08,Completed,Card,20.62
2019,2372,2025-01-02,Completed,PayPal,3.68
2020,1941,2024-04-18,Completed,PayPal,3.57
2021,1944,2024-09-04,Completed,Bank Transfer,8.96
2022,337,2025-06-26,Completed,Mobile Money,19.6
2023,1261,2024-08-19,Completed,Bank Transfer,8.69
2024,312,2025-03-18,Completed,Card,6.94
2025,1405,2024-10-04,Completed,Card,3.3
2026,2416,2025-07-23,Completed,Bank Transfer,3.45
2027,2443,2024-05-18,Completed,Mobile Money,16.86
2028,2403,2025-01-23,Completed,Card,20.52
2029,963,2025-01-05,Completed,Card,10.64
2030,395,2025-08-14,Completed,Card,24.39
2031,832,2024-03-17,Completed,Bank Transfer,18.26
2032,997,2025-08-07,Completed,Bank Transfer,18.62
2033,1094,2024-05-22,Completed,Card,23.11
2034,1538,2024-11-24,Completed,Card,7.53
2035,118,2024-04-06,Completed,PayPal,10.49
2036,93,2025-03-13,Completed,Cash on Delivery,23.53
2037,1698,2024-07-15,Cancelled,Mobile Money,16.75
2038,141,2025-09-17,Completed,Bank Transfer,3.66
2039,1263,2024-03-30,Completed,Card,10.92
2040,2258,2024-05-22,Completed,Mobile Money,9.91
2041,1119,2025-07-02,Completed,Bank Transfer,5.66
2042,2195,2025-10-31,Completed,PayPal,18.82
2043,921,2024-11-13,Completed,Cash on Delivery,7.75
2044,2095,2025-10-04,Completed,Card,3.0
2045,827,2025-03-20,Completed,Card,4.28
2046,1658,2024-10-24,Completed,Mobile Money,20.09
2047,1044,2025-10-15,Completed,Bank Transfer,3.71
2048,795,2024-11-02,Completed,Mobile Money,15.79
2049,1824,2024-02-06,Completed,Cash on Delivery,19.99
2050,2393,2025-08-31,Completed,Card,16.95
2051,673,2024-10-20,Returned,PayPal,17.43
2052,1840,2025-07-28,Completed,Mobile Money,13.72
2053,1943,2025-12-13,Completed,Bank Transfer,4.07
2054,821,2024-01-07,Completed,Card,4.59
2055,213,2025-03-22,Completed,Bank Transfer,19.41
2056,2232,2024-12-20,Completed,Cash on Delivery,8.76
2057,1873,2024-03-28,Completed,Bank Transfer,8.91
2058,2191,2025-11-11,Completed,Mobile Money,12.62
2059,1870,2024-06-29,Completed,Mobile Money,16.02
2060,2000,2024-05-25,Completed,Bank Transfer,24.19
2061,1220,2024-05-16,Completed,Cash on Delivery,7.65
2062,1927,2025-08-03,Returned,Card,9.86
2063,829,2025-07-13,Completed,Card,16.8
2064,944,2025-09-24,Completed,PayPal,6.03
2065,1597,2025-04-22,Completed,Card,18.61
2066,1504,2025-06-20,Completed,Card,4.9
2067,1775,2024-04-08,Completed,Card,4.05
2068,105,2024-09-27,Completed,Card,14.9
2069,1056,2024-03-02,Completed,Card,20.4
2070,1661,2024-08-26,Completed,Bank Transfer,20.27
2071,1138,2024-01-20,Completed,Mobile Money,10.91
2072,392,2024-11-26,Completed,Bank Transfer,12.69
2073,1572,2025-02-09,Completed,PayPal,22.67
2074,764,2024-11-29,Returned,Card,20.3
2075,321,2025-01-12,Completed,Cash on Delivery,8.08
2076,1007,2025-03-10,Completed,Card,6.89
2077,2226,2025-10-21,Completed,Card,2.87
2078,2114,2024-01-11,Completed,Bank Transfer,10.13
2079,2228,2025-01-29,Completed,Bank Transfer,24.36
2080,861,2024-05-21,Completed,Bank Transfer,20.26
2081,440,2024-12-27,Completed,Mobile Money,3.66
2082,1155,2025-03-18,Completed,PayPal,12.44
2083,2267,2024-09-08,Completed,Card,19.19
2084,1918,2024-12-28,Completed,Bank Transfer,8.37
2085,1879,2025-03-18,Completed,Card,7.47
2086,1659,2025-06-15,Completed,Cash on Delivery,11.83
2087,180,2025-07-17,Completed,Card,3.1
2088,2066,2024-06-26,Completed,Card,12.45
2089,587,2024-02-22,Completed,Card,12.43
2090,534,2025-06-07,Completed,Card,21.89
2091,2096,2025-07-11,Completed,Bank Transfer,11.52
2092,732,2024-04-16,Completed,Mobile Money,18.36
2093,1245,2024-02-09,Completed,Bank Transfer,19.25
2094,885,2024-02-27,Completed,Card,5.54
2095,893,2024-04-17,Completed,Bank Transfer,8.44
2096,880,2025-06-24,Completed,Bank Transfer,9.31
2097,250,2024-09-30,Completed,Mobile Money,10.23
2098,91,2024-11-26,Completed,Bank Transfer,22.42
2099,525,2024-02-17,Completed,Card,15.65
2100,245,2024-02-20,Completed,PayPal,10.66
2101,2191,2024-01-07,Completed,PayPal,3.49
2102,1499,2024-07-11,Completed,Card,10.3
2103,1207,2025-01-27,Completed,Cash on Delivery,23.67
2104,578,2024-04-12,Completed,Card,14.28
2105,2411,2024-03-10,Completed,Bank Transfer,16.81
2106,2348,2024-12-05,Completed,PayPal,20.27
2107,1455,2024-04-12,Completed,Bank Transfer,3.86
2108,814,2024-02-16,Completed,Bank Transfer,7.97
2109,562,2024-10-07,Completed,PayPal,19.09
2110,999,2024-05-12,Completed,Cash on Delivery,5.88
2111,675,2024-09-14,Completed,Card,4.24
2112,578,2025-10-10,Completed,Cash on Delivery,17.39
2113,627,2025-12-02,Completed,Card,11.42
2114,659,2025-05-03,Completed,Card,10.57
2115,167,2025-01-28,Completed,Bank Transfer,23.4
2116,2190,2025-10-13,Completed,Card,22.67
2117,1113,2024-11-23,Completed,Bank Transfer,5.87
2118,143,2025-11-08,Completed,Bank Transfer,8.0
2119,660,2025-10-27,Completed,Bank Transfer,19.21
2120,1901,2025-02-02,Completed,Bank Transfer,8.5
2121,1335,2024-06-06,Completed,Mobile Money,7.77
2122,1264,2025-02-18,Completed,Cash on Delivery,4.24
2123,1745,2025-04-22,Completed,Bank Transfer,20.84
2124,1370,2024-12-22,Completed,Bank Transfer,8.44
2125,2066,2025-03-17,Completed,Card,7.24
2126,1788,2024-05-21,Completed,Card,14.68
2127,248,2024-06-24,Completed,PayPal,15.66
2128,1274,2025-11-08,Completed,PayPal,17.38
2129,1435,2025-08-02,Completed,Bank Transfer,16.24
2130,630,2025-06-17,Completed,Card,21.08
2131,1313,2025-05-16,Completed,Bank Transfer,12.75
2132,1490,2024-12-19,Completed,Bank Transfer,5.14
2133,1683,2024-06-03,Completed,Cash on Delivery,20.25
2134,1100,2024-08-23,Completed,Mobile Money,8.83
2135,1344,2024-10-19,Completed,Card,16.52
2136,742,2025-01-14,Returned,Card,2.92
2137,1624,2025-07-26,Completed,Bank Transfer,13.57
2138,2424,2025-01-23,Completed,Bank Transfer,6.88
2139,1701,2025-08-15,Completed,Cash on Delivery,10.92
2140,1011,2024-09-12,Completed,Bank Transfer,4.63
2141,676,2024-04-30,Completed,Card,12.92
2142,1381,2025-02-07,Completed,Card,23.88
2143,920,2024-08-11,Completed,PayPal,20.07
2144,1763,2025-03-24,Completed,Card,13.73
2145,2067,2025-12-08,Completed,Bank Transfer,16.62
2146,1394,2025-02-07,Completed,Card,22.33
2147,110,2024-07-27,Completed,Bank Transfer,11.58
2148,1609,2024-08-16,Completed,Card,15.8
2149,2420,2025-11-08,Completed,Card,12.97
2150,926,2025-02-15,Completed,Mobile Money,11.54
2151,2472,2025-11-11,Completed,Card,2.59
2152,2402,2024-04-10,Completed,PayPal,6.4
2153,1055,2025-11-24,Completed,Card,9.56
2154,1367,2024-04-30,Completed,Mobile Money,19.0
2155,1994,2025-11-26,Completed,Bank Transfer,8.69
2156,1514,2024-09-28,Completed,PayPal,22.43
2157,1973,2025-03-20,Completed,Bank Transfer,21.06
2158,2218,2025-05-15,Completed,Card,22.54
2159,2378,2024-09-05,Completed,Mobile Money,16.25
2160,1504,2024-01-09,Completed,Bank Transfer,22.16
2161,245,2025-08-18,Completed,Mobile Money,14.95
2162,74,2024-01-02,Cancelled,Bank Transfer,18.86
2163,2339,2024-08-04,Completed,Card,15.72
2164,351,2024-12-13,Completed,Card,17.29
2165,184,2025-07-20,Completed,Mobile Money,15.29
2166,1055,2024-05-28,Completed,Card,5.93
2167,2165,2025-09-29,Completed,Card,24.23
2168,122,2025-10-24,Completed,Bank Transfer,24.87
2169,332,2025-01-09,Completed,Mobile Money,8.89
2170,778,2025-10-04,Completed,Card,12.1
2171,1044,2024-12-27,Completed,PayPal,12.33
2172,815,2025-09-28,Completed,PayPal,16.68
2173,1170,2024-04-08,Completed,Bank Transfer,17.74
2174,1308,2024-12-07,Completed,Card,24.76
2175,2069,2025-03-19,Completed,Card,24.73
2176,2057,2024-04-02,Completed,Card,9.27
2177,881,2025-10-05,Completed,Card,3.58
2178,1421,2024-06-15,Completed,Card,9.95
2179,1030,2024-09-09,Completed,Cash on Delivery,21.25
2180,978,2025-12-19,Completed,Bank Transfer,18.13
2181,2080,2024-10-31,Completed,Card,18.22
2182,572,2024-12-30,Completed,PayPal,10.68
2183,893,2024-08-09,Completed,Card,23.43
2184,2012,2024-08-18,Completed,Card,3.86
2185,899,2025-05-18,Completed,Mobile Money,18.22
2186,2451,2024-07-17,Completed,Card,18.04
2187,763,2024-03-14,Completed,Card,6.97
2188,332,2024-08-02,Completed,Cash on Delivery,17.25
2189,2039,2024-08-29,Completed,PayPal,21.84
2190,2021,2024-03-31,Completed,PayPal,3.53
2191,1347,2025-08-21,Completed,Card,11.38
2192,1532,2024-10-27,Completed,Card,7.68
2193,2348,2024-04-24,Completed,Card,22.15
2194,1044,2025-10-10,Completed,Bank Transfer,6.82
2195,1924,2025-04-29,Completed,PayPal,22.1
2196,1572,2024-06-24,Completed,Cash on Delivery,18.35
2197,486,2024-02-20,Completed,Card,11.26
2198,73,2025-05-13,Completed,Card,24.22
2199,847,2024-04-06,Completed,Bank Transfer,22.27
2200,1764,2025-03-13,Completed,Bank Transfer,5.34
2201,2202,2025-01-27,Completed,Card,21.06
2202,973,2025-05-06,Completed,Card,17.6
2203,883,2024-09-19,Completed,Card,21.21
2204,711,2025-11-05,Completed,Mobile Money,20.64
2205,1445,2024-04-11,Completed,Card,21.11
2206,1277,2024-07-04,Completed,Card,5.59
2207,2022,2025-10-22,Returned,Bank Transfer,22.42
2208,1475,2025-04-10,Completed,Bank Transfer,13.94
2209,1016,2025-05-02,Completed,PayPal,3.07
2210,1289,2024-03-18,Completed,Card,24.85
2211,139,2024-11-17,Completed,PayPal,12.53
2212,2243,2025-05-12,Completed,Card,10.45
2213,1596,2024-03-18,Completed,Bank Transfer,24.43
2214,1901,2025-11-27,Completed,Cash on Delivery,18.81
2215,745,2024-05-05,Completed,Card,18.82
2216,2018,2025-08-21,Completed,Card,3.72
2217,2289,2024-09-27,Completed,Mobile Money,17.15
2218,791,2024-09-02,Completed,PayPal,8.65
2219,1356,2024-09-19,Completed,Card,4.84
2220,2415,2025-09-26,Completed,Card,7.63
2221,322,2024-09-09,Completed,Bank Transfer,23.84
2222,1180,2024-07-30,Completed,Card,5.06
2223,2253,2025-06-26,Completed,PayPal,4.89
2224,1695,2024-04-02,Completed,Card,22.91
2225,2067,2025-07-13,Returned,Card,19.9
2226,1331,2024-09-07,Completed,Bank Transfer,15.28
2227,1122,2025-07-15,Completed,Mobile Money,17.11
2228,1867,2024-07-17,Completed,Card,15.55
2229,236,2024-06-03,Completed,Card,24.31
2230,395,2025-08-31,Completed,Mobile Money,3.05
2231,1729,2025-09-10,Completed,Bank Transfer,24.0
2232,1688,2024-04-02,Completed,Bank Transfer,2.8
2233,314,2024-05-03,Completed,Card,19.68
2234,223,2025-11-20,Completed,Mobile Money,22.41
2235,918,2025-09-24,Completed,Card,13.74
2236,2139,2024-05-02,Completed,Card,15.79
2237,1971,2024-07-25,Cancelled,Cash on Delivery,8.85
2238,431,2024-03-07,Completed,Card,15.23
2239,41,2024-06-15,Completed,Bank Transfer,7.5
2240,1438,2024-07-23,Completed,Card,12.8
2241,1393,2025-07-04,Completed,Card,11.38
2242,2329,2024-08-25,Completed,PayPal,14.16
2243,1085,2025-03-26,Completed,Card,6.81
2244,897,2024-06-28,Completed,Bank Transfer,14.93
2245,449,2025-07-30,Completed,Bank Transfer,12.21
2246,510,2024-08-23,Completed,Bank Transfer,15.83
2247,305,2024-06-27,Completed,Mobile Money,17.07
2248,1524,2025-01-21,Completed,PayPal,16.29
2249,2461,2025-10-18,Completed,Cash on Delivery,21.44
2250,624,2025-12-28,Completed,Card,21.48
2251,270,2024-09-12,Completed,Card,21.01
2252,350,2024-03-16,Completed,Mobile Money,17.52
2253,2272,2025-01-27,Completed,Mobile Money,21.27
2254,105,2024-11-23,Completed,Cash on Delivery,8.44
2255,829,2024-08-13,Completed,Card,9.97
2256,230,2025-12-10,Completed,Mobile Money,5.4
2257,153,2025-04-21,Completed,Card,13.02
2258,679,2025-10-25,Completed,PayPal,20.78
2259,1122,2025-03-20,Returned,Card,19.32
2260,24,2025-11-13,Completed,PayPal,18.41
2261,1883,2024-11-03,Completed,Mobile Money,2.65
2262,64,2024-09-07,Completed,PayPal,3.93
2263,21,2024-02-04,Returned,Bank Transfer,18.01
2264,1818,2024-05-09,Cancelled,Card,8.01
2265,1558,2025-10-28,Completed,Card,6.4
2266,71,2024-02-22,Completed,Cash on Delivery,16.86
2267,563,2025-03-22,Completed,Bank Transfer,18.6
2268,1458,2025-07-26,Completed,Card,16.14
2269,2243,2025-12-30,Completed,Bank Transfer,9.3
2270,397,2024-12-17,Completed,Card,11.52
2271,281,2025-09-03,Completed,Card,23.67
2272,2007,2025-02-18,Completed,Card,20.31
2273,595,2024-03-11,Completed,PayPal,7.74
2274,2228,2025-11-28,Completed,Bank Transfer,21.72
2275,2065,2024-10-27,Completed,Card,6.71
2276,1927,2024-03-30,Completed,Card,15.1
2277,1337,2024-03-03,Completed,Card,18.02
2278,339,2025-11-13,Completed,Cash on Delivery,20.84
2279,12,2024-02-10,Completed,Mobile Money,12.25
2280,2415,2025-08-17,Completed,Card,9.22
2281,2294,2025-12-23,Completed,Cash on Delivery,16.55
2282,2332,2025-09-11,Cancelled,Mobile Money,10.88
2283,743,2024-04-29,Completed,Card,10.62
2284,1397,2025-01-21,Completed,Bank Transfer,22.89
2285,1896,2025-10-18,Completed,Cash on Delivery,17.32
2286,456,2024-05-24,Completed,Bank Transfer,18.06
2287,338,2024-02-24,Returned,Bank Transfer,4.08
2288,58,2025-05-22,Completed,Mobile Money,13.62
2289,804,2024-05-26,Completed,Bank Transfer,23.87
2290,262,2025-01-17,Completed,Card,22.0
2291,844,2025-02-18,Completed,PayPal,11.95
2292,2071,2024-04-12,Completed,Card,11.62
2293,1171,2024-08-16,Completed,Bank Transfer,18.59
2294,2405,2025-06-25,Completed,Card,21.41
2295,2198,2024-02-18,Completed,Card,10.28
2296,784,2025-10-14,Completed,Cash on Delivery,24.77
2297,1651,2025-01-07,Completed,Card,9.6
2298,1122,2025-10-27,Completed,Card,12.62
2299,2226,2025-04-07,Completed,Card,7.69
2300,2364,2024-01-06,Completed,Card,14.41
2301,2289,2025-09-01,Completed,Cash on Delivery,20.61
2302,1818,2024-12-14,Completed,Card,2.98
2303,975,2025-10-17,Completed,Card,7.32
2304,1707,2025-04-20,Completed,PayPal,5.24
2305,1886,2025-05-25,Completed,Card,21.21
2306,201,2025-02-08,Completed,Bank Transfer,11.94
2307,764,2025-07-06,Completed,Mobile Money,16.51
2308,702,2024-08-17,Completed,Mobile Money,13.85
2309,1070,2025-08-22,Completed,Bank Transfer,17.94
2310,1939,2025-05-08,Completed,Bank Transfer,9.98
2311,934,2024-05-18,Completed,Cash on Delivery,5.08
2312,821,2025-11-10,Completed,Bank Transfer,12.6
2313,888,2025-05-07,Completed,Card,15.65
2314,1641,2024-10-24,Completed,Bank Transfer,23.12
2315,1600,2025-02-08,Completed,Card,5.03
2316,1036,2024-08-15,Completed,Card,20.67
2317,563,2024-09-02,Completed,Bank Transfer,22.94
2318,1173,2024-12-21,Completed,Card,9.29
2319,2258,2025-05-02,Completed,Mobile Money,22.61
2320,554,2024-08-07,Completed,Card,8.48
2321,637,2025-12-03,Completed,Cash on Delivery,10.63
2322,1354,2024-04-30,Completed,Card,10.64
2323,2207,2024-02-17,Completed,PayPal,7.61
2324,2273,2025-03-09,Completed,Card,23.01
2325,1171,2025-12-06,Completed,Card,4.55
2326,859,2025-12-20,Completed,Cash on Delivery,11.63
2327,599,2025-08-10,Completed,PayPal,17.93
2328,2465,2024-04-05,Completed,Cash on Delivery,13.39
2329,532,2024-07-27,Completed,PayPal,15.36
2330,2061,2024-02-28,Returned,Card,13.36
2331,2440,2025-05-20,Completed,Mobile Money,10.17
2332,353,2024-04-15,Completed,Cash on Delivery,21.96
2333,1150,2024-12-18,Completed,Card,17.65
2334,2286,2025-05-03,Completed,Bank Transfer,5.83
2335,970,2024-02-21,Completed,Bank Transfer,21.2
2336,152,2024-06-11,Completed,Card,14.98
2337,740,2025-12-20,Completed,Card,13.17
2338,1315,2025-05-05,Completed,Bank Transfer,15.9
2339,1203,2025-04-14,Completed,PayPal,21.86
2340,664,2025-04-01,Completed,Card,19.35
2341,673,2025-09-12,Completed,Bank Transfer,8.93
2342,1452,2025-11-24,Completed,Card,6.18
2343,1393,2024-05-03,Completed,Bank Transfer,5.05
2344,1235,2024-05-01,Completed,PayPal,19.01
2345,2240,2024-12-27,Completed,Bank Transfer,17.26
2346,2349,2025-11-24,Completed,Card,17.01
2347,1456,2025-04-22,Completed,Card,11.13
2348,1066,2024-07-28,Completed,Mobile Money,24.82
2349,1959,2024-05-10,Completed,Card,18.48
2350,542,2024-03-25,Completed,Bank Transfer,15.54
2351,926,2024-03-21,Completed,PayPal,16.13
2352,2442,2024-10-18,Completed,Card,9.9
2353,938,2024-04-02,Completed,Mobile Money,13.29
2354,743,2025-11-12,Completed,Mobile Money,3.36
2355,990,2025-12-30,Completed,Card,18.15
2356,692,2024-06-24,Completed,Cash on Delivery,4.64
2357,1963,2024-12-26,Completed,Cash on Delivery,19.98
2358,1477,2025-02-28,Completed,Mobile Money,3.82
2359,1302,2024-05-26,Completed,Bank Transfer,3.75
2360,1190,2024-02-12,Completed,Cash on Delivery,20.39
2361,286,2025-03-15,Completed,Bank Transfer,18.79
2362,2475,2024-12-15,Completed,PayPal,3.44
2363,1177,2025-11-24,Completed,Card,12.08
2364,80,2024-05-28,Completed,Card,13.0
2365,920,2025-02-02,Completed,Card,22.69
2366,2164,2025-02-27,Completed,Mobile Money,13.47
2367,2436,2025-01-20,Completed,Card,6.66
2368,10,2024-10-03,Completed,Mobile Money,9.2
2369,412,2024-10-01,Completed,Card,13.39
2370,2326,2025-08-28,Completed,Card,15.11
2371,491,2025-02-19,Completed,Card,3.1
2372,1663,2024-10-29,Completed,Card,24.68
2373,1638,2024-04-26,Completed,Card,13.03
2374,2454,2024-12-22,Completed,Card,23.56
2375,2340,2025-12-03,Completed,Card,5.23
2376,1313,2024-08-02,Completed,PayPal,14.16
2377,102,2025-11-14,Completed,Card,12.06
2378,641,2025-05-19,Completed,Card,17.23
2379,2104,2024-07-06,Completed,Cash on Delivery,5.17
2380,1053,2025-03-13,Completed,Card,20.68
2381,2220,2025-06-25,Completed,Card,18.87
2382,787,2025-10-03,Completed,Cash on Delivery,5.55
2383,1097,2024-05-09,Completed,Card,9.54
2384,2338,2025-01-09,Completed,PayPal,5.63
2385,2456,2024-12-03,Completed,PayPal,3.31
2386,2079,2024-11-27,Completed,Card,7.16
2387,482,2025-02-28,Completed,Card,5.74
2388,41,2024-01-17,Completed,Card,2.9
2389,203,2025-06-09,Completed,Card,3.84
2390,2000,2024-11-16,Cancelled,Card,12.52
2391,558,2024-06-23,Completed,Card,8.73
2392,225,2024-09-15,Completed,Bank Transfer,8.82
2393,154,2024-08-13,Completed,Bank Transfer,23.94
2394,382,2024-06-26,Completed,Bank Transfer,23.56
2395,1225,2024-07-31,Completed,Card,4.46
2396,2406,2025-01-12,Completed,Card,16.11
2397,192,2025-03-06,Completed,Card,7.56
2398,2360,2024-07-31,Completed,Mobile Money,17.44
2399,1686,2025-01-22,Completed,Mobile Money,16.34
2400,405,2025-08-07,Completed,Mobile Money,23.52
2401,1585,2024-07-19,Completed,PayPal,21.59
2402,569,2024-06-23,Completed,Mobile Money,20.66
2403,1797,2025-11-08,Completed,Mobile Money,6.56
2404,402,2024-08-12,Completed,Mobile Money,20.68
2405,1859,2024-12-12,Completed,PayPal,6.15
2406,1891,2025-05-04,Completed,Card,23.58
2407,732,2024-03-20,Cancelled,Bank Transfer,18.72
2408,1215,2025-07-29,Completed,Card,19.65
2409,1190,2025-03-27,Completed,Card,22.89
2410,2012,2024-02-15,Completed,Cash on Delivery,8.79
2411,748,2025-10-05,Returned,Mobile Money,5.92
2412,332,2024-05-28,Completed,Mobile Money,4.4
2413,1816,2024-06-26,Returned,Bank Transfer,21.57
2414,1749,2025-07-27,Completed,Bank Transfer,14.92
2415,1695,2025-05-30,Completed,Card,15.64
2416,1922,2025-11-11,Completed,PayPal,22.34
2417,1866,2024-06-02,Completed,Card,20.76
2418,623,2024-04-15,Completed,Bank Transfer,5.84
2419,1145,2024-10-11,Completed,Mobile Money,7.49
2420,2193,2024-06-27,Completed,Card,22.03
2421,1821,2025-02-24,Completed,PayPal,9.26
2422,751,2024-04-10,Completed,Card,3.92
2423,1950,2025-01-16,Completed,Cash on Delivery,22.61
2424,95,2025-07-10,Completed,PayPal,7.43
2425,557,2025-07-24,Returned,Card,17.76
2426,2236,2025-08-04,Completed,Card,10.55
2427,1490,2025-07-19,Completed,Card,14.48
2428,1310,2024-09-27,Completed,Mobile Money,22.14
2429,825,2025-11-04,Completed,PayPal,6.76
2430,793,2025-11-25,Completed,Mobile Money,7.48
2431,954,2024-10-18,Completed,Card,12.35
2432,691,2024-12-10,Completed,Card,8.24
2433,286,2024-12-25,Completed,Mobile Money,21.78
2434,456,2024-10-17,Completed,Cash on Delivery,20.91
2435,223,2024-06-23,Completed,Bank Transfer,17.36
2436,1315,2024-08-05,Completed,Card,6.23
2437,1336,2025-08-11,Cancelled,Card,7.76
2438,1263,2025-02-22,Completed,Card,12.27
2439,1590,2024-11-18,Completed,Cash on Delivery,20.48
2440,133,2024-05-17,Completed,Cash on Delivery,6.11
2441,300,2024-04-30,Completed,Card,23.72
2442,2022,2024-05-15,Completed,Mobile Money,10.03
2443,223,2024-10-08,Completed,Mobile Money,16.47
2444,789,2025-09-26,Completed,Card,22.8
2445,1862,2024-12-16,Completed,Card,24.09
2446,255,2025-09-08,Completed,PayPal,10.67
2447,1197,2024-09-10,Completed,Card,13.53
2448,113,2024-10-21,Completed,Card,21.99
2449,305,2024-05-15,Completed,PayPal,14.04
2450,315,2025-06-20,Completed,Card,5.84
2451,888,2025-07-09,Completed,Card,5.54
2452,2332,2024-01-26,Completed,Mobile Money,8.12
2453,554,2025-11-05,Completed,Card,9.27
2454,1683,2025-01-14,Completed,Card,22.6
2455,1163,2024-05-09,Completed,Card,2.8
2456,280,2025-04-11,Completed,Card,24.45
2457,1835,2025-02-21,Completed,Bank Transfer,2.57
2458,2191,2024-08-10,Completed,Bank Transfer,8.22
2459,160,2024-09-24,Completed,PayPal,14.5
2460,130,2025-07-30,Completed,Cash on Delivery,4.94
2461,2122,2025-01-08,Completed,Card,8.36
2462,297,2025-05-24,Completed,Card,7.1
2463,2124,2025-01-30,Completed,Card,6.42
2464,1046,2025-03-29,Completed,Card,23.95
2465,863,2024-07-12,Completed,Card,20.12
2466,2074,2025-07-25,Completed,Card,10.43
2467,2237,2025-12-31,Completed,Card,23.01
2468,405,2025-02-28,Completed,Bank Transfer,15.88
2469,668,2025-06-03,Completed,PayPal,10.62
2470,2473,2025-06-18,Completed,Card,14.36
2471,785,2024-04-03,Completed,Card,12.96
2472,36,2024-08-17,Completed,Card,14.34
2473,2301,2025-08-18,Completed,Card,21.53
2474,354,2025-11-09,Completed,Card,17.03
2475,1838,2025-05-15,Completed,Card,4.03
2476,1691,2025-10-01,Completed,Card,14.47
2477,1868,2025-06-14,Completed,Bank Transfer,17.91
2478,2344,2024-11-24,Completed,Mobile Money,16.33
2479,752,2025-10-23,Completed,Bank Transfer,12.41
2480,1290,2025-03-05,Completed,Card,14.22
2481,552,2024-09-09,Completed,Bank Transfer,5.18
2482,2305,2024-05-29,Completed,Bank Transfer,21.79
2483,2348,2025-05-04,Completed,Card,12.78
2484,880,2024-04-28,Completed,Mobile Money,5.09
2485,1955,2025-04-08,Completed,Mobile Money,24.49
2486,216,2025-09-30,Completed,PayPal,7.53
2487,2035,2024-03-31,Completed,Bank Transfer,10.78
2488,253,2024-08-09,Completed,Card,15.02
2489,1465,2025-03-29,Cancelled,Cash on Delivery,23.77
2490,2222,2024-08-19,Completed,Bank Transfer,20.06
2491,1900,2025-02-17,Completed,Card,6.53
2492,2404,2024-03-25,Completed,Card,16.32
2493,2296,2024-07-10,Completed,Bank Transfer,17.95
2494,430,2025-08-29,Completed,PayPal,21.45
2495,1290,2025-05-20,Completed,Mobile Money,9.09
2496,1180,2024-01-19,Completed,PayPal,15.23
2497,2432,2025-11-20,Completed,Card,8.78
2498,1944,2025-01-20,Completed,Card,18.22
2499,1860,2024-09-29,Completed,Mobile Money,15.54
2500,1395,2024-07-08,Completed,PayPal,4.82
2501,366,2025-01-04,Cancelled,Card,6.23
2502,481,2025-04-08,Completed,PayPal,3.87
2503,813,2025-12-13,Completed,Cash on Delivery,18.6
2504,994,2025-03-17,Cancelled,Card,3.88
2505,1894,2025-12-12,Completed,Bank Transfer,9.39
2506,1573,2025-07-13,Completed,Card,6.15
2507,2393,2025-10-08,Completed,Card,3.9
2508,1458,2025-10-08,Completed,Cash on Delivery,11.83
2509,2314,2025-03-10,Completed,Card,17.89
2510,2178,2025-02-20,Completed,Bank Transfer,15.62
2511,2062,2025-02-02,Completed,Mobile Money,13.56
2512,2038,2024-12-06,Completed,Card,4.54
2513,271,2025-06-21,Completed,Card,11.55
2514,1242,2024-03-27,Completed,Card,9.15
2515,1265,2025-05-24,Completed,Bank Transfer,17.2
2516,1265,2025-02-01,Returned,Card,14.43
2517,172,2024-09-04,Completed,Mobile Money,22.35
2518,445,2025-01-29,Completed,Bank Transfer,14.59
2519,1031,2024-03-10,Completed,Bank Transfer,18.21
2520,905,2024-04-04,Completed,Bank Transfer,24.73
2521,1561,2024-04-04,Completed,Card,11.81
2522,696,2025-05-21,Completed,Card,9.02
2523,407,2024-05-26,Completed,Card,13.2
2524,2299,2024-10-18,Completed,Bank Transfer,13.78
2525,1997,2025-05-20,Completed,Bank Transfer,14.23
2526,1079,2025-01-23,Completed,Card,21.61
2527,2408,2025-12-13,Completed,PayPal,5.49
2528,1039,2025-10-30,Completed,Bank Transfer,17.24
2529,118,2025-11-18,Completed,Card,7.34
2530,1656,2025-12-03,Completed,PayPal,22.88
2531,1572,2024-06-17,Returned,Card,6.98
2532,1996,2024-08-01,Completed,Bank Transfer,10.76
2533,1438,2024-10-31,Completed,PayPal,2.6
2534,1685,2025-02-03,Completed,Card,23.96
2535,1797,2024-07-13,Completed,Card,13.0
2536,1066,2025-09-07,Completed,Mobile Money,2.64
2537,662,2025-12-03,Completed,Cash on Delivery,17.05
2538,2085,2025-06-19,Completed,PayPal,20.65
2539,2289,2025-09-09,Completed,Mobile Money,21.53
2540,323,2024-08-08,Completed,Bank Transfer,7.63
2541,2195,2024-02-12,Completed,Card,10.96
2542,1722,2025-07-16,Completed,Mobile Money,15.26
2543,2354,2024-06-25,Completed,Mobile Money,7.3
2544,954,2024-02-11,Completed,Mobile Money,16.9
2545,1535,2024-08-03,Completed,Card,22.09
2546,1777,2025-11-27,Completed,Bank Transfer,14.68
2547,2354,2024-08-25,Completed,Bank Transfer,20.16
2548,962,2025-12-27,Completed,Bank Transfer,4.46
2549,270,2025-03-10,Completed,Bank Transfer,18.45
2550,2024,2024-11-07,Completed,Mobile Money,6.1
2551,1586,2024-10-07,Completed,Card,6.56
2552,2003,2024-01-31,Completed,Bank Transfer,21.51
2553,20,2025-06-02,Completed,Mobile Money,18.98
2554,901,2025-04-05,Completed,Card,9.84
2555,1718,2024-10-22,Completed,Mobile Money,3.73
2556,1799,2025-09-07,Completed,Card,9.77
2557,1779,2024-06-04,Cancelled,Card,11.0
2558,2364,2024-04-27,Completed,Mobile Money,2.64
2559,2018,2024-08-01,Completed,Bank Transfer,16.41
2560,887,2024-06-14,Completed,Card,21.85
2561,1749,2024-07-24,Completed,Card,15.61
2562,553,2024-04-05,Completed,Card,8.26
2563,54,2024-01-01,Completed,Bank Transfer,6.22
2564,437,2025-11-28,Completed,Card,8.12
2565,1203,2024-10-18,Completed,Mobile Money,23.11
2566,1840,2024-11-21,Cancelled,Card,2.71
2567,1366,2025-09-11,Completed,Card,5.22
2568,375,2025-07-14,Completed,Bank Transfer,24.74
2569,1473,2025-03-10,Completed,Card,11.64
2570,2127,2024-04-14,Completed,Bank Transfer,2.81
2571,1206,2024-02-23,Completed,Card,2.5
2572,1772,2024-10-26,Completed,Card,13.68
2573,261,2025-01-07,Completed,Bank Transfer,15.68
2574,2391,2024-03-29,Completed,Cash on Delivery,14.41
2575,726,2025-08-31,Completed,Bank Transfer,21.58
2576,1441,2024-10-04,Completed,Bank Transfer,3.23
2577,1782,2024-11-13,Completed,Mobile Money,18.5
2578,167,2024-03-05,Completed,Bank Transfer,10.15
2579,1528,2025-09-13,Completed,Card,8.87
2580,1947,2025-04-03,Completed,Card,15.32
2581,670,2024-03-01,Completed,PayPal,7.87
2582,1943,2024-09-03,Completed,Card,24.47
2583,673,2025-06-18,Completed,Card,16.06
2584,2073,2025-04-02,Completed,Card,22.81
2585,334,2024-04-16,Completed,Card,10.8
2586,1825,2024-12-31,Completed,Mobile Money,17.5
2587,1008,2025-08-15,Returned,Mobile Money,17.58
2588,1840,2025-11-19,Completed,Card,12.92
2589,2381,2025-11-10,Completed,Bank Transfer,7.84
2590,528,2024-08-09,Completed,Card,18.53
2591,1253,2024-07-19,Cancelled,Bank Transfer,10.16
2592,107,2024-06-17,Returned,Card,14.08
2593,171,2025-01-21,Completed,Bank Transfer,18.35
2594,228,2025-07-23,Completed,Cash on Delivery,23.28
2595,2219,2025-05-28,Completed,Card,4.87
2596,1067,2024-07-25,Completed,Bank Transfer,14.16
2597,337,2025-01-30,Completed,Card,18.79
2598,1337,2025-04-02,Completed,Card,16.9
2599,654,2024-08-10,Completed,Bank Transfer,15.05
2600,1176,2024-02-12,Completed,Bank Transfer,4.37
2601,1523,2024-10-08,Completed,PayPal,21.38
2602,144,2025-06-20,Completed,Card,13.38
2603,317,2024-06-11,Completed,Bank Transfer,19.64
2604,1820,2024-02-10,Completed,Card,4.4
2605,630,2025-01-16,Completed,Bank Transfer,12.93
2606,53,2024-02-21,Completed,Mobile Money,9.36
2607,1675,2025-12-31,Completed,Cash on Delivery,8.87
2608,186,2024-09-22,Completed,Card,22.09
2609,234,2024-05-13,Completed,Card,18.4
2610,2447,2024-01-03,Completed,Cash on Delivery,5.38
2611,934,2025-11-17,Completed,Card,11.58
2612,1347,2025-12-27,Returned,PayPal,6.84
2613,510,2025-11-05,Returned,Card,12.66
2614,2050,2025-02-06,Completed,Card,23.24
2615,442,2024-07-05,Returned,Bank Transfer,22.67
2616,1234,2025-11-11,Completed,PayPal,24.64
2617,2442,2025-03-21,Completed,Mobile Money,9.3
2618,1492,2024-03-31,Completed,Bank Transfer,2.99
2619,1797,2024-11-01,Completed,Bank Transfer,6.55
2620,2395,2025-04-07,Completed,PayPal,23.71
2621,674,2024-04-07,Completed,Card,7.33
2622,2075,2024-06-29,Completed,Cash on Delivery,11.19
2623,1869,2024-02-24,Completed,Bank Transfer,5.52
2624,412,2025-08-21,Completed,Mobile Money,5.72
2625,549,2025-07-22,Completed,Card,15.0
2626,2183,2025-11-08,Completed,Bank Transfer,22.65
2627,772,2024-09-20,Completed,Bank Transfer,5.69
2628,826,2024-03-05,Completed,Bank Transfer,22.81
2629,714,2024-03-31,Completed,Card,12.88
2630,754,2024-09-19,Completed,Card,11.28
2631,2053,2025-04-30,Completed,Card,6.56
2632,1132,2025-03-23,Cancelled,Mobile Money,11.33
2633,900,2024-11-20,Completed,Mobile Money,13.87
2634,1027,2025-10-18,Completed,Card,21.16
2635,864,2025-07-08,Completed,Card,24.88
2636,2480,2025-11-04,Completed,Bank Transfer,23.2
2637,833,2025-03-01,Completed,PayPal,24.55
2638,849,2024-07-31,Completed,Card,8.91
2639,1622,2025-02-23,Completed,Mobile Money,18.97
2640,32,2024-06-28,Completed,Mobile Money,21.2
2641,615,2025-09-20,Completed,Card,4.38
2642,17,2024-04-14,Returned,Mobile Money,9.94
2643,2168,2025-09-05,Completed,Bank Transfer,10.51
2644,1102,2024-04-06,Completed,Bank Transfer,5.06
2645,1699,2024-12-21,Completed,Bank Transfer,7.13
2646,1606,2025-05-13,Completed,PayPal,7.93
2647,119,2024-06-25,Completed,Card,17.5
2648,202,2024-10-20,Completed,Mobile Money,16.77
2649,1490,2024-12-27,Completed,Card,12.81
2650,1011,2025-02-12,Returned,Card,14.57
2651,398,2025-07-11,Completed,Mobile Money,23.81
2652,386,2025-01-04,Completed,Cash on Delivery,4.4
2653,270,2025-02-15,Completed,Card,16.74
2654,1623,2024-09-10,Completed,Bank Transfer,22.4
2655,706,2025-04-30,Completed,Cash on Delivery,15.43
2656,1194,2024-08-03,Completed,Card,4.11
2657,139,2024-09-24,Completed,PayPal,19.59
2658,1341,2024-01-12,Completed,Card,16.17
2659,793,2024-05-27,Completed,Mobile Money,3.5
2660,149,2025-09-07,Completed,Cash on Delivery,24.99
2661,733,2024-12-02,Completed,Mobile Money,14.97
2662,2272,2025-06-29,Completed,Card,8.11
2663,501,2025-08-27,Completed,Mobile Money,22.38
2664,459,2024-06-02,Completed,Card,4.39
2665,280,2025-10-10,Completed,Bank Transfer,23.91
2666,901,2025-01-14,Completed,Bank Transfer,2.64
2667,1643,2024-04-19,Completed,Card,17.94
2668,2451,2024-04-07,Completed,PayPal,5.33
2669,1081,2024-08-12,Completed,Card,11.08
2670,526,2024-07-10,Completed,Card,6.08
2671,478,2025-08-19,Completed,Mobile Money,16.97
2672,954,2024-01-25,Completed,Mobile Money,5.92
2673,2204,2024-08-10,Completed,Mobile Money,18.33
2674,423,2025-06-22,Completed,Cash on Delivery,12.47
2675,2062,2024-07-08,Completed,PayPal,15.47
2676,640,2025-06-08,Completed,PayPal,7.78
2677,1771,2024-03-01,Completed,Card,9.84
2678,73,2025-03-13,Completed,Card,23.94
2679,273,2025-04-26,Completed,Card,4.36
2680,1662,2024-12-03,Completed,Card,2.7
2681,1844,2025-11-30,Completed,Cash on Delivery,16.21
2682,1490,2025-01-25,Completed,Card,9.8
2683,1555,2025-10-13,Completed,Mobile Money,20.55
2684,1050,2024-09-13,Completed,PayPal,9.9
2685,54,2024-06-30,Completed,PayPal,17.87
2686,517,2024-11-27,Completed,Card,21.57
2687,1147,2024-09-24,Completed,Card,14.59
2688,21,2025-07-01,Completed,Bank Transfer,20.42
2689,2411,2024-06-21,Returned,PayPal,9.48
2690,2023,2024-07-09,Completed,Card,12.12
2691,1335,2024-03-03,Completed,Card,17.76
2692,675,2025-05-01,Completed,Mobile Money,3.91
2693,155,2025-07-06,Completed,PayPal,15.16
2694,500,2025-09-17,Completed,Card,15.14
2695,2109,2025-07-18,Cancelled,Bank Transfer,9.46
2696,1435,2024-07-08,Completed,Bank Transfer,21.57
2697,1391,2025-12-28,Completed,Card,23.01
2698,2124,2024-12-28,Returned,Bank Transfer,21.64
2699,2323,2024-02-02,Completed,Card,24.33
2700,1551,2024-03-09,Completed,Bank Transfer,11.4
2701,1622,2025-10-15,Completed,Mobile Money,5.44
2702,1812,2024-06-12,Cancelled,Card,12.44
2703,1385,2024-08-30,Completed,Mobile Money,11.31
2704,2093,2024-01-25,Completed,Card,12.73
2705,994,2024-09-22,Completed,Card,15.42
2706,1055,2024-02-09,Completed,PayPal,17.03
2707,1886,2025-12-12,Completed,Card,14.77
2708,827,2024-04-30,Completed,Card,17.22
2709,834,2025-04-04,Completed,Card,23.29
2710,2029,2024-01-22,Completed,Mobile Money,5.02
2711,1889,2025-05-24,Cancelled,PayPal,21.64
2712,824,2025-09-12,Completed,Card,8.84
2713,71,2024-08-08,Completed,Bank Transfer,18.13
2714,72,2025-08-09,Completed,Mobile Money,24.52
2715,225,2025-02-20,Completed,Card,22.94
2716,418,2024-04-28,Completed,Card,17.59
2717,103,2025-12-18,Completed,Bank Transfer,2.8
2718,1470,2024-07-20,Returned,Bank Transfer,15.07
2719,1335,2025-05-14,Completed,Bank Transfer,22.34
2720,1688,2024-11-15,Completed,Card,6.75
2721,959,2024-07-19,Completed,PayPal,11.51
2722,1599,2025-10-16,Completed,Card,9.99
2723,1017,2025-08-19,Completed,Card,19.19
2724,93,2025-11-11,Completed,Bank Transfer,12.8
2725,1749,2024-01-12,Completed,Mobile Money,18.1
2726,2197,2024-02-13,Completed,Cash on Delivery,19.23
2727,1814,2024-04-19,Completed,PayPal,15.97
2728,1172,2025-05-04,Completed,Card,7.97
2729,1752,2024-03-25,Completed,Card,6.07
2730,2093,2025-05-21,Completed,Mobile Money,15.55
2731,2261,2025-05-13,Completed,Card,16.2
2732,750,2024-10-16,Completed,Bank Transfer,11.79
2733,1628,2025-04-06,Completed,Cash on Delivery,11.23
2734,317,2025-01-11,Cancelled,Card,4.37
2735,209,2025-03-20,Completed,Cash on Delivery,15.39
2736,2104,2025-10-30,Completed,Mobile Money,6.83
2737,641,2025-04-17,Completed,Card,14.73
2738,301,2025-04-13,Completed,Card,10.28
2739,2437,2024-11-20,Completed,Card,24.11
2740,2339,2025-09-17,Completed,Mobile Money,8.12
2741,1554,2024-01-30,Completed,Card,20.57
2742,348,2024-08-01,Completed,Card,14.12
2743,1683,2025-02-18,Completed,Card,6.31
2744,1554,2024-11-24,Completed,Card,17.62
2745,1217,2024-09-15,Completed,PayPal,5.69
2746,630,2025-09-18,Completed,Cash on Delivery,17.51
2747,1381,2024-05-21,Cancelled,Mobile Money,20.3
2748,1638,2024-12-14,Completed,Bank Transfer,19.77
2749,692,2024-03-07,Returned,Bank Transfer,22.45
2750,1113,2025-02-28,Completed,PayPal,24.42
2751,2282,2024-12-25,Completed,Bank Transfer,10.64
2752,1507,2025-03-15,Completed,Bank Transfer,8.09
2753,15,2024-08-16,Cancelled,Card,20.26
2754,1661,2025-09-03,Cancelled,Bank Transfer,19.67
2755,1748,2024-07-10,Completed,PayPal,4.51
2756,1222,2024-03-18,Completed,Bank Transfer,14.15
2757,44,2025-12-06,Completed,Card,19.87
2758,118,2025-04-05,Completed,Card,3.77
2759,1693,2025-06-09,Completed,Cash on Delivery,6.41
2760,2273,2024-09-03,Completed,Bank Transfer,12.21
2761,1490,2025-04-11,Completed,Card,22.04
2762,903,2025-11-06,Completed,Cash on Delivery,6.2
2763,1399,2025-09-13,Completed,PayPal,9.37
2764,268,2025-08-10,Completed,Card,5.42
2765,1455,2025-07-24,Completed,Cash on Delivery,24.8
2766,2164,2024-01-08,Completed,Bank Transfer,8.69
2767,1147,2025-07-04,Completed,Bank Transfer,20.64
2768,1613,2024-06-26,Completed,Card,20.52
2769,1179,2024-11-05,Completed,Card,21.51
2770,152,2025-11-04,Completed,Card,3.1
2771,935,2025-02-13,Returned,Bank Transfer,4.73
2772,890,2025-04-04,Completed,Card,13.07
2773,820,2024-12-25,Completed,Card,7.99
2774,519,2025-11-12,Completed,Bank Transfer,14.59
2775,2199,2025-02-28,Completed,Card,11.59
2776,1333,2024-06-02,Completed,Card,22.33
2777,2000,2024-08-12,Completed,Card,12.7
2778,998,2025-08-26,Completed,Card,22.79
2779,2093,2025-09-11,Completed,Card,15.7
2780,794,2024-11-10,Completed,Mobile Money,8.54
2781,2089,2024-01-28,Completed,Mobile Money,22.1
2782,1694,2024-05-17,Cancelled,PayPal,13.23
2783,1224,2025-10-01,Completed,Cash on Delivery,11.35
2784,773,2025-11-15,Completed,Card,7.19
2785,487,2024-05-24,Completed,Bank Transfer,20.82
2786,1726,2025-01-01,Completed,Bank Transfer,9.53
2787,2384,2025-12-09,Completed,Bank Transfer,19.13
2788,1958,2025-08-17,Completed,Bank Transfer,23.19
2789,463,2025-09-10,Completed,Card,4.73
2790,477,2024-01-18,Completed,Bank Transfer,3.2
2791,1821,2024-07-13,Completed,Card,16.74
2792,702,2025-01-11,Cancelled,Bank Transfer,9.45
2793,1488,2025-04-11,Completed,Card,8.45
2794,2482,2025-02-03,Completed,Mobile Money,17.57
2795,950,2024-10-28,Completed,Card,3.2
2796,356,2024-11-18,Completed,Card,21.32
2797,655,2025-11-27,Completed,Bank Transfer,15.54
2798,2215,2024-12-05,Completed,PayPal,19.33
2799,1085,2025-05-13,Completed,Cash on Delivery,6.21
2800,102,2024-05-13,Completed,PayPal,9.91
2801,1357,2025-08-26,Completed,Bank Transfer,13.23
2802,237,2025-10-23,Completed,Mobile Money,7.45
2803,237,2024-06-10,Completed,Card,4.58
2804,1637,2024-04-10,Completed,Mobile Money,17.68
2805,2244,2025-05-07,Completed,Card,14.69
2806,792,2025-01-31,Completed,Card,22.04
2807,1609,2025-08-13,Completed,Card,3.46
2808,624,2025-11-23,Completed,PayPal,18.07
2809,1031,2025-09-02,Completed,Card,6.91
2810,2131,2024-02-07,Completed,Bank Transfer,4.55
2811,1088,2025-03-13,Completed,Card,23.34
2812,1172,2024-10-22,Completed,Card,22.55
2813,1723,2024-03-14,Completed,PayPal,21.31
2814,2499,2025-01-31,Completed,Bank Transfer,14.83
2815,2139,2024-01-18,Completed,PayPal,6.57
2816,1230,2024-06-07,Completed,Mobile Money,16.81
2817,434,2025-11-03,Completed,PayPal,12.4
2818,1573,2024-05-07,Completed,Mobile Money,2.59
2819,670,2025-01-03,Completed,Card,19.03
2820,1847,2025-02-21,Completed,Card,24.07
2821,1740,2024-11-08,Completed,Card,12.18
2822,368,2024-09-04,Completed,Bank Transfer,16.9
2823,994,2024-09-21,Completed,Card,10.65
2824,1541,2024-10-01,Completed,Card,24.54
2825,1724,2025-03-03,Completed,Card,9.36
2826,1352,2025-06-30,Completed,Bank Transfer,8.12
2827,1550,2024-04-30,Completed,PayPal,6.44
2828,1306,2024-02-15,Completed,Card,18.89
2829,2427,2024-01-22,Completed,Mobile Money,20.38
2830,965,2025-02-27,Completed,PayPal,7.76
2831,2071,2024-12-09,Completed,Cash on Delivery,9.66
2832,789,2025-12-10,Completed,Mobile Money,12.44
2833,1898,2024-04-28,Completed,Mobile Money,4.1
2834,2272,2025-02-20,Completed,Cash on Delivery,11.8
2835,103,2025-05-18,Completed,Card,18.94
2836,42,2024-04-27,Completed,PayPal,15.49
2837,2322,2025-10-29,Completed,Card,16.17
2838,532,2024-07-07,Completed,Bank Transfer,23.94
2839,1063,2025-09-08,Completed,Card,12.18
2840,2074,2024-10-01,Completed,Bank Transfer,18.35
2841,767,2025-04-29,Completed,Cash on Delivery,16.35
2842,1639,2025-06-25,Completed,Card,9.53
2843,294,2025-09-07,Returned,Mobile Money,3.42
2844,1098,2025-08-10,Completed,Bank Transfer,20.63
2845,2399,2024-01-02,Completed,PayPal,13.98
2846,610,2025-02-07,Completed,Bank Transfer,23.3
2847,1164,2024-01-16,Completed,Card,4.64
2848,1332,2025-07-06,Completed,Card,9.05
2849,614,2025-05-31,Completed,PayPal,14.53
2850,2219,2024-10-04,Completed,Card,14.55
2851,193,2024-04-28,Completed,Mobile Money,14.22
2852,394,2025-04-30,Completed,Cash on Delivery,15.96
2853,2122,2024-02-03,Completed,Card,24.83
2854,338,2025-03-26,Cancelled,Mobile Money,15.35
2855,2062,2024-12-08,Completed,Card,19.59
2856,1499,2024-04-29,Completed,Bank Transfer,20.88
2857,1520,2025-04-02,Completed,Card,8.45
2858,751,2024-06-27,Completed,PayPal,15.1
2859,539,2025-01-27,Completed,Mobile Money,5.78
2860,2417,2024-11-20,Completed,Card,14.74
2861,685,2024-02-22,Completed,PayPal,5.28
2862,1912,2025-08-29,Completed,Card,6.04
2863,2195,2025-03-23,Completed,Bank Transfer,22.93
2864,868,2024-07-22,Completed,Cash on Delivery,2.71
2865,2091,2025-07-15,Completed,Bank Transfer,2.65
2866,688,2024-04-17,Completed,Bank Transfer,7.35
2867,400,2025-03-29,Cancelled,Card,20.34
2868,1391,2025-11-19,Completed,Cash on Delivery,23.98
2869,767,2024-02-08,Completed,PayPal,5.45
2870,670,2025-10-21,Completed,Mobile Money,21.2
2871,1938,2024-03-25,Completed,Mobile Money,2.76
2872,307,2024-11-22,Completed,Bank Transfer,8.7
2873,1882,2024-09-14,Cancelled,Card,21.13
2874,2093,2024-07-07,Completed,Card,7.0
2875,2480,2025-08-10,Completed,Card,16.35
2876,169,2025-11-01,Completed,Card,18.65
2877,860,2024-10-23,Completed,Bank Transfer,7.36
2878,2305,2024-12-28,Completed,Mobile Money,24.63
2879,732,2024-01-06,Completed,Mobile Money,16.07
2880,504,2025-05-17,Completed,Card,7.34
2881,2422,2025-02-11,Completed,Bank Transfer,24.65
2882,989,2024-06-21,Completed,PayPal,20.67
2883,1483,2024-08-24,Completed,Bank Transfer,16.93
2884,894,2024-05-29,Completed,Mobile Money,6.25
2885,1366,2024-02-27,Cancelled,Mobile Money,15.2
2886,597,2024-01-01,Completed,Card,13.33
2887,147,2025-02-04,Completed,Cash on Delivery,16.29
2888,1085,2024-05-31,Completed,Card,21.57
2889,122,2024-07-08,Completed,Card,18.64
2890,1768,2024-04-26,Completed,Card,11.36
2891,414,2024-12-28,Completed,PayPal,3.7
2892,2037,2024-07-30,Completed,Card,6.71
2893,1569,2024-06-13,Completed,Card,4.18
2894,686,2025-01-15,Completed,Card,12.04
2895,655,2024-06-27,Completed,PayPal,16.26
2896,1925,2025-10-29,Completed,Bank Transfer,12.55
2897,2465,2024-09-26,Completed,Bank Transfer,17.36
2898,683,2025-11-26,Completed,Card,20.98
2899,1784,2025-09-29,Completed,PayPal,9.47
2900,1445,2024-06-26,Completed,Bank Transfer,4.54
2901,1012,2024-07-18,Completed,PayPal,20.52
2902,1,2024-03-12,Completed,Bank Transfer,19.44
2903,2411,2025-07-12,Completed,Mobile Money,13.53
2904,277,2024-04-22,Completed,Cash on Delivery,23.48
2905,1413,2025-03-05,Completed,Bank Transfer,9.45
2906,2448,2025-10-29,Completed,PayPal,4.92
2907,1483,2024-09-17,Completed,PayPal,12.02
2908,225,2025-12-29,Completed,Bank Transfer,11.77
2909,1939,2024-03-26,Completed,PayPal,8.01
2910,960,2025-11-02,Completed,Mobile Money,10.0
2911,495,2025-07-20,Completed,Card,10.44
2912,501,2024-11-28,Completed,Card,16.28
2913,808,2025-12-03,Completed,Card,13.63
2914,2448,2025-01-04,Completed,Card,9.16
2915,2455,2024-04-18,Completed,Card,2.81
2916,2005,2025-08-15,Completed,Cash on Delivery,18.14
2917,708,2024-11-05,Completed,Bank Transfer,13.3
2918,2150,2024-05-20,Completed,Card,8.24
2919,973,2024-03-17,Completed,Card,6.68
2920,354,2025-11-04,Completed,Bank Transfer,13.99
2921,968,2024-12-01,Completed,Bank Transfer,11.42
2922,1641,2024-04-28,Completed,Card,10.83
2923,358,2024-11-22,Completed,Card,9.68
2924,1544,2024-10-23,Completed,Bank Transfer,11.46
2925,436,2024-05-23,Completed,Bank Transfer,9.71
2926,705,2024-10-17,Completed,Bank Transfer,16.61
2927,1960,2024-04-23,Completed,Card,9.69
2928,1701,2025-04-06,Completed,Mobile Money,5.93
2929,1740,2024-01-28,Completed,Cash on Delivery,20.12
2930,317,2025-10-31,Completed,Card,8.83
2931,2354,2025-06-04,Completed,Card,16.51
2932,1885,2025-02-05,Completed,Bank Transfer,8.63
2933,1684,2025-04-12,Completed,Mobile Money,2.51
2934,102,2025-05-11,Completed,Mobile Money,18.19
2935,1224,2024-01-13,Completed,PayPal,9.38
2936,280,2024-11-03,Completed,Card,10.43
2937,324,2024-09-11,Completed,Bank Transfer,18.95
2938,1422,2024-12-16,Completed,Bank Transfer,10.63
2939,1695,2024-10-22,Completed,Cash on Delivery,23.89
2940,343,2024-03-24,Returned,Card,19.69
2941,430,2024-11-06,Completed,Bank Transfer,9.07
2942,447,2025-04-22,Completed,Card,4.61
2943,389,2025-12-25,Completed,Bank Transfer,8.49
2944,1016,2025-11-05,Completed,Card,21.29
2945,2376,2024-12-27,Completed,Card,11.74
2946,388,2025-12-19,Completed,Cash on Delivery,10.08
2947,2436,2024-05-16,Returned,Card,22.14
2948,2277,2024-11-25,Completed,Bank Transfer,23.51
2949,1177,2024-06-06,Completed,Card,13.6
2950,1364,2025-08-30,Completed,Bank Transfer,7.15
2951,1898,2024-08-20,Completed,Cash on Delivery,4.94
2952,1231,2024-01-23,Completed,Bank Transfer,13.78
2953,513,2024-10-17,Returned,Mobile Money,12.92
2954,1501,2025-07-17,Completed,Mobile Money,19.0
2955,2411,2024-12-18,Completed,Bank Transfer,4.96
2956,1209,2025-10-29,Completed,PayPal,10.43
2957,280,2024-07-09,Completed,Bank Transfer,9.57
2958,549,2024-02-05,Completed,Card,5.06
2959,921,2025-11-26,Completed,Cash on Delivery,23.81
2960,2498,2024-12-30,Completed,Card,12.33
2961,2110,2025-05-04,Completed,PayPal,8.65
2962,1973,2024-06-22,Completed,PayPal,4.89
2963,1489,2024-06-26,Completed,Card,7.35
2964,969,2024-04-16,Completed,Cash on Delivery,15.54
2965,1644,2025-02-25,Completed,Card,12.25
2966,1016,2024-01-17,Completed,Card,21.0
2967,725,2025-03-25,Completed,Mobile Money,9.77
2968,1727,2024-03-06,Completed,Cash on Delivery,19.56
2969,847,2024-01-03,Completed,PayPal,20.29
2970,726,2025-07-18,Completed,Mobile Money,12.86
2971,165,2024-04-21,Completed,Card,6.63
2972,2142,2025-06-12,Completed,Bank Transfer,7.84
2973,1409,2025-07-17,Completed,Bank Transfer,18.11
2974,972,2025-11-27,Completed,Card,17.93
2975,39,2025-11-21,Completed,Card,2.65
2976,81,2024-03-17,Completed,Card,14.3
2977,1499,2025-07-12,Completed,Card,11.05
2978,1663,2024-05-10,Completed,Mobile Money,18.07
2979,1857,2025-04-08,Completed,Card,21.34
2980,113,2024-05-05,Completed,Mobile Money,23.32
2981,918,2025-04-25,Completed,Mobile Money,17.53
2982,1587,2024-06-13,Completed,Mobile Money,5.31
2983,315,2025-06-13,Completed,Card,9.63
2984,2487,2025-09-12,Completed,Card,9.53
2985,101,2025-12-09,Returned,PayPal,12.01
2986,298,2024-03-02,Completed,Bank Transfer,20.21
2987,2061,2024-08-03,Completed,Bank Transfer,21.53
2988,563,2024-09-10,Returned,Mobile Money,23.45
2989,960,2025-12-04,Completed,Card,12.64
2990,717,2024-10-07,Completed,Card,9.6
2991,27,2025-06-06,Completed,Card,15.81
2992,901,2025-09-14,Completed,Bank Transfer,9.1
2993,2442,2024-12-25,Completed,Card,4.61
2994,1401,2024-04-19,Completed,Card,17.62
2995,2023,2025-08-04,Completed,Card,4.6
2996,2354,2024-12-25,Completed,Card,11.51
2997,1569,2025-05-11,Completed,Card,23.44
2998,1022,2025-11-24,Completed,Bank Transfer,13.55
2999,1581,2024-11-05,Completed,Cash on Delivery,16.99
3000,880,2025-11-16,Completed,Card,4.69
3001,1794,2025-07-18,Returned,Card,23.83
3002,92,2024-11-22,Returned,Cash on Delivery,15.82
3003,686,2025-04-19,Completed,PayPal,14.86
3004,780,2025-01-10,Completed,Cash on Delivery,17.72
3005,612,2024-02-17,Completed,PayPal,16.55
3006,2454,2025-12-22,Completed,Cash on Delivery,18.58
3007,1733,2024-03-03,Completed,Bank Transfer,8.81
3008,855,2024-06-23,Completed,Mobile Money,15.58
3009,1297,2025-08-14,Completed,Card,16.96
3010,1357,2025-11-12,Completed,Mobile Money,6.22
3011,1906,2025-04-15,Completed,Card,8.42
3012,72,2025-12-31,Completed,PayPal,21.35
3013,2104,2024-03-18,Completed,Card,17.69
3014,2423,2024-02-15,Completed,Card,10.71
3015,954,2025-05-21,Completed,Card,6.74
3016,1017,2025-09-10,Completed,Mobile Money,19.01
3017,1691,2025-12-18,Completed,Card,5.61
3018,1797,2024-09-26,Completed,Cash on Delivery,13.21
3019,2043,2024-04-20,Completed,Mobile Money,21.52
3020,1476,2024-07-22,Completed,Cash on Delivery,15.08
3021,1818,2025-12-09,Completed,Bank Transfer,16.4
3022,1038,2024-06-02,Completed,Card,20.78
3023,2268,2025-12-13,Completed,Bank Transfer,11.01
3024,187,2025-02-07,Completed,Card,11.05
3025,2096,2025-04-04,Completed,Bank Transfer,16.95
3026,2144,2024-12-28,Completed,Mobile Money,13.16
3027,503,2025-12-25,Completed,Card,3.12
3028,2338,2025-03-30,Completed,PayPal,4.33
3029,1443,2024-11-08,Completed,Mobile Money,23.28
3030,2078,2025-10-08,Completed,Mobile Money,14.99
3031,1243,2025-03-20,Completed,Mobile Money,9.18
3032,1624,2025-10-09,Completed,Mobile Money,5.08
3033,223,2025-02-14,Completed,Cash on Delivery,18.94
3034,567,2025-07-12,Completed,Card,10.77
3035,2006,2024-06-05,Completed,Bank Transfer,16.28
3036,756,2025-01-12,Completed,Card,10.15
3037,2243,2025-01-19,Completed,Cash on Delivery,20.6
3038,846,2025-11-01,Completed,Cash on Delivery,5.49
3039,1904,2025-09-18,Completed,Card,5.77
3040,1067,2024-03-09,Returned,Card,8.36
3041,15,2024-08-01,Completed,Cash on Delivery,20.85
3042,1392,2025-06-12,Completed,Card,9.89
3043,1815,2024-11-18,Completed,Card,8.55
3044,65,2024-06-03,Completed,Card,22.99
3045,1619,2025-06-15,Completed,Card,2.75
3046,1446,2025-05-01,Completed,Card,14.17
3047,55,2025-12-02,Completed,PayPal,17.75
3048,743,2025-10-16,Completed,Card,10.92
3049,2488,2025-06-10,Completed,Card,7.45
3050,2360,2024-07-31,Completed,Cash on Delivery,9.49
3051,209,2025-11-07,Completed,Card,18.11
3052,202,2024-07-04,Completed,Mobile Money,4.49
3053,675,2024-10-28,Completed,Mobile Money,10.61
3054,1231,2025-08-12,Completed,Card,9.34
3055,2122,2024-06-15,Completed,Mobile Money,19.87
3056,448,2025-04-21,Completed,Mobile Money,10.35
3057,42,2025-06-23,Completed,Mobile Money,14.33
3058,11,2025-09-10,Completed,Card,14.86
3059,2415,2024-02-05,Completed,Card,16.16
3060,40,2025-11-18,Completed,Card,22.87
3061,1652,2025-12-06,Completed,Mobile Money,19.82
3062,827,2025-03-21,Completed,Card,3.68
3063,514,2025-10-06,Completed,Bank Transfer,9.17
3064,2021,2024-11-10,Completed,Card,18.21
3065,1099,2025-09-21,Completed,Mobile Money,4.97
3066,1968,2024-12-05,Completed,Card,18.75
3067,501,2024-09-15,Completed,Card,4.48
3068,2337,2025-02-25,Completed,Card,16.1
3069,464,2025-12-16,Completed,Bank Transfer,3.89
3070,2222,2025-07-29,Completed,Bank Transfer,11.71
3071,390,2024-05-02,Completed,Card,18.17
3072,1222,2025-01-14,Cancelled,Bank Transfer,10.55
3073,969,2025-08-07,Completed,Card,10.91
3074,1531,2025-04-14,Completed,Bank Transfer,5.05
3075,1391,2024-05-07,Completed,Bank Transfer,19.62
3076,139,2025-01-01,Completed,Card,6.98
3077,350,2025-01-25,Completed,Bank Transfer,13.84
3078,1622,2024-03-21,Completed,Bank Transfer,12.24
3079,180,2024-04-16,Completed,PayPal,24.14
3080,1245,2025-11-21,Completed,PayPal,10.79
3081,2442,2025-06-05,Completed,Bank Transfer,2.71
3082,1254,2024-11-08,Completed,Cash on Delivery,7.58
3083,994,2024-04-26,Completed,Mobile Money,24.6
3084,1325,2024-06-12,Completed,Card,19.83
3085,582,2024-06-02,Completed,Mobile Money,3.77
3086,2442,2024-06-11,Completed,Card,22.09
3087,2197,2024-07-04,Completed,PayPal,13.04
3088,972,2024-07-22,Completed,PayPal,3.48
3089,188,2025-12-19,Completed,Mobile Money,16.35
3090,1695,2024-02-11,Returned,Card,18.82
3091,527,2024-12-29,Completed,Card,23.54
3092,1230,2025-02-03,Completed,Bank Transfer,22.49
3093,181,2025-01-22,Completed,PayPal,6.47
3094,2000,2025-02-13,Completed,Card,11.79
3095,2411,2025-01-24,Completed,PayPal,9.7
3096,677,2025-07-21,Completed,PayPal,14.76
3097,1094,2024-10-08,Completed,Bank Transfer,22.68
3098,804,2025-10-27,Completed,Card,12.49
3099,860,2025-11-27,Completed,Bank Transfer,11.37
3100,1241,2025-07-15,Completed,Bank Transfer,11.63
3101,23,2025-06-26,Completed,Card,4.46
3102,16,2025-08-25,Completed,Card,15.4
3103,1267,2024-06-22,Completed,Card,15.97
3104,1685,2024-08-03,Completed,Card,16.59
3105,1129,2025-12-17,Completed,PayPal,11.54
3106,802,2025-02-07,Completed,Card,3.15
3107,1299,2025-08-29,Completed,Cash on Delivery,14.06
3108,1885,2025-09-12,Cancelled,Bank Transfer,9.66
3109,1816,2024-01-19,Completed,Mobile Money,11.47
3110,2364,2025-04-05,Completed,Card,23.74
3111,305,2024-03-28,Completed,Card,11.59
3112,1415,2024-05-22,Completed,Mobile Money,13.78
3113,686,2024-12-14,Completed,Card,14.33
3114,973,2025-12-29,Returned,Card,19.27
3115,2382,2025-08-11,Completed,Card,3.79
3116,1418,2024-06-24,Completed,Mobile Money,5.78
3117,1083,2025-07-01,Completed,Cash on Delivery,21.75
3118,167,2025-11-13,Completed,Card,15.13
3119,54,2024-04-18,Completed,Card,15.32
3120,767,2025-11-29,Completed,Card,3.45
3121,1577,2025-10-21,Completed,Card,18.76
3122,2369,2024-08-20,Completed,Card,20.85
3123,282,2024-08-04,Completed,PayPal,23.86
3124,384,2025-02-02,Completed,Card,8.46
3125,2490,2024-01-08,Completed,Card,2.57
3126,2071,2025-08-25,Completed,Mobile Money,18.61
3127,710,2025-10-08,Completed,Card,16.67
3128,2491,2025-12-23,Completed,Cash on Delivery,19.94
3129,1678,2025-08-06,Completed,Bank Transfer,17.94
3130,832,2024-03-07,Completed,Card,19.76
3131,1993,2024-09-08,Completed,Bank Transfer,11.58
3132,464,2025-05-21,Cancelled,Card,7.34
3133,1684,2025-12-19,Completed,PayPal,4.15
3134,192,2025-12-16,Completed,PayPal,8.25
3135,940,2024-02-03,Completed,Mobile Money,9.87
3136,1858,2025-06-13,Completed,Card,6.4
3137,1622,2025-02-17,Cancelled,PayPal,10.42
3138,1382,2025-01-25,Completed,Card,11.02
3139,2127,2024-05-14,Completed,PayPal,10.01
3140,434,2025-11-05,Returned,Card,3.01
3141,1041,2025-11-30,Completed,PayPal,16.35
3142,558,2024-07-04,Completed,PayPal,24.91
3143,68,2025-03-28,Completed,Cash on Delivery,11.71
3144,1434,2025-05-07,Completed,Mobile Money,13.97
3145,2407,2024-05-19,Completed,Bank Transfer,13.36
3146,1929,2025-11-09,Completed,Mobile Money,22.87
3147,1116,2025-02-04,Completed,Bank Transfer,23.18
3148,1145,2024-08-31,Completed,Bank Transfer,12.8
3149,1231,2025-12-02,Completed,Card,7.98
3150,1872,2025-08-27,Completed,Bank Transfer,22.52
3151,827,2025-06-25,Completed,Card,22.36
3152,2016,2024-09-22,Completed,Bank Transfer,8.85
3153,98,2024-03-10,Completed,Mobile Money,23.16
3154,2392,2024-11-16,Completed,Card,23.55
3155,442,2025-05-13,Completed,Bank Transfer,2.73
3156,1776,2024-02-27,Completed,Mobile Money,23.35
3157,1939,2024-12-28,Completed,Card,19.99
3158,286,2024-08-12,Completed,Mobile Money,10.84
3159,1239,2025-12-02,Completed,Bank Transfer,18.79
3160,973,2024-11-17,Completed,Bank Transfer,11.86
3161,2089,2024-07-18,Completed,Mobile Money,11.37
3162,1807,2024-09-04,Completed,Mobile Money,13.0
3163,611,2025-03-26,Completed,PayPal,12.42
3164,2440,2025-01-27,Completed,Card,11.75
3165,1275,2024-12-17,Completed,Card,10.0
3166,2104,2025-05-10,Completed,Mobile Money,23.13
3167,2402,2025-06-13,Completed,Card,15.04
3168,542,2024-09-01,Completed,Card,21.45
3169,2005,2025-02-22,Completed,Bank Transfer,24.08
3170,784,2024-03-11,Completed,Cash on Delivery,4.41
3171,792,2025-09-28,Completed,Card,23.29
3172,2340,2025-08-21,Completed,Mobile Money,16.02
3173,1117,2025-10-07,Completed,Cash on Delivery,10.02
3174,454,2025-01-12,Completed,Bank Transfer,2.82
3175,306,2025-03-19,Completed,Cash on Delivery,19.54
3176,1602,2025-05-12,Completed,Bank Transfer,3.43
3177,1901,2024-02-05,Completed,Card,18.89
3178,2164,2024-04-14,Completed,Bank Transfer,9.69
3179,705,2024-09-30,Completed,Card,12.3
3180,2456,2024-05-09,Completed,Mobile Money,7.85
3181,921,2024-03-30,Completed,Bank Transfer,18.75
3182,2399,2025-04-24,Completed,Mobile Money,13.96
3183,2480,2024-01-29,Completed,PayPal,22.82
3184,270,2025-05-31,Cancelled,Card,3.09
3185,780,2024-01-25,Cancelled,Mobile Money,13.17
3186,2243,2024-09-09,Completed,Card,3.28
3187,2005,2024-10-13,Completed,Card,9.33
3188,2303,2025-04-23,Completed,Card,14.31
3189,21,2024-12-14,Completed,Card,14.79
3190,994,2025-01-16,Completed,Card,12.02
3191,1354,2024-07-24,Completed,Card,6.29
3192,1162,2025-01-28,Completed,Bank Transfer,3.9
3193,2033,2024-12-17,Completed,Bank Transfer,19.28
3194,2020,2024-08-28,Completed,Card,6.66
3195,2164,2024-07-28,Completed,Cash on Delivery,8.97
3196,225,2025-03-13,Completed,Mobile Money,4.46
3197,1431,2025-07-06,Completed,Card,21.98
3198,1641,2024-09-01,Completed,Cash on Delivery,23.79
3199,874,2024-05-11,Completed,PayPal,14.28
3200,586,2024-08-10,Completed,PayPal,13.65
3201,1081,2025-07-07,Completed,Card,9.63
3202,365,2025-02-22,Completed,Card,6.83
3203,972,2024-07-23,Completed,Mobile Money,19.8
3204,334,2025-04-20,Completed,Bank Transfer,4.06
3205,2063,2025-02-18,Completed,Card,17.2
3206,941,2025-08-23,Cancelled,Bank Transfer,11.71
3207,1149,2025-06-01,Completed,Bank Transfer,22.62
3208,201,2025-03-31,Completed,Mobile Money,10.39
3209,332,2025-03-27,Returned,Mobile Money,20.88
3210,1298,2024-04-17,Completed,PayPal,17.42
3211,1424,2025-10-04,Completed,Card,15.19
3212,1641,2025-04-27,Completed,PayPal,12.95
3213,1599,2024-06-06,Completed,Mobile Money,16.56
3214,1460,2024-03-31,Completed,Card,10.55
3215,808,2025-08-11,Completed,Card,6.72
3216,1535,2025-12-05,Completed,Card,3.61
3217,400,2025-06-28,Completed,Card,6.53
3218,1645,2025-10-09,Completed,Card,17.45
3219,2452,2025-10-04,Completed,Cash on Delivery,13.45
3220,2471,2025-10-20,Completed,Mobile Money,7.98
3221,1113,2025-11-15,Completed,Mobile Money,14.08
3222,1544,2024-02-07,Completed,PayPal,24.79
3223,686,2025-04-06,Completed,Card,15.73
3224,2250,2024-07-18,Completed,Card,15.18
3225,1663,2025-03-21,Completed,Card,13.38
3226,1516,2025-03-06,Completed,Cash on Delivery,21.22
3227,1326,2024-06-18,Completed,Mobile Money,18.91
3228,2156,2025-03-31,Returned,PayPal,20.53
3229,952,2025-12-05,Completed,Mobile Money,21.73
3230,652,2025-10-04,Completed,Card,8.56
3231,1558,2025-03-19,Completed,Mobile Money,10.75
3232,1541,2025-05-07,Completed,Mobile Money,11.33
3233,1654,2025-09-27,Completed,Card,22.4
3234,1149,2025-03-22,Completed,Card,20.34
3235,1146,2025-06-03,Completed,Bank Transfer,13.81
3236,2016,2024-07-07,Returned,Cash on Delivery,11.66
3237,880,2024-03-10,Completed,PayPal,8.81
3238,833,2025-01-25,Completed,Card,9.91
3239,730,2024-04-09,Completed,Bank Transfer,7.34
3240,1047,2024-04-24,Completed,Mobile Money,19.78
3241,1657,2025-02-27,Completed,Mobile Money,19.06
3242,725,2025-07-14,Completed,Card,19.68
3243,771,2025-05-15,Completed,Card,18.94
3244,420,2025-06-27,Completed,Bank Transfer,16.61
3245,1391,2025-01-07,Completed,Card,17.11
3246,726,2025-08-24,Completed,Card,3.98
3247,160,2025-08-24,Completed,Bank Transfer,7.87
3248,2391,2024-02-24,Completed,Bank Transfer,24.92
3249,529,2024-08-29,Completed,Bank Transfer,22.97
3250,2452,2025-07-01,Completed,PayPal,6.4
3251,817,2024-02-29,Completed,Bank Transfer,11.94
3252,2004,2024-08-11,Completed,PayPal,22.83
3253,2251,2025-03-05,Completed,Bank Transfer,7.98
3254,2041,2024-04-05,Completed,Card,20.52
3255,1122,2025-02-12,Completed,Bank Transfer,21.03
3256,1604,2024-12-03,Completed,Card,17.81
3257,1676,2025-11-06,Completed,Cash on Delivery,13.4
3258,339,2024-10-02,Completed,Bank Transfer,24.0
3259,1558,2025-07-08,Completed,Mobile Money,11.73
3260,300,2024-02-02,Completed,Mobile Money,7.0
3261,976,2024-03-18,Completed,Card,7.52
3262,1094,2024-04-04,Completed,Bank Transfer,4.96
3263,2285,2025-12-02,Completed,Cash on Delivery,15.55
3264,1100,2024-06-28,Completed,PayPal,16.47
3265,931,2024-05-15,Completed,PayPal,14.5
3266,2234,2024-03-14,Completed,Bank Transfer,13.11
3267,526,2025-12-18,Completed,Cash on Delivery,20.37
3268,27,2025-09-16,Completed,Bank Transfer,12.12
3269,120,2025-06-16,Completed,Card,9.12
3270,2319,2025-01-30,Completed,PayPal,9.88
3271,419,2024-01-08,Completed,Bank Transfer,2.7
3272,938,2024-09-15,Completed,Card,22.58
3273,1047,2024-12-30,Completed,Card,20.39
3274,252,2025-03-11,Cancelled,Mobile Money,21.03
3275,16,2025-01-14,Completed,Card,12.56
3276,899,2025-09-17,Completed,PayPal,11.23
3277,2243,2024-11-18,Completed,Bank Transfer,4.18
3278,1346,2025-10-01,Completed,Card,9.31
3279,988,2024-08-01,Completed,PayPal,9.89
3280,572,2024-06-20,Completed,Card,6.82
3281,2062,2024-02-25,Completed,PayPal,19.47
3282,1713,2025-12-15,Completed,Cash on Delivery,21.33
3283,1237,2025-11-09,Completed,Bank Transfer,9.17
3284,1622,2024-08-09,Completed,Cash on Delivery,6.03
3285,628,2025-01-07,Completed,Bank Transfer,21.51
3286,301,2024-06-04,Completed,Bank Transfer,4.77
3287,77,2025-03-27,Completed,Bank Transfer,6.43
3288,53,2025-11-04,Completed,Card,5.82
3289,540,2024-01-16,Completed,PayPal,16.39
3290,1638,2025-11-25,Completed,Card,17.66
3291,1385,2024-11-14,Completed,Mobile Money,3.65
3292,1842,2024-06-20,Completed,Bank Transfer,9.67
3293,1247,2025-07-09,Completed,Card,4.27
3294,338,2025-08-01,Completed,Card,8.42
3295,644,2024-11-07,Completed,Mobile Money,17.28
3296,311,2025-12-04,Completed,PayPal,7.66
3297,833,2024-04-19,Completed,Card,13.93
3298,2096,2025-05-27,Completed,Card,2.52
3299,2290,2024-01-19,Completed,Bank Transfer,19.91
3300,1412,2024-08-02,Completed,Card,18.68
3301,2323,2025-10-23,Completed,Bank Transfer,11.71
3302,94,2024-06-21,Completed,Bank Transfer,5.37
3303,1589,2025-04-22,Cancelled,PayPal,9.42
3304,844,2025-11-28,Completed,PayPal,15.43
3305,1185,2025-10-27,Completed,PayPal,21.03
3306,156,2024-06-09,Completed,PayPal,21.66
3307,719,2025-08-11,Completed,Card,11.6
3308,1599,2024-08-16,Completed,Cash on Delivery,3.7
3309,304,2024-10-30,Completed,Card,11.55
3310,1086,2024-09-04,Returned,Card,15.06
3311,482,2025-12-17,Completed,Card,6.84
3312,912,2025-02-12,Completed,Mobile Money,8.48
3313,98,2024-10-06,Completed,PayPal,10.64
3314,2278,2024-08-17,Completed,PayPal,6.87
3315,1106,2025-03-21,Completed,Card,5.77
3316,767,2024-08-06,Completed,Card,4.78
3317,899,2024-07-25,Completed,Mobile Money,17.62
3318,1816,2025-02-03,Completed,Card,19.76
3319,1726,2025-10-31,Completed,Bank Transfer,4.1
3320,1989,2024-11-21,Completed,Bank Transfer,10.34
3321,1503,2024-06-27,Completed,PayPal,18.21
3322,384,2025-08-04,Completed,Mobile Money,12.63
3323,1918,2024-09-18,Completed,Card,18.18
3324,1362,2024-07-07,Completed,PayPal,16.43
3325,732,2025-08-20,Completed,Mobile Money,19.46
3326,1535,2025-08-11,Completed,PayPal,13.37
3327,1947,2024-08-10,Completed,Card,7.6
3328,1163,2024-12-14,Completed,Mobile Money,8.27
3329,2153,2025-10-16,Completed,Card,7.6
3330,654,2024-05-26,Cancelled,Card,15.68
3331,579,2025-04-17,Completed,Bank Transfer,6.22
3332,981,2024-02-02,Completed,Card,23.89
3333,1622,2024-01-24,Completed,Bank Transfer,12.89
3334,1457,2025-06-29,Completed,PayPal,22.09
3335,1156,2024-10-20,Completed,PayPal,24.65
3336,1749,2024-02-03,Completed,Card,11.44
3337,697,2024-04-07,Completed,Bank Transfer,8.51
3338,305,2025-09-23,Returned,Card,14.84
3339,1963,2024-01-23,Completed,Card,22.17
3340,1282,2025-06-02,Cancelled,Card,23.04
3341,849,2025-10-13,Completed,Bank Transfer,8.69
3342,1173,2024-01-03,Completed,Cash on Delivery,24.24
3343,319,2025-08-18,Completed,Bank Transfer,18.48
3344,185,2024-04-22,Completed,Card,23.54
3345,464,2025-11-28,Completed,PayPal,7.41
3346,1836,2024-03-18,Completed,Bank Transfer,18.04
3347,2454,2024-05-05,Completed,Mobile Money,3.72
3348,1332,2024-04-03,Completed,Card,18.61
3349,115,2024-09-24,Completed,Bank Transfer,4.85
3350,2136,2025-04-20,Completed,Card,21.15
3351,1448,2025-12-16,Completed,Card,15.31
3352,655,2025-12-15,Completed,PayPal,15.7
3353,859,2024-09-04,Completed,Card,4.14
3354,2060,2024-07-04,Completed,Bank Transfer,6.56
3355,2074,2024-12-12,Completed,Card,7.84
3356,787,2025-09-05,Completed,Card,4.49
3357,1599,2024-07-02,Completed,PayPal,19.88
3358,739,2024-05-12,Completed,Card,22.31
3359,332,2025-04-18,Completed,Card,6.52
3360,1950,2025-11-03,Completed,Card,16.91
3361,666,2024-07-04,Completed,Cash on Delivery,5.75
3362,2494,2025-03-25,Completed,Card,3.6
3363,196,2024-12-01,Completed,PayPal,15.78
3364,654,2025-06-11,Completed,Card,9.22
3365,1230,2024-02-01,Completed,Card,5.01
3366,1893,2024-11-30,Completed,Card,7.68
3367,1286,2025-07-08,Completed,Card,21.41
3368,871,2024-10-24,Completed,Bank Transfer,19.77
3369,692,2025-08-17,Completed,PayPal,19.76
3370,1503,2024-03-20,Completed,Bank Transfer,16.18
3371,1447,2024-10-28,Completed,Bank Transfer,20.89
3372,2203,2024-08-05,Completed,PayPal,17.23
3373,2062,2025-09-26,Returned,PayPal,12.58
3374,1362,2025-04-19,Completed,Mobile Money,22.15
3375,2267,2024-12-23,Completed,Bank Transfer,10.71
3376,1081,2024-03-10,Completed,Card,8.24
3377,1726,2024-01-26,Completed,PayPal,10.6
3378,1448,2024-08-06,Completed,Bank Transfer,21.25
3379,1002,2024-07-12,Completed,Mobile Money,15.63
3380,1853,2024-07-12,Completed,Card,7.53
3381,1025,2025-12-07,Completed,Card,20.1
3382,1203,2024-12-02,Completed,Mobile Money,19.44
3383,430,2024-08-07,Completed,Mobile Money,17.71
3384,1285,2024-07-31,Completed,Card,19.57
3385,2054,2024-02-09,Cancelled,Card,15.99
3386,1913,2024-07-12,Completed,Card,16.69
3387,1247,2024-07-18,Cancelled,Bank Transfer,5.52
3388,1233,2025-04-30,Completed,Card,21.44
3389,1431,2025-10-27,Completed,Mobile Money,8.11
3390,879,2024-08-17,Completed,Bank Transfer,24.24
3391,842,2024-09-19,Completed,Mobile Money,11.38
3392,1149,2024-01-15,Completed,Bank Transfer,16.19
3393,2490,2024-05-14,Returned,Bank Transfer,6.37
3394,2101,2025-03-21,Completed,Card,11.76
3395,2143,2024-11-25,Completed,Mobile Money,22.82
3396,1441,2024-04-14,Completed,Card,11.09
3397,1113,2024-11-03,Completed,Card,5.86
3398,2250,2024-08-18,Completed,Bank Transfer,20.64
3399,1656,2024-07-17,Completed,PayPal,22.33
3400,104,2025-05-07,Completed,Cash on Delivery,15.24
3401,671,2025-07-21,Completed,Bank Transfer,12.27
3402,160,2024-08-31,Completed,Bank Transfer,19.64
3403,1488,2025-08-30,Cancelled,Card,14.12
3404,486,2024-05-03,Returned,Card,18.95
3405,522,2025-04-30,Completed,Card,14.89
3406,1695,2025-01-02,Completed,Card,5.93
3407,291,2024-09-07,Cancelled,Bank Transfer,11.3
3408,364,2024-11-27,Completed,Card,24.41
3409,2167,2024-12-23,Completed,Cash on Delivery,24.2
3410,941,2024-12-16,Completed,Mobile Money,22.07
3411,454,2024-08-27,Completed,Card,17.02
3412,1685,2024-11-02,Completed,Mobile Money,3.6
3413,1691,2025-04-10,Completed,Card,15.12
3414,309,2025-08-09,Completed,Card,8.22
3415,805,2024-11-18,Completed,Card,12.19
3416,1794,2024-02-13,Cancelled,Bank Transfer,4.41
3417,743,2024-12-12,Completed,Bank Transfer,15.32
3418,1976,2025-04-08,Completed,PayPal,9.67
3419,197,2024-06-11,Completed,Card,16.58
3420,1923,2025-04-07,Completed,Bank Transfer,15.92
3421,2043,2024-10-07,Completed,Bank Transfer,7.49
3422,1154,2024-08-11,Returned,Card,7.54
3423,1786,2024-11-22,Completed,Bank Transfer,20.52
3424,568,2025-04-13,Completed,Card,22.79
3425,1601,2024-12-19,Completed,Bank Transfer,5.45
3426,1129,2024-08-02,Completed,Card,7.46
3427,1861,2024-03-16,Completed,Cash on Delivery,3.0
3428,446,2025-02-15,Completed,Card,13.09
3429,726,2025-10-29,Completed,Card,11.92
3430,935,2025-08-22,Completed,Card,23.59
3431,2399,2025-05-17,Returned,Card,4.87
3432,1626,2025-12-09,Completed,Mobile Money,6.78
3433,1619,2024-07-17,Completed,Card,9.39
3434,464,2024-07-04,Completed,PayPal,13.18
3435,108,2024-04-15,Completed,Bank Transfer,9.58
3436,672,2025-04-01,Returned,Card,4.99
3437,602,2024-12-14,Completed,Bank Transfer,18.75
3438,1073,2024-02-08,Completed,Mobile Money,11.86
3439,827,2025-06-30,Completed,Card,18.25
3440,374,2025-02-13,Completed,Card,22.58
3441,1261,2025-01-10,Completed,Mobile Money,7.62
3442,1223,2024-02-22,Completed,Card,8.17
3443,1613,2025-01-14,Completed,Card,16.69
3444,526,2025-04-19,Completed,Bank Transfer,16.73
3445,829,2025-10-09,Completed,Card,24.44
3446,1197,2025-09-21,Completed,Card,17.39
3447,508,2024-01-15,Completed,PayPal,21.81
3448,191,2025-01-07,Completed,Mobile Money,10.0
3449,1458,2024-09-30,Returned,PayPal,19.23
3450,1381,2025-12-10,Completed,Bank Transfer,14.54
3451,1499,2024-11-17,Completed,Card,20.15
3452,202,2025-09-17,Completed,Bank Transfer,4.85
3453,697,2025-10-10,Completed,Bank Transfer,18.91
3454,285,2024-02-29,Completed,Bank Transfer,12.97
3455,959,2025-08-09,Completed,Card,10.22
3456,1443,2025-08-24,Completed,Mobile Money,2.61
3457,1654,2024-06-06,Completed,Bank Transfer,21.13
3458,987,2025-01-06,Completed,Mobile Money,24.06
3459,414,2024-10-19,Completed,PayPal,18.3
3460,700,2024-12-04,Completed,Cash on Delivery,20.28
3461,1211,2025-09-22,Completed,Card,4.09
3462,743,2025-02-22,Completed,Card,17.58
3463,2348,2024-10-14,Completed,Card,3.35
3464,1475,2024-04-22,Completed,Card,7.21
3465,2057,2025-09-29,Completed,Card,7.2
3466,2005,2025-09-01,Completed,Card,10.57
3467,357,2024-08-10,Completed,PayPal,12.61
3468,1136,2025-04-21,Completed,Bank Transfer,11.27
3469,678,2024-08-27,Completed,Card,20.82
3470,1472,2025-09-26,Completed,Bank Transfer,14.97
3471,577,2025-11-26,Completed,Bank Transfer,4.77
3472,1838,2025-11-03,Completed,PayPal,10.3
3473,691,2024-10-15,Completed,Card,18.0
3474,1308,2024-07-03,Completed,Card,5.17
3475,1727,2025-12-23,Completed,Card,22.06
3476,308,2025-09-12,Completed,Card,7.57
3477,2278,2024-12-26,Completed,Mobile Money,17.73
3478,1009,2024-12-29,Completed,Card,24.36
3479,2436,2024-10-10,Completed,Card,5.91
3480,1613,2025-11-24,Completed,Bank Transfer,24.15
3481,567,2024-11-19,Completed,Card,23.19
3482,186,2025-01-10,Completed,Mobile Money,17.36
3483,1897,2024-08-10,Completed,PayPal,7.24
3484,1965,2024-10-20,Completed,Mobile Money,10.69
3485,1986,2025-08-17,Completed,Card,17.82
3486,979,2025-07-07,Completed,Card,12.65
3487,926,2025-12-17,Completed,Card,13.64
3488,2305,2024-09-02,Completed,Card,20.17
3489,280,2025-04-30,Completed,Card,13.66
3490,1615,2024-09-21,Completed,Mobile Money,11.16
3491,353,2025-05-17,Completed,Cash on Delivery,17.29
3492,1431,2024-01-28,Completed,Mobile Money,24.64
3493,1673,2024-09-22,Completed,Mobile Money,19.2
3494,1928,2024-08-17,Completed,Cash on Delivery,23.02
3495,381,2025-10-04,Completed,Cash on Delivery,11.29
3496,2481,2024-04-28,Completed,PayPal,17.72
3497,53,2024-12-30,Completed,PayPal,13.49
3498,1133,2025-01-14,Completed,Card,13.92
3499,259,2024-04-29,Completed,Card,15.45
3500,2202,2025-02-11,Completed,Bank Transfer,3.33
3501,1893,2025-03-16,Completed,Card,20.34
3502,664,2025-04-02,Completed,PayPal,16.94
3503,394,2024-02-27,Completed,Bank Transfer,20.14
3504,501,2024-12-15,Completed,Card,10.68
3505,1753,2024-07-28,Completed,Card,3.67
3506,1284,2025-09-28,Completed,Card,7.27
3507,857,2024-01-10,Completed,Bank Transfer,22.47
3508,1663,2024-06-20,Completed,Bank Transfer,10.57
3509,892,2025-03-12,Completed,Cash on Delivery,8.99
3510,1261,2024-08-01,Completed,PayPal,20.63
3511,2203,2025-04-15,Completed,Mobile Money,15.3
3512,1893,2025-05-28,Completed,Card,24.19
3513,1078,2024-02-10,Completed,Mobile Money,15.24
3514,1277,2025-03-26,Completed,Bank Transfer,23.39
3515,1445,2025-04-02,Completed,Card,16.42
3516,425,2025-12-24,Completed,Card,24.2
3517,288,2025-11-05,Completed,Mobile Money,8.56
3518,2433,2024-02-15,Completed,PayPal,20.85
3519,243,2025-01-19,Completed,Bank Transfer,24.58
3520,827,2025-09-09,Completed,Card,8.3
3521,54,2025-06-14,Completed,Card,24.6
3522,2427,2025-03-07,Completed,Card,11.28
3523,1456,2024-02-19,Completed,Mobile Money,13.72
3524,1385,2024-09-16,Completed,Card,23.31
3525,1466,2024-06-21,Completed,Card,9.07
3526,1143,2024-03-31,Completed,PayPal,21.2
3527,1896,2025-11-15,Completed,Bank Transfer,15.5
3528,1624,2024-01-04,Completed,Bank Transfer,4.56
3529,20,2025-01-19,Completed,Bank Transfer,6.11
3530,87,2025-02-06,Completed,PayPal,14.14
3531,455,2025-09-03,Completed,Card,13.42
3532,1385,2024-04-18,Completed,Card,8.16
3533,1527,2025-12-25,Completed,Card,19.79
3534,1527,2025-05-09,Completed,Bank Transfer,9.09
3535,304,2024-05-23,Completed,Card,20.68
3536,152,2025-03-11,Completed,Cash on Delivery,5.47
3537,1925,2024-01-09,Completed,Mobile Money,18.64
3538,853,2025-08-19,Completed,Mobile Money,20.66
3539,267,2024-01-28,Completed,Cash on Delivery,10.04
3540,1553,2025-01-25,Completed,Card,4.1
3541,102,2024-11-23,Completed,Bank Transfer,12.57
3542,1243,2025-10-09,Completed,PayPal,7.84
3543,1624,2025-07-27,Completed,Card,10.93
3544,19,2025-11-22,Completed,Card,2.95
3545,1946,2025-11-11,Completed,Card,20.37
3546,1285,2025-05-11,Completed,Bank Transfer,12.36
3547,572,2025-02-23,Completed,Bank Transfer,20.45
3548,1337,2025-03-13,Completed,Card,7.73
3549,1231,2025-12-14,Completed,PayPal,19.74
3550,1838,2025-10-04,Completed,Card,3.31
3551,2278,2024-09-24,Completed,Card,11.88
3552,1840,2025-12-05,Completed,Bank Transfer,12.56
3553,105,2024-06-03,Completed,Bank Transfer,18.52
3554,328,2024-10-24,Completed,Mobile Money,13.06
3555,1016,2025-12-17,Completed,Mobile Money,7.69
3556,1030,2025-10-18,Completed,Card,20.64
3557,479,2024-03-20,Completed,Card,23.83
3558,926,2024-07-11,Returned,Bank Transfer,8.93
3559,15,2025-01-03,Completed,PayPal,15.08
3560,2159,2025-07-10,Completed,Bank Transfer,2.84
3561,363,2024-05-01,Completed,Card,16.93
3562,1302,2025-02-18,Completed,Card,22.45
3563,963,2024-09-30,Completed,Card,14.56
3564,748,2024-04-10,Completed,Card,22.45
3565,1144,2025-12-20,Completed,PayPal,9.17
3566,876,2025-03-22,Completed,PayPal,24.61
3567,958,2024-12-08,Completed,Mobile Money,4.55
3568,1115,2024-02-25,Completed,Card,4.32
3569,1637,2024-07-23,Completed,Bank Transfer,24.73
3570,522,2025-08-04,Completed,Bank Transfer,16.87
3571,504,2024-07-01,Completed,Bank Transfer,8.98
3572,268,2024-04-21,Completed,Card,2.99
3573,1088,2025-02-04,Completed,Card,22.09
3574,2057,2025-03-07,Completed,Card,8.61
3575,2001,2025-03-11,Completed,Bank Transfer,6.94
3576,1010,2024-12-29,Completed,PayPal,3.75
3577,2413,2025-01-14,Completed,Bank Transfer,13.58
3578,2253,2025-05-14,Completed,Bank Transfer,17.71
3579,1020,2025-07-19,Completed,PayPal,7.16
3580,1149,2024-04-09,Completed,Mobile Money,6.58
3581,2359,2024-11-19,Completed,PayPal,20.81
3582,526,2025-04-13,Completed,Card,3.46
3583,1421,2024-12-13,Completed,Card,18.67
3584,2289,2025-09-22,Completed,Mobile Money,15.55
3585,2319,2024-07-21,Returned,Card,11.77
3586,51,2025-08-17,Completed,Cash on Delivery,23.53
3587,480,2025-11-29,Completed,Card,13.09
3588,1907,2025-12-01,Completed,Card,6.95
3589,1147,2024-08-16,Completed,Bank Transfer,18.21
3590,1690,2025-10-30,Completed,Card,17.98
3591,2421,2025-09-15,Completed,Cash on Delivery,20.61
3592,1608,2025-09-21,Completed,Bank Transfer,5.49
3593,2464,2024-08-19,Completed,PayPal,10.38
3594,1041,2024-05-02,Completed,Card,11.47
3595,414,2024-04-19,Completed,Card,22.39
3596,1624,2025-02-10,Completed,PayPal,21.92
3597,1214,2025-05-01,Completed,Bank Transfer,9.51
3598,1119,2025-10-14,Completed,Bank Transfer,5.09
3599,1735,2025-01-30,Completed,Bank Transfer,19.2
3600,1083,2025-03-10,Completed,Mobile Money,4.17
3601,1654,2025-05-14,Completed,Bank Transfer,15.49
3602,45,2025-11-10,Completed,Bank Transfer,4.02
3603,1835,2025-06-14,Completed,Card,11.95
3604,990,2024-09-04,Completed,Bank Transfer,12.86
3605,671,2024-10-08,Completed,PayPal,7.46
3606,2056,2025-11-28,Completed,Bank Transfer,11.67
3607,857,2024-09-09,Completed,Mobile Money,17.61
3608,845,2024-02-05,Completed,Bank Transfer,20.83
3609,509,2024-07-27,Completed,Mobile Money,13.4
3610,2163,2025-07-25,Completed,Card,21.75
3611,1488,2025-08-06,Completed,Bank Transfer,22.11
3612,473,2025-01-11,Completed,Card,23.85
3613,1689,2024-11-26,Completed,Cash on Delivery,6.74
3614,1369,2024-08-08,Completed,PayPal,2.97
3615,102,2024-10-26,Completed,Mobile Money,13.75
3616,260,2024-01-12,Completed,Card,14.93
3617,536,2025-09-09,Completed,Cash on Delivery,21.6
3618,46,2024-07-30,Completed,Card,3.62
3619,1286,2025-12-21,Completed,Mobile Money,16.04
3620,2033,2024-11-22,Completed,Bank Transfer,8.66
3621,2180,2024-09-07,Completed,Bank Transfer,7.56
3622,130,2025-11-11,Completed,Bank Transfer,19.82
3623,2406,2025-11-08,Completed,Mobile Money,20.5
3624,1490,2025-03-27,Completed,Card,14.69
3625,2371,2024-07-12,Completed,Card,23.39
3626,997,2024-01-04,Completed,Mobile Money,20.48
3627,2149,2024-11-20,Completed,Card,16.08
3628,821,2024-06-16,Completed,Card,3.54
3629,1624,2025-08-24,Completed,PayPal,14.55
3630,2239,2024-12-21,Completed,Card,13.43
3631,1626,2024-10-31,Cancelled,Cash on Delivery,21.83
3632,877,2025-01-25,Completed,Cash on Delivery,22.03
3633,102,2024-05-13,Completed,Mobile Money,14.73
3634,2359,2024-07-06,Completed,Mobile Money,13.72
3635,2452,2025-02-19,Returned,Card,9.95
3636,1068,2025-07-14,Completed,Cash on Delivery,2.52
3637,201,2024-06-26,Completed,PayPal,6.14
3638,613,2024-10-17,Completed,Bank Transfer,11.75
3639,700,2025-07-12,Completed,Card,6.68
3640,1969,2024-12-08,Completed,Bank Transfer,20.17
3641,1672,2025-12-02,Completed,PayPal,24.47
3642,229,2024-09-27,Completed,Card,24.76
3643,2190,2024-03-27,Completed,Card,14.07
3644,958,2024-03-30,Completed,Card,20.63
3645,671,2025-12-26,Completed,Card,11.7
3646,144,2025-12-09,Returned,PayPal,21.18
3647,255,2024-02-04,Completed,Card,15.84
3648,1146,2024-04-08,Returned,Bank Transfer,10.65
3649,2379,2024-06-04,Completed,Bank Transfer,21.16
3650,804,2025-08-31,Completed,Card,8.09
3651,1063,2024-05-17,Completed,Card,8.83
3652,1825,2025-12-09,Completed,Cash on Delivery,7.23
3653,24,2025-07-04,Completed,Bank Transfer,19.15
3654,2131,2025-06-25,Completed,Card,24.15
3655,804,2025-03-30,Completed,Card,9.34
3656,1311,2024-11-02,Completed,Mobile Money,10.3
3657,1218,2024-12-01,Completed,PayPal,7.53
3658,322,2024-02-08,Completed,PayPal,4.66
3659,1435,2025-05-03,Completed,Bank Transfer,21.94
3660,2267,2025-04-03,Completed,Bank Transfer,13.23
3661,1901,2025-07-06,Completed,Card,12.37
3662,2349,2024-03-08,Completed,PayPal,9.55
3663,951,2025-05-03,Completed,Card,2.84
3664,130,2024-09-06,Completed,Mobile Money,21.62
3665,1749,2024-06-23,Completed,Card,22.27
3666,398,2024-05-19,Completed,Bank Transfer,7.52
3667,1723,2024-01-20,Completed,PayPal,10.96
3668,2156,2025-09-15,Completed,Card,5.4
3669,2405,2025-07-06,Completed,Mobile Money,21.17
3670,802,2024-02-08,Completed,Card,19.97
3671,732,2024-09-25,Completed,Cash on Delivery,3.39
3672,994,2025-11-28,Completed,Bank Transfer,10.93
3673,94,2025-06-17,Completed,Cash on Delivery,19.5
3674,1394,2024-07-31,Completed,Bank Transfer,22.52
3675,1518,2025-05-01,Returned,Bank Transfer,4.38
3676,2294,2025-12-30,Cancelled,Mobile Money,20.74
3677,766,2025-11-28,Completed,Cash on Delivery,20.58
3678,2225,2025-01-24,Completed,Bank Transfer,14.14
3679,1575,2024-08-06,Completed,Card,12.71
3680,317,2024-12-27,Cancelled,Card,7.07
3681,20,2025-12-26,Completed,Card,21.8
3682,1732,2024-04-08,Returned,Card,4.25
3683,522,2025-04-05,Completed,Card,22.92
3684,1905,2025-03-30,Completed,Card,22.27
3685,1613,2024-07-27,Completed,Bank Transfer,3.39
3686,630,2025-08-19,Completed,Mobile Money,10.44
3687,2382,2025-06-04,Completed,PayPal,11.22
3688,406,2024-07-25,Completed,Card,11.26
3689,687,2024-03-22,Completed,Mobile Money,23.04
3690,2427,2025-02-19,Completed,Bank Transfer,15.37
3691,1840,2024-12-13,Completed,Bank Transfer,24.46
3692,2228,2025-12-28,Completed,Card,24.37
3693,406,2024-11-08,Completed,Mobile Money,19.75
3694,757,2025-09-29,Completed,Card,16.37
3695,1798,2025-07-10,Completed,Bank Transfer,14.98
3696,952,2025-02-02,Completed,Bank Transfer,10.72
3697,127,2024-08-11,Completed,Bank Transfer,18.94
3698,340,2024-07-29,Completed,Bank Transfer,19.76
3699,1306,2025-01-31,Completed,Card,22.29
3700,1825,2024-03-19,Completed,Card,24.45
3701,440,2024-04-14,Completed,Bank Transfer,13.59
3702,697,2025-02-19,Completed,PayPal,17.41
3703,731,2025-01-07,Completed,Card,10.99
3704,485,2024-11-18,Completed,Cash on Delivery,21.66
3705,1033,2024-01-07,Completed,Card,11.2
3706,659,2024-07-25,Completed,Card,22.56
3707,2407,2025-11-30,Completed,Card,12.99
3708,200,2025-06-24,Completed,Cash on Delivery,24.92
3709,421,2024-11-23,Completed,Bank Transfer,17.83
3710,697,2024-09-16,Completed,Bank Transfer,22.06
3711,1844,2025-04-26,Completed,Mobile Money,12.59
3712,500,2025-06-03,Completed,Card,12.56
3713,2360,2024-10-31,Completed,Cash on Delivery,18.63
3714,1157,2024-11-05,Completed,Bank Transfer,24.92
3715,1733,2025-05-07,Completed,Bank Transfer,19.84
3716,2379,2025-01-27,Completed,Bank Transfer,16.69
3717,2218,2025-02-17,Completed,Bank Transfer,21.89
3718,305,2024-04-26,Completed,Card,11.72
3719,1934,2025-05-29,Completed,Cash on Delivery,5.71
3720,147,2025-11-13,Completed,Bank Transfer,11.18
3721,990,2025-04-26,Completed,Bank Transfer,15.89
3722,165,2025-12-08,Completed,Mobile Money,11.86
3723,288,2025-04-26,Completed,PayPal,16.24
3724,1368,2025-11-29,Completed,Bank Transfer,14.41
3725,566,2024-03-13,Completed,Card,4.42
3726,1,2024-01-27,Completed,Card,17.22
3727,1558,2024-05-31,Completed,Cash on Delivery,15.08
3728,1136,2024-04-30,Cancelled,Card,23.25
3729,973,2025-10-29,Completed,Bank Transfer,9.1
3730,2180,2024-09-21,Completed,Card,4.34
3731,909,2024-09-15,Completed,Mobile Money,15.16
3732,534,2024-05-16,Completed,Card,24.34
3733,1226,2024-01-05,Completed,Cash on Delivery,22.53
3734,15,2025-06-05,Completed,PayPal,17.95
3735,670,2025-11-10,Completed,Card,16.59
3736,2500,2024-03-29,Completed,Card,4.13
3737,778,2024-06-24,Completed,Card,8.78
3738,2338,2024-11-22,Completed,Card,22.78
3739,2072,2024-12-31,Completed,PayPal,24.06
3740,108,2024-04-06,Completed,Card,7.97
3741,274,2024-09-24,Completed,Card,4.71
3742,2411,2025-05-19,Completed,Cash on Delivery,16.83
3743,1416,2025-01-29,Completed,Card,4.14
3744,847,2024-04-15,Completed,Bank Transfer,20.72
3745,56,2024-08-07,Completed,Mobile Money,2.66
3746,277,2025-08-26,Completed,Card,5.03
3747,1569,2025-09-06,Completed,Mobile Money,7.57
3748,2075,2024-04-30,Completed,Card,17.25
3749,1859,2025-07-01,Completed,Mobile Money,16.77
3750,209,2025-11-21,Completed,Card,3.46
3751,1750,2025-03-22,Completed,Bank Transfer,22.42
3752,2235,2025-06-18,Completed,Cash on Delivery,24.85
3753,2406,2025-11-21,Completed,PayPal,10.32
3754,744,2024-11-21,Cancelled,Card,13.03
3755,1907,2025-09-04,Completed,Bank Transfer,9.45
3756,1119,2025-09-24,Completed,Bank Transfer,18.16
3757,73,2024-07-30,Completed,PayPal,23.54
3758,792,2024-07-07,Completed,Card,19.49
3759,240,2024-07-22,Completed,Bank Transfer,10.0
3760,1706,2024-04-12,Completed,Mobile Money,23.36
3761,130,2025-10-02,Completed,Bank Transfer,11.43
3762,726,2024-04-25,Completed,PayPal,23.42
3763,957,2024-10-20,Completed,Card,17.72
3764,1397,2025-04-12,Completed,Card,16.18
3765,471,2025-04-22,Completed,Card,14.65
3766,255,2024-12-10,Completed,PayPal,22.52
3767,975,2024-12-09,Completed,Card,10.69
3768,414,2024-06-28,Completed,Card,21.39
3769,1891,2025-08-30,Completed,Card,18.24
3770,2222,2024-08-18,Completed,Card,6.85
3771,581,2025-04-20,Completed,Bank Transfer,3.92
3772,1902,2024-07-12,Completed,Bank Transfer,13.09
3773,2144,2025-04-06,Completed,Bank Transfer,24.62
3774,990,2024-03-22,Completed,Bank Transfer,13.01
3775,724,2024-05-26,Completed,Mobile Money,14.42
3776,777,2024-03-14,Completed,Mobile Money,22.95
3777,752,2024-05-27,Completed,Cash on Delivery,12.77
3778,2127,2025-09-05,Completed,PayPal,9.49
3779,103,2025-07-20,Completed,Bank Transfer,15.15
3780,271,2025-07-14,Completed,Card,3.21
3781,973,2025-11-07,Completed,Cash on Delivery,4.86
3782,2009,2025-07-12,Completed,Bank Transfer,12.56
3783,1693,2024-05-06,Completed,Card,19.23
3784,687,2024-08-16,Completed,PayPal,5.41
3785,2427,2025-02-02,Completed,Card,20.72
3786,565,2024-04-02,Completed,Bank Transfer,6.84
3787,51,2024-03-30,Completed,Bank Transfer,16.78
3788,94,2024-09-25,Completed,PayPal,7.83
3789,1183,2024-02-03,Completed,Mobile Money,12.06
3790,777,2024-07-19,Completed,PayPal,3.51
3791,2412,2024-02-25,Completed,PayPal,22.84
3792,317,2025-06-23,Completed,Bank Transfer,23.65
3793,2360,2024-08-23,Completed,Card,19.22
3794,1694,2024-08-08,Completed,Mobile Money,22.26
3795,2202,2025-09-06,Completed,Mobile Money,22.57
3796,130,2025-01-20,Completed,Card,22.73
3797,1468,2025-01-10,Returned,Card,18.65
3798,1269,2024-05-11,Completed,Card,5.22
3799,315,2024-02-03,Completed,Mobile Money,13.75
3800,471,2024-05-06,Completed,Bank Transfer,14.52
3801,2034,2025-10-15,Completed,Cash on Delivery,7.71
3802,1145,2024-02-11,Completed,Card,9.76
3803,2323,2024-08-24,Completed,PayPal,21.55
3804,2007,2025-08-30,Completed,PayPal,16.28
3805,120,2025-04-29,Completed,Cash on Delivery,15.63
3806,59,2025-06-29,Completed,Card,6.15
3807,1699,2025-11-29,Completed,Card,8.57
3808,1008,2024-04-17,Completed,Mobile Money,16.0
3809,1327,2024-06-12,Completed,Card,13.49
3810,1551,2025-05-10,Completed,Bank Transfer,16.77
3811,1963,2024-03-20,Completed,Cash on Delivery,13.31
3812,1893,2024-01-15,Completed,Card,5.15
3813,2133,2025-08-28,Cancelled,Card,18.4
3814,1629,2024-12-27,Completed,Mobile Money,4.05
3815,2452,2025-09-13,Completed,PayPal,3.61
3816,2071,2025-10-06,Completed,Bank Transfer,10.2
3817,1499,2025-05-30,Completed,Bank Transfer,13.5
3818,1775,2025-09-15,Completed,Card,14.97
3819,455,2025-11-24,Completed,Card,17.57
3820,110,2025-08-14,Completed,Bank Transfer,6.84
3821,58,2024-03-17,Completed,Bank Transfer,24.55
3822,1502,2024-04-22,Completed,Bank Transfer,20.94
3823,2285,2025-09-19,Completed,PayPal,22.29
3824,2476,2025-03-16,Cancelled,Card,22.57
3825,332,2025-11-01,Completed,Card,18.76
3826,491,2025-02-07,Completed,PayPal,16.44
3827,1794,2024-03-14,Completed,Card,24.62
3828,1326,2024-08-14,Completed,Bank Transfer,16.65
3829,1472,2024-06-01,Completed,Mobile Money,16.75
3830,820,2024-02-03,Completed,Card,10.19
3831,599,2024-04-26,Completed,Card,7.29
3832,113,2025-08-23,Completed,Card,15.13
3833,1960,2024-08-24,Completed,PayPal,17.95
3834,2386,2024-09-03,Completed,Card,20.04
3835,1815,2025-01-21,Completed,Card,7.15
3836,1085,2024-09-18,Completed,Card,2.97
3837,1011,2025-03-23,Completed,PayPal,21.9
3838,1242,2024-12-05,Completed,Bank Transfer,21.48
3839,118,2024-12-31,Completed,Card,9.53
3840,1717,2024-10-09,Completed,Bank Transfer,8.05
3841,304,2025-11-29,Completed,Card,17.11
3842,1381,2024-08-17,Completed,PayPal,23.43
3843,1626,2025-10-11,Completed,Card,2.98
3844,1718,2024-06-17,Completed,Bank Transfer,18.9
3845,1631,2025-02-11,Completed,PayPal,3.67
3846,167,2024-01-28,Completed,Mobile Money,23.7
3847,16,2024-02-23,Completed,Bank Transfer,9.17
3848,523,2025-09-07,Completed,Card,18.6
3849,315,2024-07-29,Completed,Mobile Money,3.22
3850,2181,2024-03-20,Completed,Mobile Money,3.3
3851,2163,2024-11-29,Completed,Card,10.04
3852,804,2025-09-01,Completed,Bank Transfer,5.91
3853,339,2025-06-10,Completed,Bank Transfer,10.53
3854,771,2025-05-25,Completed,Cash on Delivery,7.56
3855,548,2024-01-24,Completed,Bank Transfer,7.4
3856,2365,2024-02-29,Completed,PayPal,13.42
3857,1727,2025-06-04,Completed,Mobile Money,22.57
3858,1490,2025-12-03,Completed,Card,24.01
3859,1196,2024-06-01,Completed,Mobile Money,21.09
3860,1086,2024-05-24,Completed,Mobile Money,15.22
3861,746,2025-12-08,Completed,Card,7.55
3862,1228,2024-02-20,Completed,Card,11.34
3863,697,2025-10-01,Cancelled,PayPal,3.27
3864,2098,2024-04-01,Completed,Bank Transfer,10.97
3865,237,2025-11-24,Completed,Mobile Money,17.28
3866,1202,2024-05-08,Completed,Mobile Money,13.24
3867,885,2025-01-22,Completed,PayPal,4.27
3868,1381,2024-02-20,Completed,Bank Transfer,2.58
3869,1755,2024-10-14,Completed,Card,17.8
3870,15,2024-06-13,Completed,Mobile Money,18.16
3871,1264,2025-12-31,Completed,Card,4.07
3872,237,2024-05-26,Completed,Card,3.63
3873,2399,2024-01-28,Completed,Card,11.35
3874,683,2025-09-03,Cancelled,Bank Transfer,16.33
3875,893,2024-02-16,Completed,Bank Transfer,19.84
3876,1657,2024-03-21,Completed,PayPal,4.53
3877,1242,2024-04-07,Completed,Card,10.5
3878,1718,2024-09-05,Completed,Bank Transfer,7.45
3879,1044,2025-10-31,Completed,Card,12.71
3880,2282,2024-01-05,Completed,Mobile Money,22.55
3881,954,2025-12-29,Completed,Bank Transfer,21.32
3882,216,2024-09-05,Completed,PayPal,16.89
3883,718,2025-02-19,Completed,Card,19.35
3884,300,2025-10-21,Completed,Mobile Money,18.98
3885,1337,2025-06-01,Completed,Mobile Money,5.66
3886,2226,2025-03-02,Completed,Card,3.76
3887,353,2024-08-09,Completed,Mobile Money,18.91
3888,2459,2025-07-04,Completed,Card,23.52
3889,187,2025-09-30,Completed,Cash on Delivery,14.37
3890,1704,2025-04-26,Completed,Bank Transfer,7.26
3891,1247,2025-08-26,Completed,Card,15.7
3892,1484,2025-11-01,Completed,Card,5.38
3893,1780,2025-04-27,Completed,Bank Transfer,14.43
3894,1643,2025-08-24,Completed,Bank Transfer,16.85
3895,282,2024-08-05,Completed,Card,3.39
3896,1337,2024-05-17,Completed,Bank Transfer,2.84
3897,1701,2024-08-31,Completed,Card,5.1
3898,414,2025-02-22,Completed,Card,4.05
3899,2481,2024-05-07,Completed,Card,15.02
3900,2143,2025-09-04,Completed,Card,11.69
3901,587,2024-07-24,Completed,Bank Transfer,11.19
3902,129,2024-09-24,Completed,Mobile Money,12.82
3903,332,2024-09-20,Completed,Card,19.77
3904,739,2025-05-05,Completed,Cash on Delivery,20.41
3905,135,2025-01-16,Completed,Card,5.26
3906,1456,2025-01-31,Completed,Cash on Delivery,16.41
3907,1386,2024-08-31,Completed,Card,22.6
3908,2028,2025-06-28,Completed,Mobile Money,14.68
3909,1000,2025-01-01,Completed,Mobile Money,21.04
3910,2250,2024-10-18,Completed,Card,20.61
3911,2338,2024-10-10,Returned,PayPal,20.33
3912,2277,2025-05-09,Completed,Bank Transfer,23.11
3913,60,2024-10-03,Completed,Mobile Money,13.75
3914,475,2024-03-14,Completed,Bank Transfer,4.27
3915,2364,2024-09-28,Completed,PayPal,8.35
3916,1861,2025-11-27,Completed,PayPal,11.34
3917,1811,2024-07-27,Completed,Card,16.42
3918,2142,2024-06-25,Completed,Bank Transfer,8.36
3919,731,2025-02-26,Completed,Card,10.05
3920,1022,2024-03-12,Completed,Card,7.11
3921,1030,2024-10-26,Completed,PayPal,15.26
3922,2493,2025-02-26,Completed,Cash on Delivery,17.98
3923,1835,2024-03-26,Completed,Bank Transfer,22.73
3924,2305,2024-09-20,Completed,Card,5.75
3925,416,2025-07-29,Completed,Card,10.41
3926,419,2024-10-31,Completed,Mobile Money,2.91
3927,584,2025-04-27,Completed,Card,24.66
3928,2297,2025-05-20,Completed,Card,7.24
3929,1532,2024-07-02,Completed,Card,14.92
3930,1426,2025-02-28,Completed,Card,22.82
3931,1086,2024-11-22,Returned,Card,8.63
3932,2290,2024-07-25,Completed,Bank Transfer,4.11
3933,109,2024-01-02,Completed,Card,23.12
3934,2237,2025-05-23,Completed,Card,4.17
3935,103,2025-12-08,Completed,Card,3.05
3936,2033,2024-09-11,Completed,Bank Transfer,5.36
3937,315,2024-12-11,Completed,Card,23.12
3938,105,2025-11-19,Completed,Card,6.13
3939,2474,2025-07-09,Completed,Mobile Money,5.78
3940,254,2024-05-24,Completed,Bank Transfer,12.85
3941,1264,2024-07-17,Completed,Mobile Money,8.04
3942,1181,2025-01-09,Completed,Bank Transfer,2.84
3943,900,2024-08-28,Completed,PayPal,22.28
3944,1682,2025-12-22,Completed,Card,4.0
3945,133,2024-02-19,Completed,Mobile Money,3.91
3946,24,2024-09-14,Completed,Mobile Money,22.52
3947,2454,2025-07-05,Completed,Card,22.22
3948,1524,2025-09-13,Completed,Bank Transfer,18.42
3949,1779,2025-02-27,Completed,Bank Transfer,6.89
3950,1701,2025-06-18,Completed,PayPal,11.0
3951,37,2024-02-29,Completed,Mobile Money,22.9
3952,2348,2024-11-20,Completed,Card,24.93
3953,773,2024-07-18,Cancelled,Card,10.13
3954,251,2025-12-16,Completed,Mobile Money,4.64
3955,2099,2024-09-15,Completed,PayPal,18.57
3956,1147,2024-10-17,Completed,PayPal,21.89
3957,763,2024-03-25,Completed,Cash on Delivery,6.34
3958,389,2025-01-29,Completed,Bank Transfer,2.58
3959,1618,2024-03-30,Completed,Bank Transfer,19.21
3960,751,2024-12-23,Completed,Bank Transfer,4.87
3961,74,2025-06-01,Completed,Card,12.99
3962,853,2025-07-27,Returned,Cash on Delivery,3.45
3963,2041,2024-06-07,Completed,Bank Transfer,14.75
3964,2419,2025-02-07,Completed,Mobile Money,23.25
3965,826,2024-01-28,Completed,Card,14.15
3966,485,2024-11-19,Completed,Card,17.63
3967,1177,2024-01-03,Completed,Card,11.61
3968,18,2024-11-11,Completed,Bank Transfer,15.66
3969,2371,2024-02-21,Completed,Card,16.81
3970,982,2024-06-29,Completed,Card,16.8
3971,660,2025-03-15,Completed,Card,17.26
3972,2069,2024-09-21,Completed,Card,12.74
3973,2095,2025-02-21,Completed,Bank Transfer,9.74
3974,1459,2025-05-31,Completed,Card,8.2
3975,522,2025-10-16,Completed,PayPal,21.75
3976,1626,2024-07-24,Completed,Card,5.79
3977,1390,2025-04-14,Completed,Cash on Delivery,10.72
3978,1319,2024-07-16,Completed,Bank Transfer,8.04
3979,2164,2025-12-01,Completed,PayPal,20.3
3980,1643,2025-12-24,Completed,Mobile Money,6.97
3981,1265,2025-11-29,Completed,Card,17.38
3982,442,2024-03-16,Completed,Card,17.49
3983,2337,2024-08-18,Completed,Card,21.94
3984,778,2025-05-25,Completed,Card,21.23
3985,2448,2025-04-23,Completed,PayPal,12.81
3986,1132,2024-11-11,Completed,Card,6.87
3987,2021,2025-08-20,Completed,Mobile Money,4.64
3988,1277,2024-06-06,Completed,Card,3.53
3989,83,2025-06-13,Completed,Bank Transfer,5.48
3990,1840,2024-06-21,Completed,Card,18.29
3991,2190,2025-05-05,Completed,Bank Transfer,21.42
3992,1030,2024-08-25,Completed,Bank Transfer,20.55
3993,1775,2025-05-11,Completed,Cash on Delivery,13.08
3994,1766,2024-03-06,Completed,Card,11.61
3995,666,2025-06-08,Completed,Mobile Money,24.05
3996,300,2024-08-05,Completed,Cash on Delivery,15.86
3997,1371,2025-05-17,Completed,Card,21.29
3998,1096,2024-08-26,Completed,Bank Transfer,3.66
3999,1155,2025-07-19,Completed,Bank Transfer,21.41
4000,288,2025-08-31,Completed,PayPal,15.45
4001,1240,2024-07-27,Completed,Card,7.09
4002,1122,2024-11-27,Completed,Card,23.17
4003,222,2024-11-11,Completed,Card,8.87
4004,135,2024-09-10,Completed,Bank Transfer,14.48
4005,31,2024-06-07,Completed,Card,18.91
4006,846,2025-06-15,Returned,Card,17.05
4007,626,2024-02-12,Completed,Cash on Delivery,20.57
4008,1717,2025-07-03,Completed,Card,5.6
4009,436,2024-07-22,Completed,Mobile Money,20.04
4010,579,2025-07-17,Completed,Card,24.6
4011,2087,2025-11-01,Completed,Bank Transfer,3.51
4012,716,2024-09-12,Completed,PayPal,18.22
4013,1757,2025-03-21,Completed,Card,17.98
4014,2231,2025-05-05,Completed,Mobile Money,23.67
4015,885,2024-08-14,Completed,Cash on Delivery,3.73
4016,391,2025-03-13,Completed,Bank Transfer,4.58
4017,1059,2024-08-01,Completed,Cash on Delivery,15.53
4018,130,2025-01-05,Completed,Bank Transfer,11.24
4019,2104,2024-06-15,Completed,Bank Transfer,24.46
4020,1065,2024-11-23,Completed,Bank Transfer,23.61
4021,123,2025-10-03,Completed,Card,14.65
4022,561,2025-09-13,Completed,Mobile Money,7.16
4023,960,2025-11-22,Cancelled,Card,15.03
4024,772,2024-02-14,Completed,Card,9.96
4025,185,2024-09-26,Completed,PayPal,24.13
4026,1795,2024-05-22,Completed,Card,10.29
4027,1975,2025-03-06,Completed,Card,8.22
4028,680,2024-11-14,Completed,Cash on Delivery,22.15
4029,1381,2024-04-06,Completed,Bank Transfer,3.84
4030,1122,2024-02-18,Completed,Mobile Money,9.25
4031,526,2024-06-20,Cancelled,Card,8.86
4032,1877,2025-10-11,Completed,Card,16.54
4033,2057,2025-11-28,Completed,Card,23.38
4034,2203,2024-11-01,Completed,Bank Transfer,5.33
4035,2344,2024-03-10,Completed,Mobile Money,16.79
4036,2331,2025-09-24,Completed,Bank Transfer,19.72
4037,213,2025-04-21,Completed,Mobile Money,19.26
4038,2369,2025-04-12,Completed,Bank Transfer,12.5
4039,985,2025-02-09,Completed,Card,20.03
4040,1600,2025-12-19,Completed,Mobile Money,6.77
4041,1884,2024-07-25,Completed,Card,22.6
4042,1174,2025-02-05,Completed,PayPal,21.04
4043,2098,2025-07-22,Completed,PayPal,16.58
4044,407,2024-10-18,Completed,PayPal,19.66
4045,1326,2025-02-26,Completed,Card,18.37
4046,2348,2025-05-15,Completed,Card,5.9
4047,1777,2024-10-20,Completed,Card,3.18
4048,715,2024-10-26,Completed,Card,5.92
4049,244,2024-04-04,Completed,Card,23.66
4050,1471,2025-03-08,Completed,PayPal,14.03
4051,2156,2025-04-25,Completed,Card,24.94
4052,44,2025-01-10,Completed,Mobile Money,3.71
4053,1906,2024-11-30,Completed,Bank Transfer,6.38
4054,1596,2024-11-10,Completed,Card,11.63
4055,258,2024-08-10,Completed,Card,19.98
4056,2032,2024-06-27,Completed,Card,3.46
4057,2404,2025-10-28,Completed,Card,11.58
4058,2457,2025-10-26,Completed,Card,14.44
4059,1011,2024-09-09,Returned,Cash on Delivery,15.86
4060,2036,2025-05-28,Completed,Mobile Money,7.38
4061,2272,2024-06-21,Completed,Card,18.09
4062,1646,2025-10-12,Completed,Card,13.1
4063,899,2024-07-17,Completed,Card,15.9
4064,697,2024-08-14,Completed,Card,21.32
4065,952,2024-08-15,Completed,PayPal,20.16
4066,2045,2025-10-04,Completed,Card,2.88
4067,560,2025-06-27,Cancelled,PayPal,8.75
4068,828,2025-12-02,Completed,Card,9.83
4069,1723,2024-12-03,Cancelled,Card,17.35
4070,2149,2025-12-09,Completed,Mobile Money,16.38
4071,2374,2025-11-14,Completed,Bank Transfer,7.33
4072,1572,2025-11-18,Completed,Card,10.57
4073,1147,2024-08-03,Completed,Bank Transfer,12.78
4074,1289,2024-01-23,Returned,Bank Transfer,7.83
4075,400,2024-07-29,Completed,PayPal,7.14
4076,97,2025-02-25,Completed,Mobile Money,16.97
4077,1328,2025-04-20,Completed,Card,2.63
4078,961,2025-12-16,Completed,Bank Transfer,3.05
4079,1472,2025-07-13,Completed,Card,22.23
4080,1174,2024-10-29,Cancelled,Bank Transfer,19.44
4081,1071,2025-09-05,Completed,Card,17.5
4082,21,2025-06-29,Completed,Mobile Money,12.7
4083,2299,2025-01-03,Completed,Mobile Money,22.3
4084,954,2025-01-17,Completed,Bank Transfer,10.09
4085,963,2024-12-28,Completed,Mobile Money,7.51
4086,2289,2024-07-28,Completed,Mobile Money,6.26
4087,2424,2024-11-11,Completed,Bank Transfer,17.6
4088,2345,2024-02-12,Completed,PayPal,12.22
4089,1570,2025-04-02,Completed,Card,10.51
4090,407,2024-01-16,Completed,Card,4.55
4091,679,2024-11-20,Completed,Mobile Money,4.08
4092,2263,2025-06-13,Completed,PayPal,11.64
4093,1260,2024-02-15,Completed,Bank Transfer,9.23
4094,1239,2025-03-31,Cancelled,Card,9.65
4095,1901,2024-04-23,Completed,PayPal,18.31
4096,1922,2024-07-09,Returned,Card,2.96
4097,1528,2024-09-04,Completed,PayPal,9.22
4098,877,2024-04-29,Completed,Card,9.39
4099,726,2024-12-13,Completed,Bank Transfer,7.6
4100,1093,2025-10-09,Completed,Card,11.08
4101,1923,2025-12-09,Completed,Mobile Money,23.94
4102,1415,2025-08-22,Completed,Mobile Money,22.01
4103,268,2024-02-08,Completed,Bank Transfer,16.39
4104,1247,2025-06-15,Completed,Cash on Delivery,16.97
4105,1367,2025-02-13,Completed,Card,14.63
4106,1912,2025-05-16,Completed,PayPal,4.77
4107,1891,2025-04-09,Completed,Card,12.38
4108,2340,2025-12-18,Completed,Cash on Delivery,11.61
4109,1198,2024-03-14,Completed,Card,3.77
4110,1214,2024-04-16,Completed,Bank Transfer,16.92
4111,354,2024-06-04,Completed,Card,15.9
4112,249,2024-08-06,Completed,Card,8.46
4113,2220,2024-10-14,Completed,Card,19.07
4114,692,2025-08-10,Completed,Bank Transfer,19.25
4115,683,2025-08-17,Completed,Bank Transfer,3.14
4116,2061,2025-02-02,Completed,Card,20.97
4117,347,2025-01-19,Completed,PayPal,10.56
4118,1876,2025-11-01,Completed,Bank Transfer,9.61
4119,2280,2024-01-21,Completed,Mobile Money,15.42
4120,388,2024-12-14,Completed,Bank Transfer,17.95
4121,709,2025-03-05,Completed,Bank Transfer,15.18
4122,271,2024-11-23,Completed,PayPal,5.98
4123,1054,2025-02-17,Completed,Card,19.22
4124,1673,2024-07-10,Completed,Mobile Money,9.51
4125,1804,2025-11-14,Completed,Card,16.17
4126,2329,2025-09-24,Completed,Mobile Money,9.75
4127,1939,2024-03-19,Completed,Mobile Money,17.06
4128,2337,2024-12-04,Completed,Cash on Delivery,20.63
4129,297,2025-10-25,Completed,PayPal,16.83
4130,202,2025-05-15,Completed,Card,14.08
4131,1443,2025-05-29,Completed,Bank Transfer,24.1
4132,2069,2025-12-12,Completed,Card,9.07
4133,904,2024-02-05,Completed,Bank Transfer,8.46
4134,1088,2024-10-28,Completed,Mobile Money,9.37
4135,1954,2025-05-17,Completed,Bank Transfer,6.52
4136,791,2024-04-15,Completed,Bank Transfer,13.62
4137,870,2025-06-27,Completed,Cash on Delivery,10.19
4138,2124,2025-12-22,Completed,Card,13.7
4139,1753,2024-11-07,Completed,Card,20.91
4140,532,2024-12-17,Completed,Cash on Delivery,4.82
4141,1030,2025-12-07,Completed,Cash on Delivery,19.16
4142,390,2025-06-21,Completed,Bank Transfer,2.56
4143,1249,2025-08-16,Completed,Cash on Delivery,14.57
4144,261,2024-12-16,Completed,Bank Transfer,16.83
4145,347,2025-06-21,Completed,Cash on Delivery,15.46
4146,1059,2025-08-06,Completed,Card,24.76
4147,130,2025-07-07,Completed,Card,5.07
4148,1795,2024-11-16,Completed,Card,7.68
4149,300,2024-11-12,Completed,PayPal,12.7
4150,1703,2024-04-05,Completed,PayPal,18.57
4151,2057,2024-09-04,Completed,Bank Transfer,10.43
4152,2344,2025-09-08,Completed,Bank Transfer,21.85
4153,406,2024-06-30,Completed,Bank Transfer,3.49
4154,1927,2024-01-29,Completed,Card,17.0
4155,463,2024-09-12,Completed,Mobile Money,22.42
4156,267,2024-05-29,Completed,Card,16.08
4157,2378,2025-06-01,Completed,Card,13.32
4158,1558,2024-03-16,Completed,Card,23.38
4159,202,2024-07-31,Completed,Card,16.74
4160,2263,2024-08-21,Completed,Card,5.98
4161,2151,2025-05-30,Cancelled,Mobile Money,6.94
4162,2202,2024-08-02,Completed,Card,2.87
4163,2054,2024-10-29,Completed,Card,2.91
4164,1434,2024-02-02,Completed,Mobile Money,7.28
4165,751,2024-05-10,Completed,Card,19.72
4166,2122,2024-06-02,Completed,Card,12.29
4167,12,2025-02-09,Completed,Cash on Delivery,17.6
4168,1756,2024-09-30,Completed,Card,11.59
4169,784,2024-09-28,Completed,Card,24.84
4170,2012,2024-10-14,Completed,Card,7.23
4171,1315,2024-06-07,Completed,Card,2.8
4172,1306,2025-09-18,Completed,Bank Transfer,4.16
4173,541,2025-01-02,Completed,Card,13.0
4174,767,2025-08-28,Completed,Cash on Delivery,9.16
4175,1205,2024-12-14,Completed,Card,11.5
4176,1242,2024-08-02,Completed,PayPal,3.91
4177,1233,2024-05-24,Completed,Card,9.07
4178,785,2025-08-11,Completed,Bank Transfer,4.03
4179,1055,2024-08-15,Cancelled,Bank Transfer,24.3
4180,972,2025-02-05,Completed,Card,12.18
4181,644,2024-04-24,Completed,Card,14.01
4182,1868,2024-07-02,Completed,Card,13.19
4183,2390,2024-09-01,Completed,Card,5.0
4184,1825,2024-09-03,Returned,Bank Transfer,20.73
4185,8,2025-04-09,Completed,Card,20.94
4186,275,2024-06-16,Completed,Bank Transfer,11.44
4187,1990,2025-02-28,Completed,Card,7.02
4188,1746,2025-11-03,Completed,Card,19.69
4189,1944,2025-03-10,Completed,Bank Transfer,21.6
4190,361,2024-03-20,Completed,PayPal,5.87
4191,2133,2024-01-25,Completed,Card,14.12
4192,2272,2025-04-11,Completed,PayPal,7.27
4193,60,2024-04-29,Completed,Card,7.21
4194,1202,2025-03-02,Completed,Bank Transfer,3.13
4195,2319,2025-07-25,Completed,Cash on Delivery,10.11
4196,1986,2024-08-09,Completed,Cash on Delivery,24.64
4197,1858,2025-11-16,Completed,Card,10.84
4198,2412,2025-11-06,Completed,Card,17.02
4199,2267,2025-05-23,Completed,Mobile Money,16.01
4200,504,2025-07-05,Completed,Bank Transfer,4.59
4201,2127,2024-06-30,Completed,Mobile Money,21.49
4202,1804,2024-03-09,Completed,Mobile Money,20.7
4203,537,2024-04-12,Completed,PayPal,15.17
4204,2148,2025-01-21,Cancelled,Mobile Money,14.89
4205,199,2024-05-28,Completed,Mobile Money,11.08
4206,425,2024-11-13,Completed,PayPal,18.28
4207,1485,2024-02-01,Completed,Bank Transfer,24.62
4208,427,2025-09-14,Completed,Card,5.47
4209,2384,2024-02-27,Completed,Card,8.96
4210,528,2025-06-20,Completed,Card,3.35
4211,173,2024-09-07,Completed,Card,9.48
4212,1680,2025-01-26,Returned,Mobile Money,7.32
4213,1528,2024-08-25,Completed,PayPal,12.03
4214,959,2024-05-06,Completed,Bank Transfer,11.02
4215,2184,2024-07-27,Completed,Card,10.5
4216,1877,2025-09-17,Completed,PayPal,5.96
4217,1558,2025-01-28,Completed,PayPal,9.59
4218,1818,2025-10-25,Completed,Bank Transfer,16.71
4219,1231,2024-08-25,Cancelled,Card,15.36
4220,1326,2025-01-11,Completed,Card,20.82
4221,120,2024-02-26,Completed,Card,17.01
4222,2102,2025-11-02,Completed,Mobile Money,24.95
4223,597,2024-07-09,Completed,Card,12.77
4224,141,2024-09-09,Completed,Card,14.75
4225,1126,2025-04-09,Completed,Bank Transfer,14.39
4226,15,2024-01-21,Completed,Card,20.89
4227,1573,2024-01-30,Completed,Bank Transfer,23.37
4228,11,2025-11-21,Completed,Bank Transfer,13.16
4229,557,2025-10-18,Completed,Card,18.43
4230,1409,2024-04-10,Completed,Bank Transfer,24.92
4231,757,2025-05-21,Completed,Card,5.89
4232,2340,2025-02-19,Completed,Card,23.28
4233,455,2024-03-10,Completed,Mobile Money,16.17
4234,2296,2024-10-17,Completed,Cash on Delivery,7.19
4235,966,2025-01-28,Cancelled,Bank Transfer,23.11
4236,1910,2024-12-09,Completed,Card,6.89
4237,583,2025-01-17,Completed,PayPal,15.79
4238,312,2024-03-27,Completed,PayPal,3.42
4239,2231,2025-02-01,Completed,Bank Transfer,14.36
4240,225,2025-03-02,Completed,Card,4.19
4241,1646,2025-11-23,Completed,Card,7.49
4242,2221,2025-01-07,Completed,PayPal,11.3
4243,1195,2025-08-14,Completed,Bank Transfer,10.48
4244,960,2025-10-31,Completed,Bank Transfer,9.69
4245,1702,2025-10-28,Completed,Bank Transfer,4.19
4246,2109,2025-06-21,Completed,Card,15.84
4247,1972,2025-10-07,Completed,Cash on Delivery,10.51
4248,1177,2025-07-13,Completed,Bank Transfer,11.24
4249,1907,2025-08-06,Completed,Card,12.02
4250,2403,2025-08-21,Completed,PayPal,19.73
4251,640,2024-01-10,Completed,Bank Transfer,13.46
4252,328,2025-02-28,Completed,Bank Transfer,7.62
4253,976,2025-01-10,Completed,Bank Transfer,14.33
4254,366,2025-07-07,Completed,Card,20.61
4255,2207,2025-03-26,Completed,Card,11.02
4256,160,2024-06-15,Completed,Card,24.38
4257,974,2025-01-10,Completed,Card,13.45
4258,189,2024-12-09,Returned,Card,19.04
4259,1984,2025-07-01,Completed,Cash on Delivery,15.51
4260,354,2024-10-31,Completed,Card,18.74
4261,2222,2024-10-16,Completed,Mobile Money,3.88
4262,1195,2025-05-26,Completed,PayPal,17.64
4263,1,2025-08-06,Completed,PayPal,16.82
4264,1417,2024-11-29,Completed,Card,10.52
4265,644,2025-05-07,Completed,Mobile Money,17.08
4266,1950,2025-10-27,Completed,Card,21.2
4267,2321,2025-01-08,Completed,Card,24.87
4268,623,2024-03-19,Completed,Bank Transfer,18.2
4269,1384,2025-07-08,Completed,Card,2.54
4270,1150,2024-08-16,Completed,Cash on Delivery,11.49
4271,725,2025-05-23,Completed,Card,20.55
4272,2191,2024-03-28,Completed,Bank Transfer,23.62
4273,1864,2024-08-18,Completed,Card,7.37
4274,1460,2024-09-27,Completed,PayPal,12.49
4275,1157,2024-04-16,Completed,Mobile Money,9.89
4276,663,2025-07-06,Completed,Mobile Money,18.07
4277,286,2024-02-12,Completed,Card,13.85
4278,899,2024-08-08,Completed,Cash on Delivery,3.95
4279,487,2024-05-01,Completed,Card,22.33
4280,1902,2025-10-18,Completed,Bank Transfer,20.12
4281,2093,2025-06-12,Completed,Mobile Money,21.83
4282,2022,2024-04-25,Completed,Card,4.82
4283,1901,2024-04-13,Completed,Card,4.51
4284,1121,2024-10-15,Completed,Card,4.9
4285,730,2024-07-17,Completed,Bank Transfer,7.32
4286,2177,2024-08-28,Completed,Mobile Money,20.57
4287,363,2024-09-05,Completed,Card,9.84
4288,1723,2024-02-17,Completed,Card,23.94
4289,588,2025-05-07,Completed,Mobile Money,20.93
4290,942,2024-07-20,Completed,Mobile Money,22.35
4291,1068,2025-09-12,Completed,Card,17.96
4292,1965,2024-10-21,Completed,Mobile Money,19.74
4293,1973,2025-03-06,Completed,Card,4.4
4294,1027,2024-06-17,Completed,Mobile Money,10.69
4295,2222,2024-10-13,Completed,Cash on Delivery,24.57
4296,102,2025-05-20,Completed,Bank Transfer,6.35
4297,1894,2024-12-20,Completed,Bank Transfer,6.3
4298,437,2024-03-18,Completed,Bank Transfer,24.22
4299,218,2024-12-28,Completed,Card,20.7
4300,2062,2025-04-26,Completed,Mobile Money,12.48
4301,1618,2025-05-28,Completed,Card,17.43
4302,2121,2024-11-18,Completed,Bank Transfer,21.71
4303,1183,2025-11-13,Completed,Cash on Delivery,23.33
4304,990,2025-07-08,Completed,Card,6.29
4305,1856,2025-05-14,Completed,Card,22.69
4306,2442,2025-02-03,Completed,Card,22.03
4307,1744,2025-12-15,Completed,PayPal,16.53
4308,1243,2025-04-06,Completed,Bank Transfer,10.79
4309,64,2025-11-26,Completed,Mobile Money,5.96
4310,2078,2025-10-20,Completed,Bank Transfer,16.97
4311,122,2024-08-24,Completed,PayPal,16.42
4312,1230,2025-06-22,Completed,Card,22.32
4313,892,2024-03-04,Completed,Bank Transfer,6.46
4314,1324,2024-10-13,Completed,Cash on Delivery,4.63
4315,353,2024-11-15,Completed,PayPal,5.53
4316,181,2025-04-18,Completed,Bank Transfer,17.89
4317,1863,2025-09-14,Completed,Card,19.82
4318,2439,2024-12-07,Completed,Bank Transfer,3.41
4319,2109,2024-07-05,Completed,Bank Transfer,11.93
4320,558,2025-01-05,Completed,Card,11.34
4321,743,2025-11-04,Completed,Card,20.61
4322,2126,2025-03-20,Completed,Cash on Delivery,20.16
4323,2122,2025-01-20,Completed,PayPal,4.75
4324,2043,2025-08-16,Cancelled,Mobile Money,22.49
4325,194,2025-10-30,Completed,Bank Transfer,22.54
4326,186,2024-05-21,Completed,PayPal,7.29
4327,2071,2025-07-25,Completed,Card,15.2
4328,436,2025-10-27,Completed,Card,8.25
4329,268,2024-11-26,Completed,Mobile Money,15.67
4330,1901,2024-09-24,Completed,Card,21.54
4331,890,2025-10-29,Returned,Card,9.9
4332,643,2024-03-19,Completed,Card,15.44
4333,487,2025-03-17,Completed,Card,5.59
4334,2223,2024-04-18,Completed,Card,21.94
4335,1881,2024-03-16,Completed,Mobile Money,16.25
4336,725,2024-01-21,Completed,Card,14.36
4337,2168,2024-04-17,Completed,Bank Transfer,4.05
4338,2359,2025-03-21,Completed,Cash on Delivery,9.85
4339,757,2024-12-18,Completed,Bank Transfer,24.39
4340,509,2025-08-28,Completed,Card,18.52
4341,2359,2025-07-01,Completed,Card,5.0
4342,364,2024-07-28,Completed,Bank Transfer,4.0
4343,1775,2025-09-21,Completed,Card,5.55
4344,1640,2024-11-16,Completed,Mobile Money,22.26
4345,139,2025-08-01,Completed,Card,14.33
4346,1897,2024-04-05,Cancelled,Mobile Money,17.62
4347,1356,2025-12-10,Completed,Cash on Delivery,14.59
4348,1030,2025-10-04,Completed,Card,6.19
4349,2452,2024-09-29,Completed,PayPal,7.96
4350,72,2025-03-12,Completed,PayPal,20.77
4351,2440,2024-12-02,Completed,Card,3.53
4352,2399,2024-01-01,Completed,Cash on Delivery,9.8
4353,1813,2025-02-10,Completed,Bank Transfer,19.22
4354,81,2025-02-06,Completed,PayPal,12.68
4355,1223,2024-12-22,Completed,PayPal,6.68
4356,1884,2025-05-14,Completed,Card,19.56
4357,959,2024-06-05,Completed,Card,9.65
4358,2284,2025-12-21,Completed,Bank Transfer,4.86
4359,186,2024-01-19,Completed,Card,16.12
4360,674,2025-06-29,Completed,Cash on Delivery,3.95
4361,1399,2024-06-23,Completed,Mobile Money,22.91
4362,270,2025-08-11,Completed,Card,5.26
4363,1083,2024-12-03,Completed,Mobile Money,9.94
4364,1332,2024-03-25,Completed,PayPal,10.72
4365,21,2025-11-24,Completed,Bank Transfer,24.77
4366,533,2024-11-20,Completed,Bank Transfer,11.87
4367,1982,2025-12-10,Completed,Mobile Money,9.09
4368,1253,2024-10-26,Completed,Card,9.1
4369,356,2024-02-15,Completed,PayPal,23.13
4370,236,2025-09-02,Completed,Mobile Money,24.38
4371,11,2025-10-21,Completed,Bank Transfer,3.1
4372,1374,2024-07-19,Completed,PayPal,13.59
4373,487,2025-03-19,Completed,Card,13.31
4374,2419,2024-01-25,Completed,Mobile Money,16.79
4375,255,2024-10-01,Completed,Card,24.11
4376,1603,2024-10-20,Completed,Card,14.38
4377,1155,2024-09-07,Completed,Card,8.16
4378,1945,2025-10-06,Completed,PayPal,19.39
4379,1409,2025-01-07,Completed,Card,4.71
4380,431,2025-10-07,Completed,Bank Transfer,20.66
4381,15,2025-05-28,Completed,Card,15.4
4382,625,2025-09-03,Completed,Bank Transfer,16.04
4383,1748,2024-08-20,Completed,Card,17.82
4384,2376,2025-01-17,Completed,PayPal,14.58
4385,1383,2025-07-04,Completed,Card,12.22
4386,1645,2024-02-23,Completed,PayPal,12.14
4387,654,2024-09-12,Cancelled,Bank Transfer,23.26
4388,434,2025-08-21,Completed,Card,11.49
4389,2342,2025-04-19,Completed,Bank Transfer,16.22
4390,821,2024-08-06,Completed,Card,15.17
4391,1589,2024-07-29,Completed,Bank Transfer,4.31
4392,856,2025-01-20,Completed,Bank Transfer,5.72
4393,48,2025-02-25,Completed,Card,22.15
4394,1954,2025-10-20,Completed,Card,9.09
4395,90,2024-10-31,Completed,Bank Transfer,19.67
4396,1770,2025-10-28,Completed,Bank Transfer,6.55
4397,2359,2024-07-03,Returned,Card,6.67
4398,317,2024-05-28,Completed,Cash on Delivery,17.98
4399,556,2024-06-28,Completed,Card,6.45
4400,1389,2025-01-27,Completed,Card,4.88
4401,1102,2024-07-17,Completed,Cash on Delivery,9.66
4402,1113,2024-09-21,Completed,Card,9.49
4403,900,2025-08-07,Completed,Card,12.36
4404,2395,2025-07-05,Completed,Card,15.36
4405,1181,2025-08-25,Completed,Card,12.96
4406,1460,2024-02-20,Completed,Card,19.36
4407,2150,2024-03-22,Returned,Card,17.94
4408,2335,2024-11-20,Completed,PayPal,16.36
4409,791,2024-04-05,Completed,Card,15.91
4410,950,2025-08-01,Completed,Card,18.88
4411,1472,2024-02-21,Completed,Card,12.79
4412,1344,2025-01-22,Completed,Card,12.64
4413,2482,2024-11-03,Completed,Bank Transfer,15.97
4414,2080,2024-05-18,Completed,Bank Transfer,12.67
4415,849,2025-04-07,Completed,PayPal,16.35
4416,281,2025-08-08,Completed,Bank Transfer,10.67
4417,963,2025-08-30,Completed,Card,5.11
4418,1613,2025-06-10,Completed,Card,9.8
4419,107,2024-01-28,Completed,Card,21.67
4420,1267,2025-06-17,Completed,Mobile Money,17.74
4421,748,2025-07-08,Completed,Card,8.88
4422,357,2024-09-19,Completed,PayPal,20.78
4423,1877,2024-03-27,Completed,PayPal,3.05
4424,1334,2025-12-23,Completed,Cash on Delivery,17.18
4425,1613,2025-12-25,Completed,Mobile Money,18.05
4426,610,2025-11-24,Returned,Bank Transfer,12.25
4427,2240,2025-10-22,Completed,Cash on Delivery,16.74
4428,778,2024-08-25,Completed,Card,18.72
4429,2073,2025-02-24,Completed,Card,6.47
4430,435,2025-07-02,Completed,PayPal,23.32
4431,435,2025-08-09,Completed,Bank Transfer,15.72
4432,1490,2024-09-20,Completed,PayPal,21.77
4433,204,2024-10-14,Completed,Bank Transfer,21.83
4434,1819,2025-01-04,Completed,Cash on Delivery,12.77
4435,1100,2024-12-26,Completed,Mobile Money,24.07
4436,1448,2024-03-02,Completed,Card,10.18
4437,1435,2025-01-19,Completed,Card,20.0
4438,2399,2024-06-12,Completed,Bank Transfer,4.46
4439,2392,2025-03-12,Completed,Mobile Money,3.61
4440,322,2024-03-21,Completed,Bank Transfer,14.82
4441,745,2025-07-06,Completed,Card,22.65
4442,1503,2025-10-13,Completed,Card,20.53
4443,471,2024-10-27,Completed,Cash on Delivery,15.64
4444,607,2025-03-16,Completed,Cash on Delivery,16.25
4445,972,2025-02-15,Completed,Card,9.51
4446,471,2024-06-22,Completed,Bank Transfer,12.39
4447,122,2024-03-08,Completed,Card,16.5
4448,1906,2024-11-20,Completed,PayPal,16.22
4449,1242,2024-01-24,Completed,Card,16.48
4450,689,2024-09-20,Completed,Bank Transfer,21.41
4451,576,2025-04-17,Completed,Card,18.71
4452,2364,2025-10-25,Completed,Card,19.61
4453,2444,2025-09-11,Completed,Card,8.0
4454,1012,2024-12-03,Completed,Card,17.84
4455,1877,2025-05-13,Completed,Mobile Money,2.85
4456,353,2024-08-04,Completed,Card,23.72
4457,1409,2024-03-02,Completed,Bank Transfer,23.07
4458,2282,2024-02-24,Completed,Card,2.82
4459,1753,2024-01-31,Cancelled,Mobile Money,21.6
4460,1862,2025-05-04,Completed,Bank Transfer,17.05
4461,2004,2025-05-10,Completed,Card,15.3
4462,209,2024-09-29,Completed,Mobile Money,6.48
4463,2297,2025-05-16,Completed,Mobile Money,18.08
4464,969,2024-07-12,Completed,PayPal,3.26
4465,230,2024-03-27,Completed,PayPal,3.29
4466,1925,2024-04-27,Completed,Card,19.55
4467,673,2025-06-03,Returned,PayPal,13.91
4468,1784,2025-12-24,Completed,Bank Transfer,10.3
4469,202,2024-04-01,Completed,Mobile Money,21.31
4470,264,2025-04-26,Completed,Cash on Delivery,10.18
4471,2167,2025-02-05,Completed,Cash on Delivery,5.41
4472,928,2024-05-29,Completed,Card,12.65
4473,808,2024-01-30,Completed,Card,4.38
4474,1927,2024-09-25,Completed,Bank Transfer,14.95
4475,417,2025-05-29,Completed,Bank Transfer,8.68
4476,903,2025-09-12,Completed,Mobile Money,24.3
4477,1004,2024-05-20,Completed,PayPal,21.87
4478,2022,2025-11-19,Completed,Card,8.5
4479,2465,2025-12-20,Completed,Mobile Money,17.68
4480,306,2024-03-17,Completed,Cash on Delivery,21.53
4481,2452,2024-06-11,Completed,Bank Transfer,16.43
4482,952,2025-08-17,Completed,Card,3.72
4483,553,2025-09-07,Completed,Bank Transfer,23.11
4484,600,2024-11-25,Completed,Bank Transfer,20.42
4485,2426,2025-11-03,Completed,Mobile Money,21.8
4486,1373,2025-01-28,Returned,Card,13.55
4487,1324,2025-08-21,Cancelled,Bank Transfer,22.53
4488,1336,2024-08-23,Completed,PayPal,22.47
4489,768,2025-10-30,Completed,Bank Transfer,15.58
4490,107,2024-10-18,Completed,Card,21.4
4491,1310,2025-11-28,Completed,Card,7.19
4492,290,2024-01-13,Completed,Bank Transfer,12.4
4493,1744,2025-02-22,Completed,PayPal,2.82
4494,338,2024-06-17,Completed,Mobile Money,7.83
4495,1333,2025-02-28,Completed,PayPal,20.85
4496,1949,2025-10-07,Completed,Card,20.02
4497,1776,2024-05-28,Completed,PayPal,5.06
4498,893,2025-06-05,Completed,Cash on Delivery,21.53
4499,1223,2025-07-19,Completed,Card,2.61
4500,2452,2024-02-13,Completed,Card,11.01
4501,1500,2024-10-16,Completed,Bank Transfer,8.49
4502,291,2024-07-16,Completed,Card,16.33
4503,1239,2024-05-15,Completed,Bank Transfer,14.83
4504,2037,2024-12-25,Completed,PayPal,17.09
4505,535,2025-05-10,Completed,PayPal,14.23
4506,2157,2024-02-11,Completed,Bank Transfer,24.94
4507,857,2024-01-17,Returned,Mobile Money,16.87
4508,829,2025-03-29,Completed,Bank Transfer,10.76
4509,2202,2024-06-25,Returned,PayPal,15.69
4510,692,2024-10-29,Completed,Cash on Delivery,16.27
4511,1878,2024-11-27,Completed,Bank Transfer,4.81
4512,1643,2024-05-19,Completed,Card,5.39
4513,671,2024-04-14,Completed,Card,11.83
4514,877,2025-03-14,Completed,Card,14.5
4515,1921,2024-10-29,Cancelled,Card,24.57
4516,1335,2024-01-09,Completed,PayPal,20.15
4517,2093,2025-11-15,Returned,Card,19.76
4518,981,2024-08-21,Completed,PayPal,17.67
4519,2082,2025-12-13,Completed,Mobile Money,5.76
4520,212,2024-07-10,Completed,Bank Transfer,8.99
4521,2246,2024-07-29,Completed,Mobile Money,9.1
4522,446,2025-09-09,Completed,Card,21.45
4523,1325,2024-09-25,Returned,Cash on Delivery,11.07
4524,60,2024-10-10,Completed,Mobile Money,7.86
4525,228,2025-10-06,Completed,PayPal,22.5
4526,2478,2024-05-08,Completed,PayPal,16.58
4527,1758,2024-01-05,Completed,Card,19.28
4528,824,2024-05-27,Completed,Bank Transfer,6.49
4529,1483,2025-10-11,Completed,Card,5.7
4530,442,2024-06-04,Completed,Mobile Money,11.77
4531,668,2025-03-21,Completed,Card,7.5
4532,665,2024-11-09,Completed,PayPal,8.28
4533,1994,2025-11-08,Cancelled,Bank Transfer,14.2
4534,1177,2024-08-09,Completed,Card,18.16
4535,585,2024-10-05,Returned,PayPal,13.37
4536,1597,2024-04-18,Completed,PayPal,15.47
4537,1516,2025-07-22,Completed,Bank Transfer,18.1
4538,1926,2025-07-12,Completed,Card,18.63
4539,1325,2025-01-09,Completed,Mobile Money,20.21
4540,1687,2025-07-20,Completed,Bank Transfer,14.85
4541,1286,2024-01-09,Completed,Card,17.85
4542,41,2024-12-12,Completed,Card,21.55
4543,1472,2024-04-28,Completed,Cash on Delivery,8.14
4544,901,2024-02-29,Completed,Bank Transfer,6.11
4545,2424,2024-09-07,Completed,Cash on Delivery,15.15
4546,464,2025-01-14,Completed,Mobile Money,24.49
4547,526,2025-05-01,Completed,Mobile Money,8.38
4548,454,2024-09-14,Completed,Bank Transfer,5.67
4549,857,2024-12-22,Completed,PayPal,9.59
4550,950,2024-05-17,Completed,Card,19.25
4551,963,2024-09-25,Completed,Bank Transfer,23.98
4552,437,2024-10-12,Completed,Mobile Money,9.53
4553,2062,2025-06-13,Completed,PayPal,9.61
4554,2153,2024-04-09,Completed,Card,23.97
4555,751,2024-10-23,Cancelled,PayPal,15.1
4556,2319,2025-05-04,Completed,Card,23.61
4557,760,2024-02-13,Completed,Card,14.93
4558,937,2024-04-19,Cancelled,Bank Transfer,24.11
4559,1740,2024-01-22,Completed,Card,13.96
4560,567,2025-01-25,Completed,Card,2.89
4561,1163,2024-08-12,Completed,Card,14.86
4562,309,2024-05-28,Completed,Mobile Money,4.22
4563,754,2024-07-02,Completed,PayPal,21.53
4564,581,2025-08-25,Completed,Mobile Money,21.28
4565,1306,2024-11-05,Completed,PayPal,11.31
4566,2067,2025-01-03,Completed,PayPal,10.41
4567,2272,2025-12-01,Completed,Card,18.42
4568,1264,2024-08-04,Completed,Card,18.65
4569,1459,2025-10-05,Completed,Mobile Money,11.18
4570,710,2024-07-12,Completed,Card,23.89
4571,2427,2024-11-12,Completed,Card,23.04
4572,2243,2024-06-11,Completed,Card,4.49
4573,726,2025-05-28,Completed,Card,11.68
4574,1356,2024-08-26,Completed,Bank Transfer,2.97
4575,227,2025-07-12,Completed,Card,24.37
4576,127,2025-11-13,Completed,Bank Transfer,24.77
4577,1816,2024-11-05,Completed,Card,11.92
4578,1171,2024-08-30,Completed,Mobile Money,8.22
4579,414,2025-12-15,Completed,Mobile Money,14.84
4580,1189,2024-02-16,Returned,PayPal,20.6
4581,2413,2025-02-15,Completed,Card,13.91
4582,686,2025-02-03,Completed,Bank Transfer,13.64
4583,603,2025-09-04,Completed,PayPal,20.74
4584,2134,2024-09-25,Completed,Bank Transfer,5.91
4585,187,2025-03-08,Completed,PayPal,12.58
4586,2040,2024-05-22,Completed,Mobile Money,22.85
4587,877,2025-05-18,Completed,Card,10.27
4588,461,2025-11-11,Completed,PayPal,12.4
4589,2128,2025-11-30,Completed,Cash on Delivery,19.6
4590,2332,2025-08-13,Completed,Card,18.1
4591,726,2025-03-30,Completed,Bank Transfer,9.88
4592,1717,2025-08-28,Completed,Card,14.61
4593,1012,2024-07-03,Completed,Bank Transfer,24.1
4594,2071,2024-09-22,Completed,Cash on Delivery,20.72
4595,549,2025-03-16,Completed,Card,24.94
4596,427,2024-04-27,Completed,Mobile Money,20.11
4597,779,2024-01-06,Completed,Bank Transfer,14.85
4598,2104,2025-11-27,Completed,Bank Transfer,8.41
4599,2034,2025-09-12,Completed,Cash on Delivery,3.25
4600,413,2024-01-03,Completed,Bank Transfer,6.79
4601,1786,2024-12-20,Completed,Bank Transfer,16.77
4602,732,2024-08-02,Completed,Bank Transfer,16.37
4603,243,2024-01-26,Returned,Card,23.63
4604,1802,2024-02-20,Returned,Card,7.63
4605,2349,2025-10-10,Completed,Card,21.76
4606,1931,2024-09-02,Completed,Bank Transfer,12.09
4607,1252,2024-05-13,Completed,Bank Transfer,22.95
4608,2033,2024-10-26,Completed,Card,19.53
4609,1185,2024-07-02,Completed,Card,8.51
4610,1745,2025-07-10,Completed,Mobile Money,23.26
4611,254,2024-07-19,Completed,Mobile Money,21.16
4612,2399,2024-03-16,Completed,Card,10.05
4613,244,2025-08-21,Completed,Card,9.63
4614,99,2024-02-18,Completed,Mobile Money,10.94
4615,726,2024-04-12,Completed,Card,7.59
4616,2246,2024-12-17,Completed,Mobile Money,13.8
4617,1478,2024-02-11,Completed,Card,24.53
4618,2280,2025-01-19,Completed,Mobile Money,2.66
4619,1788,2025-03-12,Completed,Card,20.77
4620,2361,2024-02-14,Completed,Card,16.29
4621,1070,2025-10-10,Completed,Bank Transfer,8.94
4622,1071,2024-12-16,Completed,PayPal,16.11
4623,24,2025-10-27,Completed,Bank Transfer,7.79
4624,384,2024-03-12,Completed,Card,5.29
4625,249,2025-11-07,Completed,Mobile Money,10.57
4626,1574,2024-03-25,Completed,Bank Transfer,10.09
4627,1042,2025-04-07,Cancelled,PayPal,5.3
4628,740,2025-08-16,Completed,Card,10.36
4629,1555,2025-03-13,Completed,Cash on Delivery,16.67
4630,1018,2025-03-11,Completed,Card,13.15
4631,2083,2024-01-06,Completed,Bank Transfer,4.51
4632,804,2024-11-19,Completed,Cash on Delivery,15.98
4633,317,2024-10-16,Completed,Mobile Money,21.43
4634,255,2025-05-11,Completed,Card,15.76
4635,2377,2025-06-22,Completed,Card,17.57
4636,654,2024-06-07,Completed,Mobile Money,10.8
4637,660,2025-08-13,Completed,Mobile Money,12.55
4638,1434,2024-11-14,Completed,Card,23.33
4639,505,2024-04-03,Completed,Card,22.83
4640,2443,2025-09-28,Completed,Cash on Delivery,12.43
4641,299,2025-06-24,Completed,Card,13.83
4642,945,2024-09-09,Completed,Cash on Delivery,6.83
4643,2399,2025-09-16,Completed,Card,18.58
4644,31,2025-04-30,Completed,Bank Transfer,13.02
4645,613,2025-07-30,Completed,Card,22.28
4646,684,2025-10-18,Completed,Bank Transfer,10.5
4647,609,2025-02-16,Completed,Card,15.62
4648,969,2024-07-31,Completed,PayPal,8.56
4649,749,2024-06-18,Completed,Mobile Money,17.56
4650,1738,2024-11-03,Completed,Card,10.48
4651,1493,2025-03-13,Completed,Bank Transfer,17.24
4652,11,2024-05-05,Completed,Card,13.78
4653,1252,2024-05-10,Completed,Card,6.07
4654,542,2024-10-16,Completed,Bank Transfer,7.65
4655,111,2024-12-24,Completed,Card,6.19
4656,2258,2025-05-29,Returned,Card,16.38
4657,77,2025-06-20,Completed,PayPal,3.13
4658,1377,2025-01-22,Completed,Mobile Money,24.97
4659,805,2024-10-30,Completed,Mobile Money,10.08
4660,692,2024-11-15,Completed,Card,19.94
4661,789,2025-04-30,Completed,Mobile Money,15.72
4662,995,2025-05-08,Completed,Card,6.98
4663,862,2025-05-25,Completed,Cash on Delivery,10.82
4664,991,2025-12-31,Completed,Card,4.22
4665,794,2025-06-18,Completed,Cash on Delivery,23.42
4666,1012,2024-01-23,Completed,Card,18.28
4667,1454,2025-05-24,Completed,Card,3.45
4668,532,2024-09-05,Completed,Card,16.54
4669,442,2024-04-14,Completed,Card,13.37
4670,1081,2024-01-07,Completed,Mobile Money,16.96
4671,379,2025-11-25,Completed,Card,6.12
4672,894,2025-08-15,Completed,Bank Transfer,2.86
4673,954,2025-02-04,Completed,Card,24.63
4674,139,2025-06-24,Completed,Bank Transfer,20.64
4675,757,2024-10-05,Completed,Mobile Money,13.12
4676,641,2024-05-03,Cancelled,Card,4.67
4677,319,2024-12-08,Completed,PayPal,20.84
4678,1893,2024-10-06,Completed,PayPal,23.57
4679,870,2025-05-29,Completed,Card,20.88
4680,2121,2024-01-20,Completed,Card,19.45
4681,259,2025-12-30,Completed,Bank Transfer,13.51
4682,1016,2024-05-20,Completed,Card,12.84
4683,748,2025-04-21,Completed,Card,10.58
4684,2403,2025-08-28,Completed,Card,23.32
4685,973,2025-11-15,Completed,Cash on Delivery,3.35
4686,173,2025-01-08,Completed,Mobile Money,17.28
4687,2062,2024-07-25,Completed,Mobile Money,17.85
4688,2243,2025-05-11,Completed,Bank Transfer,17.99
4689,2096,2024-06-15,Completed,Card,16.86
4690,1252,2024-03-16,Completed,Cash on Delivery,18.49
4691,813,2025-12-19,Completed,Bank Transfer,23.24
4692,958,2025-01-12,Completed,Card,7.42
4693,1986,2025-07-17,Completed,Mobile Money,4.63
4694,1466,2024-04-29,Completed,Card,7.16
4695,872,2024-07-22,Returned,Card,17.72
4696,702,2024-12-18,Completed,PayPal,21.89
4697,381,2025-03-24,Completed,Card,7.68
4698,2406,2024-08-23,Completed,Bank Transfer,14.88
4699,1276,2024-02-13,Returned,Card,8.74
4700,730,2024-06-07,Completed,Card,19.2
4701,281,2025-07-10,Completed,Bank Transfer,21.26
4702,1030,2024-09-10,Completed,Card,14.75
4703,1278,2025-05-03,Completed,Card,3.24
4704,2221,2024-03-22,Completed,Mobile Money,21.04
4705,2020,2025-04-03,Completed,PayPal,16.43
4706,1632,2024-04-22,Completed,Bank Transfer,16.86
4707,712,2024-03-03,Completed,Card,14.82
4708,968,2025-10-04,Completed,Mobile Money,22.29
4709,470,2025-07-10,Completed,Mobile Money,17.42
4710,418,2025-10-21,Completed,Card,15.22
4711,552,2024-08-21,Completed,Card,23.98
4712,606,2025-06-14,Completed,Card,6.02
4713,2104,2024-02-05,Completed,Card,18.95
4714,1415,2025-04-29,Completed,Card,11.91
4715,143,2024-12-23,Completed,Bank Transfer,19.71
4716,497,2025-01-08,Completed,Card,16.92
4717,213,2025-01-10,Completed,Card,13.57
4718,2399,2025-02-16,Completed,Mobile Money,15.53
4719,2234,2025-01-27,Completed,PayPal,9.08
4720,725,2025-07-21,Completed,Card,10.15
4721,2187,2025-11-28,Cancelled,Mobile Money,18.11
4722,583,2025-12-17,Completed,Bank Transfer,3.75
4723,1469,2025-03-13,Completed,Card,17.78
4724,2445,2025-05-01,Completed,Card,15.19
4725,123,2025-09-01,Completed,Card,18.72
4726,731,2024-01-13,Completed,Card,22.49
4727,1693,2024-05-29,Returned,Card,7.16
4728,995,2024-02-04,Cancelled,Card,11.71
4729,1169,2025-10-29,Completed,Mobile Money,22.79
4730,1745,2025-04-26,Completed,Mobile Money,20.74
4731,352,2025-11-10,Completed,Mobile Money,18.91
4732,1371,2024-12-21,Completed,PayPal,18.1
4733,482,2025-04-07,Completed,Card,5.74
4734,2365,2024-10-16,Completed,Card,23.22
4735,219,2025-05-31,Completed,Card,12.42
4736,437,2024-03-29,Completed,Mobile Money,14.41
4737,1952,2025-08-26,Completed,PayPal,9.84
4738,1644,2024-02-10,Completed,Card,11.93
4739,1990,2025-06-05,Completed,Card,2.51
4740,1756,2024-02-27,Completed,Card,15.35
4741,291,2024-02-05,Completed,Cash on Delivery,7.84
4742,645,2024-03-31,Completed,Card,24.96
4743,1588,2024-07-17,Completed,PayPal,17.35
4744,2135,2025-06-22,Cancelled,PayPal,20.41
4745,1149,2025-06-14,Completed,Card,3.52
4746,466,2024-11-15,Completed,Card,16.78
4747,660,2025-03-24,Completed,Card,6.08
4748,1216,2024-10-08,Completed,Bank Transfer,16.72
4749,1006,2024-01-13,Completed,Bank Transfer,12.27
4750,2322,2025-09-18,Completed,Card,6.85
4751,743,2024-11-11,Returned,Card,10.41
4752,480,2024-12-27,Completed,Card,18.75
4753,160,2025-02-18,Completed,Bank Transfer,11.3
4754,2442,2024-11-28,Completed,PayPal,14.65
4755,7,2025-11-06,Completed,Bank Transfer,6.58
4756,2039,2024-09-13,Completed,Bank Transfer,9.41
4757,1280,2025-02-05,Completed,PayPal,18.01
4758,1113,2025-01-12,Completed,Mobile Money,20.19
4759,1020,2025-11-20,Completed,Card,10.6
4760,2393,2024-08-09,Completed,Mobile Money,23.19
4761,270,2024-05-09,Completed,Mobile Money,10.97
4762,2241,2024-10-14,Returned,Card,4.86
4763,103,2025-07-25,Completed,Bank Transfer,4.9
4764,113,2024-11-14,Completed,Mobile Money,15.42
4765,805,2024-09-17,Completed,Bank Transfer,24.85
4766,2452,2025-02-05,Completed,Card,22.53
4767,1006,2024-06-22,Completed,PayPal,4.92
4768,575,2025-04-24,Completed,Bank Transfer,18.58
4769,1543,2025-03-21,Completed,Mobile Money,5.67
4770,1459,2024-11-03,Completed,Card,23.6
4771,2427,2025-04-27,Completed,Bank Transfer,9.34
4772,1489,2025-05-06,Completed,Bank Transfer,11.98
4773,2095,2024-11-24,Completed,Card,22.74
4774,962,2025-11-04,Completed,Mobile Money,5.05
4775,877,2024-09-06,Completed,PayPal,12.39
4776,194,2024-06-16,Completed,Mobile Money,15.35
4777,1813,2025-03-11,Completed,Card,21.97
4778,286,2024-01-23,Completed,Card,9.56
4779,395,2025-09-14,Completed,Bank Transfer,10.02
4780,2167,2024-11-14,Completed,Mobile Money,7.23
4781,155,2024-06-29,Completed,Cash on Delivery,22.16
4782,2127,2024-02-12,Completed,Mobile Money,11.81
4783,2164,2024-06-01,Completed,Mobile Money,23.74
4784,309,2024-03-04,Completed,Mobile Money,22.56
4785,2246,2024-09-05,Completed,PayPal,13.78
4786,944,2024-11-23,Completed,PayPal,5.97
4787,363,2024-03-20,Completed,Mobile Money,3.43
4788,2373,2025-05-02,Completed,Card,18.85
4789,1475,2024-05-14,Completed,Mobile Money,7.72
4790,1371,2025-12-21,Completed,Bank Transfer,6.75
4791,827,2024-05-06,Completed,Mobile Money,24.01
4792,736,2025-09-07,Completed,Mobile Money,8.15
4793,167,2025-02-18,Completed,Bank Transfer,22.3
4794,1552,2025-04-20,Completed,Cash on Delivery,9.23
4795,2499,2024-08-30,Cancelled,Card,14.53
4796,1377,2024-01-20,Completed,Bank Transfer,16.18
4797,1544,2025-08-06,Completed,Mobile Money,22.13
4798,52,2024-06-10,Completed,Mobile Money,7.05
4799,2399,2025-09-13,Completed,Mobile Money,6.09
4800,1561,2025-03-26,Completed,Card,12.47
4801,47,2024-04-16,Completed,PayPal,18.41
4802,688,2024-07-05,Completed,PayPal,15.86
4803,1543,2025-06-25,Completed,Card,24.28
4804,1320,2025-11-16,Completed,Bank Transfer,8.61
4805,1573,2024-02-26,Completed,Card,12.86
4806,596,2024-03-16,Completed,Card,9.83
4807,2413,2025-04-25,Completed,PayPal,11.34
4808,746,2024-12-04,Completed,Card,4.54
4809,1035,2025-06-26,Completed,Card,18.27
4810,357,2024-06-20,Completed,Card,24.42
4811,743,2024-09-02,Completed,PayPal,19.56
4812,474,2024-11-01,Returned,Card,24.19
4813,512,2024-04-18,Completed,Card,10.22
4814,1643,2025-09-07,Completed,PayPal,12.68
4815,461,2025-09-13,Completed,Bank Transfer,13.34
4816,2452,2024-05-22,Completed,Bank Transfer,9.28
4817,639,2024-04-09,Completed,Card,13.55
4818,924,2025-03-26,Completed,Bank Transfer,21.23
4819,41,2025-03-27,Completed,Bank Transfer,19.57
4820,1489,2024-11-21,Completed,Card,15.01
4821,1427,2025-05-22,Completed,PayPal,16.45
4822,1327,2024-01-28,Completed,Mobile Money,10.58
4823,61,2025-08-06,Completed,Card,14.53
4824,1973,2024-05-27,Cancelled,Mobile Money,7.61
4825,1196,2024-03-06,Completed,Card,4.09
4826,2109,2024-09-01,Completed,Bank Transfer,23.34
4827,779,2024-06-14,Completed,Bank Transfer,4.14
4828,2222,2024-05-31,Completed,Bank Transfer,18.2
4829,1389,2025-02-05,Completed,Card,24.2
4830,1332,2025-07-05,Completed,Mobile Money,3.92
4831,1156,2025-06-05,Completed,Mobile Money,6.01
4832,1752,2024-08-24,Completed,Mobile Money,19.7
4833,2124,2025-08-27,Completed,Card,11.52
4834,167,2025-06-07,Completed,Mobile Money,14.83
4835,2079,2025-04-27,Cancelled,Card,21.91
4836,827,2024-06-21,Completed,Card,7.27
4837,451,2024-09-28,Completed,Card,16.89
4838,1871,2024-02-21,Completed,Card,9.66
4839,315,2024-08-02,Completed,Bank Transfer,23.84
4840,2246,2024-04-06,Completed,Bank Transfer,10.23
4841,2500,2025-02-27,Completed,Bank Transfer,18.19
4842,1954,2025-01-29,Completed,Card,21.53
4843,157,2025-04-17,Completed,PayPal,5.34
4844,1840,2025-03-07,Completed,Bank Transfer,22.96
4845,1459,2024-01-09,Completed,Card,11.18
4846,1236,2024-12-19,Completed,Bank Transfer,21.28
4847,752,2024-02-16,Completed,Card,23.23
4848,439,2025-10-13,Completed,Bank Transfer,6.9
4849,748,2025-08-24,Completed,Mobile Money,3.48
4850,118,2025-10-03,Completed,Card,22.66
4851,44,2024-08-21,Completed,Bank Transfer,8.03
4852,901,2024-05-24,Completed,Card,11.45
4853,1800,2024-10-13,Completed,PayPal,6.72
4854,588,2024-11-19,Completed,Mobile Money,13.96
4855,147,2025-10-01,Completed,Cash on Delivery,11.53
4856,1608,2024-12-08,Completed,Mobile Money,4.55
4857,442,2025-11-09,Completed,Bank Transfer,6.03
4858,1113,2024-10-11,Completed,Card,5.87
4859,2467,2025-04-07,Completed,Card,23.5
4860,491,2025-03-01,Completed,Card,20.93
4861,2137,2025-10-23,Completed,Cash on Delivery,24.36
4862,2151,2024-04-11,Completed,Bank Transfer,11.9
4863,161,2025-12-03,Completed,Card,14.53
4864,133,2024-01-31,Completed,Card,11.72
4865,678,2024-05-05,Completed,Mobile Money,24.99
4866,655,2024-01-18,Completed,PayPal,20.96
4867,2309,2024-01-29,Completed,Mobile Money,14.75
4868,1941,2025-03-13,Completed,Bank Transfer,20.51
4869,1775,2025-05-30,Completed,Card,2.6
4870,1253,2024-05-20,Completed,Bank Transfer,16.37
4871,885,2024-04-19,Completed,Mobile Money,7.03
4872,612,2025-09-16,Completed,Cash on Delivery,7.39
4873,1070,2025-11-27,Completed,Mobile Money,15.84
4874,305,2025-10-20,Completed,Cash on Delivery,15.72
4875,1129,2024-11-17,Completed,Mobile Money,12.76
4876,2036,2024-01-04,Completed,Bank Transfer,4.73
4877,2439,2024-10-05,Completed,PayPal,11.3
4878,924,2025-04-05,Completed,Bank Transfer,5.69
4879,2332,2024-01-25,Completed,PayPal,20.48
4880,459,2024-06-07,Completed,Bank Transfer,6.59
4881,350,2024-05-14,Completed,PayPal,17.47
4882,1409,2024-04-12,Completed,PayPal,17.27
4883,1240,2025-10-29,Completed,Card,17.48
4884,1590,2024-09-03,Completed,Card,11.91
4885,1628,2024-02-29,Completed,Bank Transfer,23.38
4886,2260,2024-11-24,Returned,Card,24.45
4887,1724,2025-12-31,Completed,Mobile Money,13.76
4888,1586,2025-05-22,Completed,PayPal,3.22
4889,2096,2024-08-26,Completed,Card,3.57
4890,1898,2025-04-26,Completed,Cash on Delivery,22.39
4891,2160,2025-03-17,Completed,Card,19.5
4892,280,2025-01-10,Completed,Card,13.68
4893,2179,2024-11-11,Completed,PayPal,16.97
4894,322,2025-10-09,Completed,Bank Transfer,8.62
4895,552,2024-04-02,Completed,Mobile Money,18.87
4896,1118,2025-05-29,Completed,Card,10.7
4897,2324,2025-10-03,Completed,Mobile Money,4.34
4898,111,2025-01-19,Completed,Cash on Delivery,24.3
4899,1684,2025-08-26,Completed,Mobile Money,9.3
4900,160,2024-06-05,Completed,Card,14.43
4901,2154,2025-05-23,Completed,Card,13.15
4902,1431,2024-03-11,Completed,Bank Transfer,10.63
4903,1703,2024-10-09,Completed,Card,9.27
4904,192,2025-05-24,Completed,Bank Transfer,11.26
4905,773,2025-03-04,Completed,Card,9.39
4906,2263,2024-08-11,Completed,Bank Transfer,6.02
4907,317,2025-05-01,Completed,PayPal,13.79
4908,1593,2025-07-10,Completed,Mobile Money,19.08
4909,1749,2025-04-26,Completed,Card,18.95
4910,1641,2025-01-15,Completed,Bank Transfer,15.09
4911,968,2024-07-15,Completed,Card,18.69
4912,1719,2025-12-12,Completed,Cash on Delivery,17.27
4913,364,2025-10-10,Completed,PayPal,19.18
4914,1332,2025-10-08,Completed,PayPal,21.11
4915,874,2025-05-24,Completed,Card,22.28
4916,1279,2024-02-02,Completed,Card,11.24
4917,670,2025-07-22,Completed,Card,10.84
4918,1220,2024-06-10,Completed,Cash on Delivery,12.81
4919,1626,2025-06-02,Completed,Mobile Money,2.63
4920,2395,2024-01-14,Completed,Bank Transfer,19.46
4921,2458,2025-12-18,Completed,Card,11.49
4922,1013,2024-10-14,Completed,Bank Transfer,24.28
4923,1203,2025-11-08,Completed,Mobile Money,22.68
4924,735,2025-09-21,Completed,Bank Transfer,12.21
4925,64,2025-03-08,Completed,Bank Transfer,19.54
4926,401,2025-04-26,Completed,Card,18.91
4927,1284,2025-04-17,Completed,Bank Transfer,23.32
4928,2200,2024-06-12,Completed,Cash on Delivery,17.49
4929,1488,2025-02-24,Completed,Card,16.14
4930,2003,2025-10-14,Completed,PayPal,17.3
4931,2091,2024-10-23,Completed,PayPal,24.01
4932,2329,2025-10-05,Completed,Bank Transfer,23.09
4933,2134,2025-03-07,Completed,Mobile Money,16.94
4934,49,2025-10-20,Completed,Card,10.06
4935,1296,2024-07-20,Completed,Bank Transfer,21.69
4936,1335,2025-02-27,Completed,Card,21.17
4937,911,2024-11-18,Completed,Bank Transfer,16.32
4938,2153,2025-12-30,Completed,Card,17.47
4939,1018,2024-08-13,Completed,Card,16.29
4940,629,2025-06-07,Completed,Card,12.63
4941,1603,2024-09-17,Completed,Card,8.47
4942,1797,2025-04-07,Completed,Bank Transfer,4.28
4943,485,2024-07-18,Completed,Card,8.16
4944,1507,2024-11-11,Completed,Cash on Delivery,12.99
4945,1382,2024-05-09,Completed,Mobile Money,12.41
4946,1231,2024-07-08,Completed,Mobile Money,13.35
4947,285,2025-03-03,Cancelled,Cash on Delivery,4.0
4948,963,2024-11-04,Completed,Card,24.48
4949,1453,2024-09-10,Completed,Card,21.59
4950,2337,2024-04-14,Completed,Card,3.13
4951,1076,2025-08-15,Completed,Cash on Delivery,2.51
4952,186,2025-02-15,Completed,Bank Transfer,9.99
4953,1898,2024-06-01,Completed,PayPal,19.24
4954,1901,2024-06-26,Completed,Card,3.51
4955,789,2024-09-16,Returned,Bank Transfer,13.32
4956,1912,2025-07-11,Completed,Card,15.88
4957,1647,2025-11-24,Completed,Bank Transfer,10.61
4958,1496,2024-08-28,Completed,Card,2.52
4959,1147,2025-09-04,Cancelled,Card,14.0
4960,2263,2024-11-18,Completed,Mobile Money,18.2
4961,2085,2024-12-19,Completed,Card,18.72
4962,569,2025-08-02,Completed,Card,15.41
4963,259,2024-11-26,Completed,Card,4.51
4964,646,2025-10-29,Completed,PayPal,9.58
4965,1999,2024-09-21,Returned,Card,21.48
4966,1224,2025-12-02,Completed,Bank Transfer,19.72
4967,1850,2024-12-28,Cancelled,Card,5.16
4968,2062,2025-07-02,Completed,Bank Transfer,23.13
4969,1904,2024-11-05,Completed,Bank Transfer,9.33
4970,1367,2025-04-26,Returned,Mobile Money,15.72
4971,1068,2024-06-18,Completed,Card,13.62
4972,2454,2025-04-15,Completed,PayPal,9.16
4973,2000,2025-01-13,Completed,Card,8.74
4974,1315,2025-09-23,Completed,Bank Transfer,24.09
4975,2290,2025-07-04,Completed,PayPal,17.58
4976,973,2025-08-11,Completed,Card,12.5
4977,2093,2024-05-27,Completed,Cash on Delivery,17.25
4978,1874,2024-06-18,Completed,Mobile Money,12.0
4979,1363,2024-01-09,Completed,Card,16.05
4980,2104,2024-04-04,Completed,Card,7.57
4981,914,2024-08-27,Completed,Mobile Money,23.75
4982,674,2024-05-04,Completed,Bank Transfer,5.87
4983,1211,2024-07-28,Completed,Bank Transfer,13.68
4984,1862,2024-10-25,Completed,Bank Transfer,9.5
4985,1572,2024-10-06,Completed,Bank Transfer,20.52
4986,534,2025-03-28,Completed,Mobile Money,17.12
4987,2394,2024-01-04,Completed,Bank Transfer,22.55
4988,1749,2025-06-16,Completed,Card,3.12
4989,1464,2024-01-12,Cancelled,Cash on Delivery,24.94
4990,54,2025-05-19,Completed,Card,23.07
4991,2022,2025-09-09,Completed,Card,17.41
4992,1277,2025-03-01,Completed,PayPal,3.95
4993,894,2025-10-15,Completed,Cash on Delivery,21.83
4994,1030,2024-03-28,Completed,Card,10.16
4995,1653,2025-09-14,Completed,Card,13.99
4996,2461,2024-03-16,Completed,Mobile Money,12.03
4997,1293,2025-08-24,Completed,Mobile Money,10.24
4998,812,2024-01-03,Returned,Card,15.36
4999,283,2025-11-19,Completed,Card,8.91
5000,958,2025-10-28,Completed,Bank Transfer,20.73
5001,1810,2024-01-24,Completed,Bank Transfer,23.68
5002,1056,2025-11-22,Cancelled,Card,2.96
5003,64,2024-09-21,Completed,Card,19.73
5004,2429,2025-03-07,Completed,PayPal,20.19
5005,2498,2025-01-25,Completed,Bank Transfer,16.45
5006,1311,2025-06-09,Completed,Cash on Delivery,22.66
5007,73,2025-08-27,Completed,Card,21.06
5008,1798,2024-05-19,Completed,Card,6.21
5009,46,2024-06-09,Completed,Card,12.63
5010,683,2025-12-25,Completed,Card,12.82
5011,725,2024-12-16,Cancelled,PayPal,24.63
5012,74,2024-10-27,Completed,Card,14.7
5013,39,2024-05-21,Completed,Card,16.65
5014,255,2025-10-30,Completed,Card,5.59
5015,959,2024-07-13,Completed,Card,22.91
5016,1014,2024-11-14,Completed,PayPal,14.59
5017,290,2024-12-18,Completed,Bank Transfer,12.37
5018,159,2025-05-01,Completed,Bank Transfer,17.75
5019,590,2024-08-29,Completed,Bank Transfer,19.88
5020,1053,2024-11-16,Completed,Card,5.83
5021,1618,2025-04-20,Completed,Card,16.62
5022,483,2025-08-24,Completed,Cash on Delivery,11.89
5023,2083,2024-07-05,Completed,Card,20.08
5024,2461,2025-03-22,Completed,Card,12.64
5025,891,2024-10-17,Completed,Mobile Money,24.95
5026,1551,2025-05-31,Completed,Card,7.57
5027,1030,2025-04-20,Completed,Card,10.22
5028,1018,2024-06-08,Returned,Card,18.08
5029,1863,2024-10-29,Completed,Cash on Delivery,2.78
5030,1125,2025-04-06,Returned,Bank Transfer,3.7
5031,11,2024-11-01,Completed,Cash on Delivery,23.46
5032,1927,2025-08-25,Completed,Card,7.81
5033,467,2024-01-06,Completed,Card,9.81
5034,1621,2024-07-13,Completed,Bank Transfer,22.13
5035,2346,2024-05-31,Completed,Bank Transfer,9.65
5036,2405,2024-12-04,Completed,Bank Transfer,21.23
5037,825,2025-12-23,Completed,Card,24.72
5038,614,2025-03-21,Completed,Card,14.09
5039,2289,2024-01-12,Completed,Card,19.67
5040,1206,2025-05-01,Completed,Mobile Money,16.39
5041,2309,2025-12-16,Completed,Card,5.66
5042,2465,2024-08-21,Completed,Card,21.15
5043,1126,2024-12-06,Completed,PayPal,7.85
5044,2067,2025-11-27,Completed,Card,20.98
5045,1673,2025-08-18,Completed,PayPal,13.34
5046,54,2024-01-22,Completed,Bank Transfer,24.05
5047,765,2024-07-27,Cancelled,Card,17.99
5048,1802,2025-04-16,Completed,Mobile Money,22.18
5049,1468,2025-10-22,Completed,Card,6.75
5050,71,2025-07-16,Completed,Mobile Money,3.54
5051,794,2025-02-06,Completed,Bank Transfer,23.48
5052,1234,2025-08-08,Completed,Card,15.6
5053,74,2024-05-08,Completed,Card,18.88
5054,522,2024-10-20,Completed,Mobile Money,15.95
5055,2089,2024-10-05,Completed,Card,6.29
5056,1177,2025-02-12,Completed,Card,8.51
5057,1869,2024-09-08,Completed,Bank Transfer,17.13
5058,1154,2024-08-04,Completed,Bank Transfer,15.88
5059,1799,2024-08-09,Completed,Mobile Money,23.9
5060,278,2024-05-11,Completed,Card,4.07
5061,455,2025-09-22,Completed,Mobile Money,7.37
5062,1347,2025-09-13,Completed,Card,16.8
5063,2337,2025-09-28,Completed,Cash on Delivery,21.68
5064,204,2024-08-30,Completed,Bank Transfer,12.84
5065,410,2024-11-23,Completed,Card,12.41
5066,2473,2024-02-17,Completed,Mobile Money,23.67
5067,2116,2024-08-19,Completed,Card,10.79
5068,1594,2024-08-06,Completed,Mobile Money,9.09
5069,1797,2024-01-17,Completed,Card,19.28
5070,2086,2024-05-25,Cancelled,Card,21.87
5071,2435,2024-11-28,Completed,Bank Transfer,23.28
5072,1028,2024-08-29,Completed,Cash on Delivery,10.01
5073,1635,2025-03-03,Completed,Card,10.92
5074,2062,2025-06-28,Completed,Card,3.15
5075,771,2024-03-18,Completed,Bank Transfer,8.44
5076,1733,2024-11-25,Completed,Bank Transfer,21.3
5077,185,2025-02-02,Completed,Bank Transfer,22.58
5078,764,2025-10-27,Completed,Bank Transfer,21.88
5079,2472,2025-11-16,Completed,Card,22.42
5080,1911,2025-10-02,Completed,Mobile Money,13.32
5081,1696,2025-03-11,Completed,Card,23.61
5082,1106,2025-05-06,Completed,Bank Transfer,5.28
5083,1978,2025-01-21,Completed,Bank Transfer,9.01
5084,123,2025-05-23,Completed,Card,11.23
5085,519,2024-08-03,Completed,Cash on Delivery,20.42
5086,1597,2025-08-21,Completed,Card,12.52
5087,425,2025-06-07,Completed,Card,4.78
5088,837,2024-09-24,Completed,Card,19.65
5089,1489,2024-02-11,Completed,Mobile Money,12.28
5090,1148,2024-11-06,Completed,Card,19.46
5091,783,2024-09-16,Completed,Card,7.52
5092,1218,2025-07-14,Returned,Card,7.52
5093,344,2025-08-22,Completed,PayPal,17.75
5094,1572,2025-02-11,Completed,PayPal,12.38
5095,1492,2025-04-05,Completed,Mobile Money,9.05
5096,1927,2025-05-22,Completed,Card,24.59
5097,1907,2024-02-13,Completed,Bank Transfer,7.43
5098,2057,2024-01-22,Completed,Bank Transfer,9.59
5099,729,2024-12-24,Completed,Mobile Money,7.74
5100,685,2025-03-20,Completed,Bank Transfer,19.03
5101,1216,2024-05-05,Completed,Card,6.09
5102,1473,2024-01-03,Cancelled,Cash on Delivery,19.9
5103,992,2024-10-16,Completed,Card,16.33
5104,1207,2025-08-22,Completed,Card,8.35
5105,718,2025-02-10,Completed,Card,6.17
5106,2374,2025-09-16,Completed,Bank Transfer,3.09
5107,533,2024-09-16,Completed,Bank Transfer,4.88
5108,1777,2025-12-28,Completed,Bank Transfer,14.08
5109,2149,2025-09-23,Completed,Cash on Delivery,22.61
5110,926,2025-09-19,Completed,Card,15.74
5111,255,2024-07-27,Completed,PayPal,21.9
5112,540,2025-06-27,Completed,Bank Transfer,22.85
5113,71,2024-05-18,Completed,Card,7.21
5114,833,2024-03-07,Completed,Bank Transfer,4.03
5115,1367,2025-06-11,Completed,Mobile Money,3.2
5116,774,2025-05-23,Completed,PayPal,8.82
5117,2333,2024-12-20,Completed,Card,14.19
5118,2022,2024-12-22,Completed,PayPal,23.42
5119,254,2025-03-01,Completed,Mobile Money,19.66
5120,623,2025-08-23,Completed,Card,11.36
5121,478,2024-09-01,Completed,Card,7.78
5122,1559,2024-01-08,Completed,Bank Transfer,19.72
5123,661,2025-05-15,Completed,Cash on Delivery,24.52
5124,24,2025-10-01,Completed,Bank Transfer,16.9
5125,1962,2024-10-02,Completed,Bank Transfer,20.11
5126,2405,2025-02-03,Completed,Card,19.28
5127,1930,2025-06-16,Completed,Card,20.61
5128,2186,2025-03-12,Returned,Mobile Money,10.78
5129,1377,2025-11-22,Completed,Card,7.29
5130,218,2024-10-16,Completed,Card,3.64
5131,2339,2024-08-15,Completed,Bank Transfer,18.76
5132,1377,2025-06-09,Completed,Card,5.01
5133,525,2024-02-25,Completed,Card,17.15
5134,1333,2025-11-01,Completed,Card,6.92
5135,973,2024-03-27,Completed,Cash on Delivery,5.65
5136,2133,2024-02-02,Completed,Card,7.23
5137,74,2024-07-07,Completed,PayPal,3.98
5138,1980,2024-10-13,Completed,Bank Transfer,7.57
5139,1642,2024-12-28,Completed,Card,10.02
5140,802,2025-07-23,Completed,Bank Transfer,12.92
5141,1572,2025-10-31,Completed,Mobile Money,21.4
5142,1424,2025-07-06,Returned,Bank Transfer,16.9
5143,2201,2025-12-04,Completed,Card,16.24
5144,2409,2025-08-07,Completed,Bank Transfer,9.72
5145,1723,2025-01-18,Completed,Bank Transfer,20.06
5146,2025,2025-04-14,Completed,Bank Transfer,23.01
5147,1311,2025-08-29,Completed,Card,7.03
5148,1253,2025-12-26,Completed,Cash on Delivery,20.77
5149,893,2025-10-08,Completed,PayPal,19.07
5150,843,2024-03-15,Completed,Bank Transfer,12.46
5151,881,2025-05-26,Completed,Bank Transfer,7.15
5152,1604,2024-09-22,Completed,PayPal,6.49
5153,1928,2025-09-09,Completed,Cash on Delivery,15.5
5154,2435,2024-06-15,Completed,Mobile Money,10.18
5155,251,2024-02-26,Completed,Card,5.95
5156,2043,2024-01-01,Completed,Card,9.8
5157,1340,2024-06-19,Completed,Card,15.59
5158,2207,2025-10-20,Completed,Bank Transfer,21.71
5159,2000,2024-06-30,Completed,Bank Transfer,6.07
5160,2124,2025-05-30,Completed,Bank Transfer,22.84
5161,2331,2025-05-26,Completed,Cash on Delivery,18.05
5162,1588,2024-01-29,Completed,Card,10.85
5163,1815,2025-09-16,Completed,Card,9.56
5164,677,2024-04-13,Completed,Mobile Money,4.18
5165,1069,2025-03-23,Completed,Bank Transfer,8.66
5166,1594,2024-12-18,Completed,PayPal,8.61
5167,1800,2024-09-07,Completed,Mobile Money,17.08
5168,345,2024-07-31,Completed,Bank Transfer,12.46
5169,1693,2025-04-08,Completed,Card,9.29
5170,2481,2025-01-11,Completed,Bank Transfer,18.33
5171,373,2025-02-11,Completed,PayPal,6.66
5172,62,2024-06-23,Completed,Card,22.62
5173,2349,2025-01-07,Completed,Card,23.07
5174,18,2025-11-19,Returned,Card,18.37
5175,666,2025-01-05,Completed,Card,22.66
5176,350,2025-07-10,Completed,Card,23.38
5177,1324,2024-07-12,Completed,Card,14.94
5178,751,2024-03-22,Completed,PayPal,15.62
5179,965,2024-04-25,Completed,Card,6.05
5180,2421,2025-06-01,Completed,Card,15.69
5181,2084,2025-05-12,Completed,Mobile Money,6.77
5182,1510,2025-12-01,Returned,Card,3.85
5183,1324,2024-12-17,Completed,PayPal,16.9
5184,1011,2025-07-24,Completed,Bank Transfer,5.81
5185,2179,2025-11-23,Completed,Card,3.8
5186,455,2025-10-23,Completed,PayPal,7.98
5187,1129,2025-11-24,Completed,Card,12.01
5188,1589,2024-07-22,Cancelled,PayPal,11.82
5189,1596,2024-05-28,Completed,Card,7.76
5190,800,2025-03-30,Completed,Card,18.62
5191,100,2024-03-13,Completed,Card,5.73
5192,1950,2024-06-07,Completed,Card,8.4
5193,464,2025-06-22,Cancelled,Card,24.61
5194,1746,2025-07-18,Completed,PayPal,12.47
5195,1050,2025-01-04,Completed,Card,17.56
5196,1653,2025-08-03,Completed,PayPal,17.65
5197,395,2024-09-30,Cancelled,Bank Transfer,8.12
5198,2338,2024-03-25,Completed,Mobile Money,21.56
5199,2447,2024-08-12,Completed,Card,16.17
5200,2250,2024-06-30,Completed,Bank Transfer,22.71
5201,2319,2024-02-25,Completed,Bank Transfer,23.71
5202,306,2025-12-30,Completed,Card,21.48
5203,2222,2025-08-26,Completed,PayPal,3.41
5204,332,2025-01-21,Completed,Cash on Delivery,6.55
5205,1729,2024-04-22,Completed,Bank Transfer,6.95
5206,546,2025-07-08,Completed,Card,22.96
5207,1687,2025-07-15,Completed,Card,10.96
5208,1174,2025-06-27,Completed,Bank Transfer,14.87
5209,1243,2025-08-21,Cancelled,Mobile Money,15.15
5210,901,2025-07-07,Completed,Card,23.12
5211,1947,2025-10-02,Completed,Card,6.12
5212,155,2024-04-26,Completed,Bank Transfer,3.28
5213,1427,2025-03-15,Completed,Card,20.21
5214,181,2025-11-05,Completed,Card,12.43
5215,2069,2025-08-20,Completed,Card,13.49
5216,2473,2025-08-02,Completed,Card,17.17
5217,176,2025-04-25,Completed,Bank Transfer,20.32
5218,1258,2024-08-16,Completed,Cash on Delivery,14.11
5219,524,2024-08-14,Completed,Card,11.49
5220,614,2025-08-02,Completed,Card,16.5
5221,1899,2024-12-30,Completed,Card,14.94
5222,825,2024-07-15,Completed,Card,14.8
5223,2328,2025-06-25,Completed,Bank Transfer,13.35
5224,1412,2025-01-11,Completed,Card,16.5
5225,2036,2024-07-25,Completed,Card,8.43
5226,2222,2024-11-18,Completed,Card,5.98
5227,128,2025-10-11,Completed,Card,7.65
5228,680,2025-07-23,Completed,Mobile Money,19.5
5229,384,2025-06-06,Completed,Bank Transfer,4.66
5230,2447,2024-02-18,Completed,Card,18.22
5231,500,2024-07-12,Completed,Card,3.2
5232,2338,2025-04-11,Completed,Card,18.69
5233,71,2025-10-15,Completed,Card,19.14
5234,2078,2025-10-30,Cancelled,Mobile Money,10.64
5235,2278,2024-07-16,Completed,Mobile Money,8.36
5236,2130,2024-06-04,Completed,Card,3.91
5237,312,2024-12-19,Completed,PayPal,23.01
5238,2099,2024-03-02,Completed,Bank Transfer,20.36
5239,882,2025-10-12,Completed,PayPal,12.87
5240,208,2024-11-13,Completed,Bank Transfer,9.66
5241,194,2024-12-29,Completed,Cash on Delivery,15.93
5242,228,2024-07-01,Completed,Card,2.5
5243,678,2024-04-14,Completed,Card,16.34
5244,812,2024-10-26,Completed,Card,7.37
5245,1893,2024-08-10,Completed,Mobile Money,20.45
5246,1344,2024-04-22,Completed,Mobile Money,9.98
5247,2037,2024-12-10,Completed,Card,23.59
5248,1503,2024-08-29,Completed,Card,20.6
5249,1041,2024-01-17,Completed,Card,11.73
5250,1794,2024-11-20,Completed,Bank Transfer,18.24
5251,57,2024-11-11,Completed,Card,2.96
5252,374,2025-09-14,Completed,Bank Transfer,18.42
5253,1406,2024-07-10,Completed,Card,24.75
5254,2083,2024-06-17,Completed,Mobile Money,14.29
5255,670,2024-08-03,Completed,Card,13.87
5256,1870,2024-02-08,Completed,Card,7.1
5257,2360,2024-01-20,Completed,Card,19.2
5258,1345,2025-07-20,Completed,Card,19.05
5259,1475,2024-10-17,Completed,Card,9.12
5260,836,2024-11-21,Completed,Bank Transfer,22.19
5261,1578,2025-10-24,Completed,PayPal,15.31
5262,1166,2024-06-17,Completed,Card,3.4
5263,1403,2025-01-23,Completed,Bank Transfer,22.6
5264,1493,2025-10-24,Completed,Mobile Money,6.22
5265,1751,2024-08-04,Completed,Card,8.37
5266,1504,2024-12-14,Completed,PayPal,16.96
5267,1664,2025-11-01,Completed,Mobile Money,17.49
5268,938,2025-09-19,Completed,Cash on Delivery,23.5
5269,1756,2024-02-06,Completed,PayPal,16.3
5270,2444,2024-03-28,Completed,Card,4.58
5271,1532,2024-09-03,Returned,Mobile Money,20.44
5272,26,2024-08-28,Returned,Bank Transfer,13.17
5273,2252,2025-04-24,Completed,Card,11.56
5274,1352,2024-07-24,Completed,PayPal,21.88
5275,1325,2024-04-13,Completed,Bank Transfer,3.22
5276,1729,2025-07-20,Cancelled,Bank Transfer,3.97
5277,1924,2024-12-16,Completed,Cash on Delivery,21.32
5278,1084,2024-01-13,Completed,Card,17.91
5279,1715,2024-01-12,Completed,Card,20.34
5280,318,2024-05-07,Completed,Card,21.79
5281,385,2025-11-13,Completed,Mobile Money,15.37
5282,2167,2025-08-28,Completed,Mobile Money,23.35
5283,2228,2025-06-13,Completed,Card,5.82
5284,2034,2025-01-02,Completed,Bank Transfer,4.93
5285,2250,2024-08-08,Completed,Mobile Money,7.04
5286,6,2024-12-28,Completed,Bank Transfer,13.89
5287,374,2025-09-23,Completed,Bank Transfer,12.98
5288,1626,2024-05-11,Completed,Mobile Money,4.08
5289,1278,2024-11-19,Completed,PayPal,16.0
5290,400,2024-12-02,Completed,Card,17.23
5291,679,2025-07-03,Returned,Card,24.37
5292,685,2024-12-29,Completed,Card,24.6
5293,1695,2024-06-03,Completed,Card,5.4
5294,102,2025-06-11,Completed,Card,2.57
5295,917,2025-11-21,Completed,Card,9.51
5296,271,2025-05-05,Completed,Mobile Money,4.13
5297,2074,2025-12-24,Completed,Mobile Money,15.52
5298,1608,2024-02-17,Completed,Bank Transfer,14.7
5299,1067,2025-09-02,Completed,Card,17.08
5300,1255,2025-06-04,Completed,Bank Transfer,6.46
5301,1395,2025-07-18,Cancelled,Bank Transfer,18.05
5302,464,2024-03-14,Completed,Bank Transfer,14.03
5303,147,2024-01-23,Completed,PayPal,20.28
5304,2000,2024-02-26,Completed,PayPal,13.52
5305,1825,2025-10-27,Completed,Card,18.66
5306,711,2024-05-13,Completed,Bank Transfer,11.58
5307,2383,2025-05-29,Completed,Card,10.81
5308,1165,2024-05-13,Completed,PayPal,17.46
5309,1371,2024-06-17,Completed,Card,15.51
5310,2346,2025-04-30,Completed,Card,18.69
5311,2189,2024-05-24,Completed,Cash on Delivery,15.56
5312,533,2024-11-12,Completed,Bank Transfer,19.82
5313,1169,2025-04-27,Completed,Card,20.06
5314,2498,2024-02-05,Completed,Card,16.68
5315,1886,2025-01-10,Completed,Card,7.74
5316,1388,2024-09-17,Completed,Card,10.84
5317,248,2024-07-23,Completed,Bank Transfer,22.03
5318,10,2024-10-28,Completed,Card,8.91
5319,2404,2024-01-24,Completed,Card,2.65
5320,2127,2025-06-21,Completed,Mobile Money,20.95
5321,1098,2024-02-25,Completed,Cash on Delivery,13.45
5322,1081,2024-01-09,Completed,Mobile Money,22.55
5323,2481,2024-10-02,Completed,Mobile Money,11.65
5324,1527,2024-04-06,Completed,PayPal,4.44
5325,766,2025-07-24,Completed,Card,4.52
5326,125,2024-09-09,Completed,Mobile Money,12.37
5327,2093,2024-07-28,Completed,Card,11.71
5328,1237,2025-12-29,Completed,Card,7.91
5329,1379,2025-07-07,Completed,Bank Transfer,19.89
5330,2379,2025-10-07,Completed,Bank Transfer,21.7
5331,590,2024-05-17,Completed,Mobile Money,5.87
5332,1861,2024-05-08,Completed,Mobile Money,6.74
5333,2411,2025-03-29,Completed,Bank Transfer,6.95
5334,319,2025-07-04,Cancelled,PayPal,22.84
5335,2499,2025-11-18,Completed,Card,15.18
5336,475,2024-11-04,Completed,PayPal,24.43
5337,1422,2025-08-08,Cancelled,Card,17.84
5338,1377,2025-01-19,Completed,Mobile Money,5.98
5339,1270,2024-03-13,Completed,Bank Transfer,18.34
5340,1711,2025-10-08,Completed,Mobile Money,2.82
5341,12,2024-08-06,Completed,Card,19.41
5342,305,2024-02-29,Completed,Card,23.91
5343,1930,2025-05-24,Completed,Bank Transfer,5.39
5344,2339,2025-05-23,Completed,Cash on Delivery,15.04
5345,1139,2025-05-13,Completed,Card,6.58
5346,874,2025-09-17,Returned,Card,7.12
5347,1299,2024-01-01,Completed,Card,18.52
5348,1,2025-04-12,Completed,Card,10.93
5349,1066,2025-06-11,Completed,Cash on Delivery,12.86
5350,1482,2025-02-03,Completed,Bank Transfer,24.17
5351,2335,2025-02-05,Completed,Mobile Money,24.68
5352,1356,2025-02-12,Completed,Card,17.18
5353,655,2025-02-20,Completed,Card,20.14
5354,255,2025-08-22,Completed,Card,15.76
5355,1435,2025-11-22,Completed,Mobile Money,10.85
5356,230,2025-11-07,Completed,Card,22.13
5357,1246,2025-08-08,Completed,Card,5.64
5358,1977,2024-09-11,Completed,Bank Transfer,8.92
5359,1114,2024-07-28,Completed,Bank Transfer,7.11
5360,2267,2024-03-30,Completed,Card,9.11
5361,1856,2024-06-15,Completed,Card,6.04
5362,32,2025-10-19,Completed,Mobile Money,8.95
5363,802,2024-09-21,Completed,PayPal,11.77
5364,1331,2025-11-16,Completed,Bank Transfer,5.2
5365,1651,2024-06-20,Completed,Mobile Money,5.24
5366,1377,2025-02-07,Completed,Bank Transfer,12.0
5367,2413,2024-11-25,Cancelled,Card,16.63
5368,1936,2025-07-15,Completed,Bank Transfer,4.75
5369,1337,2024-09-05,Completed,Bank Transfer,22.99
5370,2307,2024-02-21,Completed,Card,8.7
5371,1329,2025-09-06,Completed,Bank Transfer,8.12
5372,421,2024-08-15,Completed,Card,12.98
5373,1457,2025-05-11,Cancelled,Card,7.35
5374,74,2024-09-19,Completed,Card,15.36
5375,139,2024-11-20,Completed,Bank Transfer,18.65
5376,2096,2024-12-02,Completed,Bank Transfer,6.84
5377,1621,2024-06-03,Completed,Card,11.53
5378,94,2025-08-21,Completed,Card,8.75
5379,970,2025-08-29,Completed,PayPal,24.01
5380,901,2024-09-04,Completed,PayPal,6.64
5381,24,2024-09-16,Completed,Card,7.03
5382,2074,2024-08-08,Completed,Bank Transfer,13.79
5383,1001,2024-07-10,Completed,Mobile Money,22.11
5384,984,2025-10-29,Completed,Cash on Delivery,17.97
5385,10,2025-07-23,Completed,Mobile Money,4.41
5386,1710,2025-07-16,Completed,Bank Transfer,23.87
5387,1818,2024-02-14,Cancelled,Card,20.04
5388,1306,2024-11-09,Completed,Card,11.33
5389,1,2025-04-28,Completed,Bank Transfer,22.57
5390,552,2025-07-01,Returned,Bank Transfer,24.22
5391,286,2024-11-30,Completed,Mobile Money,9.9
5392,1657,2025-09-28,Completed,Card,21.21
5393,1186,2025-11-13,Cancelled,Card,14.71
5394,743,2024-01-03,Completed,Mobile Money,20.69
5395,711,2024-11-12,Completed,Card,24.68
5396,1389,2025-10-29,Completed,Card,12.14
5397,1055,2024-07-22,Completed,PayPal,16.29
5398,1179,2024-02-06,Completed,Bank Transfer,5.57
5399,1040,2025-05-18,Cancelled,Bank Transfer,16.5
5400,2286,2025-06-28,Completed,Bank Transfer,14.38
5401,1039,2025-08-01,Completed,Bank Transfer,7.53
5402,262,2025-09-02,Completed,Bank Transfer,20.08
5403,1416,2024-05-03,Completed,Mobile Money,23.75
5404,1241,2024-04-01,Completed,Card,3.46
5405,1973,2025-06-18,Completed,Card,7.75
5406,400,2024-03-28,Completed,Mobile Money,24.57
5407,413,2024-01-09,Completed,Card,18.79
5408,64,2025-09-21,Completed,Bank Transfer,13.28
5409,881,2025-07-20,Completed,Bank Transfer,7.32
5410,522,2025-01-23,Completed,Card,9.75
5411,1501,2025-09-23,Completed,Card,13.09
5412,533,2024-07-04,Completed,PayPal,22.53
5413,54,2025-01-23,Completed,Card,7.02
5414,1474,2024-05-25,Completed,Cash on Delivery,16.98
5415,19,2025-10-06,Completed,Mobile Money,8.6
5416,1319,2025-05-07,Completed,Mobile Money,9.65
5417,1978,2024-02-20,Completed,Card,8.05
5418,2174,2024-04-13,Completed,Card,4.76
5419,1672,2024-11-21,Completed,Card,8.7
5420,948,2024-05-22,Completed,Cash on Delivery,24.66
5421,732,2024-04-08,Completed,Mobile Money,12.53
5422,83,2025-08-13,Completed,PayPal,24.19
5423,1458,2025-10-27,Completed,PayPal,9.92
5424,773,2025-04-09,Completed,Card,2.54
5425,532,2024-12-25,Completed,Card,12.32
5426,814,2024-02-22,Completed,Bank Transfer,18.3
5427,706,2025-08-21,Completed,Card,22.96
5428,886,2025-06-27,Completed,Card,7.08
5429,123,2025-05-08,Completed,Card,11.16
5430,2228,2024-12-19,Completed,PayPal,15.02
5431,105,2024-02-14,Completed,Card,10.08
5432,1837,2025-06-06,Completed,Card,18.62
5433,1173,2025-05-04,Completed,Mobile Money,8.08
5434,2098,2024-10-20,Completed,Bank Transfer,10.8
5435,37,2025-01-03,Cancelled,Card,9.02
5436,1211,2025-08-28,Completed,Bank Transfer,12.29
5437,886,2024-05-31,Completed,PayPal,13.62
5438,1248,2024-02-17,Completed,Card,15.04
5439,1118,2025-11-17,Completed,Bank Transfer,21.4
5440,1476,2024-02-08,Completed,Bank Transfer,17.2
5441,1726,2025-10-05,Completed,Bank Transfer,24.22
5442,83,2024-03-18,Completed,Bank Transfer,9.27
5443,1629,2024-04-15,Completed,Mobile Money,8.23
5444,302,2024-09-23,Completed,Card,16.5
5445,859,2025-12-16,Completed,PayPal,13.43
5446,2020,2025-01-19,Completed,Bank Transfer,16.84
5447,1399,2024-10-02,Completed,Card,18.43
5448,1647,2025-12-19,Completed,Cash on Delivery,5.59
5449,1324,2025-11-01,Completed,Card,12.54
5450,196,2025-05-19,Completed,Cash on Delivery,7.51
5451,719,2024-01-26,Completed,PayPal,11.28
5452,242,2024-02-07,Completed,Mobile Money,3.76
5453,1055,2025-12-29,Returned,Card,20.48
5454,1948,2025-04-11,Completed,Card,23.04
5455,139,2024-04-07,Completed,Card,24.5
5456,1129,2025-11-29,Completed,Bank Transfer,3.99
5457,1207,2025-09-25,Completed,Card,17.53
5458,674,2024-02-03,Completed,Mobile Money,12.71
5459,2035,2024-12-23,Completed,Card,21.77
5460,1835,2024-12-21,Completed,Card,17.18
5461,1114,2024-09-03,Completed,Cash on Delivery,12.99
5462,290,2025-10-14,Returned,PayPal,24.39
5463,1609,2024-11-30,Completed,Bank Transfer,6.17
5464,1491,2025-02-11,Completed,Bank Transfer,8.84
5465,2379,2025-05-02,Completed,Bank Transfer,14.44
5466,1253,2024-01-10,Completed,Mobile Money,3.09
5467,1855,2024-11-22,Completed,Mobile Money,3.98
5468,885,2024-02-05,Completed,Mobile Money,12.43
5469,255,2024-05-26,Completed,Mobile Money,17.65
5470,1012,2024-07-13,Completed,Card,6.13
5471,1577,2024-06-06,Completed,Card,14.72
5472,655,2025-12-13,Completed,Bank Transfer,13.2
5473,2006,2025-07-27,Cancelled,Bank Transfer,7.29
5474,485,2025-03-01,Completed,Cash on Delivery,18.43
5475,229,2024-07-12,Completed,Bank Transfer,6.8
5476,15,2024-07-12,Completed,Card,9.78
5477,7,2025-06-02,Completed,Card,7.6
5478,1565,2024-03-28,Completed,Card,21.07
5479,1944,2024-11-27,Completed,Bank Transfer,5.95
5480,1910,2025-12-07,Completed,Card,9.65
5481,1006,2025-06-13,Completed,Cash on Delivery,9.86
5482,41,2025-05-19,Completed,Bank Transfer,13.41
5483,1407,2025-01-13,Completed,Mobile Money,24.55
5484,2149,2025-10-08,Cancelled,Bank Transfer,18.55
5485,2412,2024-04-01,Completed,Bank Transfer,9.11
5486,877,2024-09-21,Completed,Card,18.65
5487,1633,2025-10-24,Completed,Bank Transfer,6.73
5488,251,2025-12-13,Cancelled,Mobile Money,24.61
5489,529,2024-04-16,Completed,Card,24.18
5490,374,2025-11-09,Completed,Card,18.78
5491,1329,2025-10-25,Completed,Card,22.58
5492,941,2024-08-16,Completed,Cash on Delivery,10.92
5493,167,2025-06-09,Completed,Cash on Delivery,21.28
5494,53,2024-09-11,Completed,Card,14.6
5495,1721,2025-06-28,Completed,Cash on Delivery,20.5
5496,2167,2025-11-27,Completed,Card,5.26
5497,400,2025-07-27,Completed,Card,7.67
5498,2063,2025-03-26,Cancelled,Card,9.34
5499,309,2024-11-23,Completed,Card,3.6
5500,568,2025-04-11,Completed,Card,22.27
5501,2303,2025-04-28,Completed,Card,13.71
5502,485,2025-12-08,Completed,PayPal,22.4
5503,2082,2024-10-30,Completed,PayPal,16.3
5504,1790,2024-06-23,Completed,PayPal,10.04
5505,1332,2025-08-16,Completed,Bank Transfer,17.87
5506,1277,2025-12-03,Completed,Bank Transfer,6.68
5507,384,2025-12-18,Completed,Mobile Money,15.7
5508,1324,2025-05-03,Completed,Bank Transfer,11.58
5509,820,2025-12-11,Completed,Bank Transfer,14.0
5510,1551,2024-01-26,Completed,Card,3.74
5511,2217,2025-06-22,Completed,PayPal,17.94
5512,811,2024-01-23,Completed,PayPal,23.18
5513,2164,2025-12-06,Completed,Mobile Money,24.03
5514,1930,2024-11-01,Completed,Card,9.26
5515,2122,2024-07-22,Completed,Bank Transfer,10.06
5516,1516,2025-02-25,Completed,Bank Transfer,13.57
5517,1512,2025-09-30,Completed,Cash on Delivery,10.05
5518,1341,2025-08-01,Returned,Card,17.45
5519,1632,2024-04-01,Completed,Card,7.46
5520,2071,2025-12-11,Completed,Card,11.18
5521,2222,2025-09-18,Completed,PayPal,16.71
5522,725,2024-12-10,Completed,Cash on Delivery,22.04
5523,2418,2025-11-08,Completed,Card,22.87
5524,1042,2025-02-02,Completed,PayPal,22.16
5525,2099,2025-12-30,Completed,Bank Transfer,8.55
5526,729,2025-04-09,Completed,Card,4.38
5527,2263,2025-07-25,Completed,PayPal,24.71
5528,1868,2025-10-23,Cancelled,Cash on Delivery,15.02
5529,677,2024-05-04,Completed,PayPal,19.31
5530,2498,2025-01-29,Returned,Mobile Money,9.4
5531,2279,2024-12-25,Completed,PayPal,4.1
5532,2282,2024-04-28,Returned,Card,11.98
5533,254,2025-12-24,Completed,Card,7.18
5534,1727,2025-10-31,Completed,Cash on Delivery,18.79
5535,2405,2024-07-13,Completed,Bank Transfer,17.07
5536,61,2024-09-08,Completed,Card,16.22
5537,2213,2024-08-15,Returned,Bank Transfer,14.45
5538,169,2025-06-16,Completed,Card,10.13
5539,1728,2025-07-17,Completed,Bank Transfer,20.72
5540,661,2024-01-29,Completed,Card,9.98
5541,2021,2025-12-20,Completed,Bank Transfer,20.58
5542,332,2025-07-09,Returned,Cash on Delivery,14.86
5543,1899,2025-04-26,Completed,Mobile Money,17.1
5544,1653,2024-10-17,Completed,Card,8.86
5545,1503,2025-10-16,Completed,Card,6.39
5546,567,2025-07-28,Completed,PayPal,19.34
5547,746,2025-12-21,Completed,Card,20.27
5548,1155,2025-06-15,Completed,Card,3.47
5549,2034,2025-12-11,Completed,Card,17.58
5550,2442,2025-06-04,Completed,Card,19.67
5551,2286,2024-09-10,Returned,Card,10.36
5552,955,2024-08-19,Completed,Card,16.58
5553,1565,2024-08-15,Completed,Card,11.51
5554,2048,2024-10-04,Completed,Bank Transfer,20.77
5555,2391,2025-12-18,Completed,Card,20.9
5556,1877,2024-02-20,Completed,Card,3.53
5557,825,2024-02-11,Completed,Mobile Money,3.13
5558,2479,2025-04-02,Completed,Mobile Money,8.55
5559,1381,2024-04-14,Completed,Card,21.7
5560,332,2025-02-03,Completed,Cash on Delivery,10.78
5561,589,2024-08-29,Returned,Mobile Money,7.76
5562,491,2025-02-16,Completed,Bank Transfer,23.91
5563,2296,2024-09-01,Completed,Bank Transfer,14.19
5564,2144,2025-02-12,Completed,Card,15.37
5565,1816,2024-04-07,Completed,Bank Transfer,11.48
5566,942,2025-01-04,Completed,Bank Transfer,18.11
5567,297,2024-07-31,Completed,PayPal,13.05
5568,2499,2024-12-28,Completed,PayPal,24.37
5569,954,2025-09-11,Completed,Card,5.46
5570,1459,2024-09-25,Completed,Bank Transfer,19.72
5571,103,2025-09-24,Completed,Card,13.11
5572,1647,2025-11-15,Completed,Card,10.09
5573,1070,2025-08-15,Completed,Card,20.18
5574,1600,2025-06-08,Completed,Cash on Delivery,8.93
5575,2012,2024-12-17,Completed,Card,16.81
5576,179,2025-11-07,Completed,Bank Transfer,20.8
5577,18,2024-09-14,Completed,Card,16.53
5578,2191,2024-07-11,Completed,PayPal,7.3
5579,108,2025-07-03,Completed,Card,4.22
5580,1839,2025-01-19,Completed,Bank Transfer,17.96
5581,952,2024-01-25,Completed,Bank Transfer,11.15
5582,1187,2024-03-05,Completed,Card,3.56
5583,194,2025-01-21,Completed,Bank Transfer,13.46
5584,425,2024-04-03,Completed,Card,22.75
5585,1376,2025-04-20,Completed,Card,4.8
5586,773,2024-10-03,Completed,PayPal,24.66
5587,244,2024-04-16,Completed,Bank Transfer,3.14
5588,944,2025-04-19,Completed,Mobile Money,13.3
5589,142,2024-11-23,Completed,Card,19.92
5590,2023,2024-01-28,Completed,Bank Transfer,19.5
5591,2373,2025-06-18,Completed,Mobile Money,14.22
5592,1699,2025-10-21,Completed,Bank Transfer,21.62
5593,2096,2025-03-06,Completed,Mobile Money,6.48
5594,262,2025-07-31,Completed,Card,3.63
5595,750,2025-04-25,Completed,Mobile Money,23.53
5596,2159,2025-07-05,Completed,Bank Transfer,22.58
5597,2127,2024-08-27,Completed,Card,23.64
5598,1011,2025-01-02,Completed,Card,23.37
5599,191,2024-11-17,Completed,Bank Transfer,11.71
5600,464,2025-05-24,Completed,Card,24.72
5601,1177,2024-07-03,Completed,Bank Transfer,13.61
5602,485,2025-11-20,Completed,Card,24.03
5603,1157,2025-05-22,Completed,Bank Transfer,17.28
5604,1513,2024-09-03,Completed,Bank Transfer,9.56
5605,1899,2025-04-27,Completed,Bank Transfer,11.83
5606,1990,2025-06-16,Cancelled,Bank Transfer,10.59
5607,1265,2024-08-04,Completed,Card,3.25
5608,1171,2024-01-03,Completed,PayPal,3.76
5609,82,2025-01-11,Completed,PayPal,20.01
5610,487,2024-03-30,Completed,Card,14.98
5611,708,2025-08-20,Completed,Mobile Money,5.3
5612,975,2025-06-12,Completed,Card,4.65
5613,752,2025-12-04,Completed,Mobile Money,3.43
5614,1673,2024-01-12,Completed,Card,7.93
5615,814,2024-10-31,Completed,Card,23.97
5616,2168,2025-02-20,Completed,Bank Transfer,18.97
5617,1007,2025-12-12,Completed,PayPal,4.32
5618,1238,2025-04-06,Completed,Card,7.83
5619,594,2025-09-18,Completed,Card,5.81
5620,793,2024-02-28,Completed,Cash on Delivery,14.31
5621,2087,2025-10-17,Completed,Card,20.39
5622,808,2024-02-29,Completed,Card,9.15
5623,248,2024-01-01,Completed,Cash on Delivery,3.07
5624,1252,2024-07-31,Completed,Bank Transfer,7.73
5625,1427,2024-05-21,Cancelled,Cash on Delivery,6.6
5626,2348,2024-03-14,Completed,Bank Transfer,24.86
5627,1573,2024-02-24,Completed,Bank Transfer,5.85
5628,1335,2025-03-26,Completed,Bank Transfer,13.71
5629,111,2025-12-16,Cancelled,Mobile Money,13.14
5630,926,2024-06-06,Completed,Card,13.92
5631,748,2025-08-01,Completed,Mobile Money,19.86
5632,549,2024-02-19,Completed,Card,16.63
5633,595,2024-10-14,Completed,Card,20.62
5634,24,2025-01-13,Completed,Card,2.68
5635,2099,2025-07-19,Completed,Card,13.81
5636,1325,2024-10-17,Completed,Card,10.56
5637,160,2025-07-01,Returned,Cash on Delivery,9.36
5638,302,2024-04-13,Completed,PayPal,6.11
5639,1726,2025-06-08,Cancelled,Card,19.37
5640,2164,2025-12-04,Completed,Mobile Money,24.25
5641,1008,2025-08-31,Completed,Bank Transfer,15.72
5642,1641,2024-01-31,Completed,Cash on Delivery,5.67
5643,53,2025-01-18,Completed,Mobile Money,22.68
5644,2412,2025-08-03,Completed,Bank Transfer,20.04
5645,699,2025-03-27,Completed,Cash on Delivery,10.41
5646,2153,2025-09-03,Completed,Bank Transfer,20.04
5647,1973,2024-02-04,Completed,Bank Transfer,15.89
5648,725,2024-05-20,Completed,Card,7.72
5649,1080,2024-10-18,Completed,Card,7.24
5650,1694,2025-11-01,Completed,Card,22.61
5651,1469,2024-12-26,Completed,Card,4.53
5652,1938,2025-12-08,Completed,Mobile Money,23.91
5653,2030,2025-08-14,Completed,Card,15.51
5654,704,2025-02-13,Completed,Cash on Delivery,4.25
5655,2267,2024-10-27,Completed,Card,20.48
5656,528,2024-12-28,Completed,Bank Transfer,12.85
5657,1171,2024-04-02,Completed,Bank Transfer,5.84
5658,1216,2024-02-16,Completed,Card,7.88
5659,1884,2024-01-27,Completed,Card,24.33
5660,614,2025-07-16,Completed,PayPal,12.05
5661,2337,2024-03-31,Completed,Bank Transfer,12.55
5662,787,2024-06-16,Completed,Mobile Money,17.74
5663,1922,2024-01-04,Completed,Card,17.65
5664,2190,2024-08-01,Completed,Mobile Money,17.16
5665,1104,2024-12-31,Completed,PayPal,14.84
5666,1018,2025-04-28,Completed,Mobile Money,14.15
5667,1696,2024-06-15,Completed,Card,22.81
5668,2193,2025-01-22,Cancelled,Bank Transfer,8.34
5669,1775,2024-08-22,Completed,Card,11.75
5670,1961,2024-03-15,Completed,Bank Transfer,23.66
5671,2254,2025-02-15,Completed,Card,3.13
5672,425,2024-03-27,Completed,Card,9.62
5673,455,2024-04-09,Completed,Card,3.91
5674,654,2024-03-08,Cancelled,Card,18.09
5675,1490,2024-07-08,Completed,Card,8.7
5676,508,2024-01-29,Completed,Cash on Delivery,8.44
5677,2149,2025-10-28,Completed,Card,13.25
5678,881,2025-11-02,Completed,Card,7.83
5679,1819,2025-07-16,Completed,Bank Transfer,23.89
5680,202,2025-09-14,Completed,Mobile Money,6.82
5681,2208,2025-02-13,Completed,Mobile Money,14.25
5682,623,2025-10-11,Completed,Card,13.67
5683,1249,2024-07-28,Completed,Bank Transfer,12.51
5684,123,2025-03-30,Completed,Cash on Delivery,9.42
5685,1813,2024-01-09,Completed,Cash on Delivery,3.35
5686,1321,2024-11-18,Completed,Card,15.12
5687,2289,2024-03-05,Completed,Mobile Money,6.19
5688,2282,2025-06-06,Completed,PayPal,21.4
5689,771,2024-04-20,Cancelled,Mobile Money,13.09
5690,554,2024-02-20,Completed,Bank Transfer,4.27
5691,442,2024-04-12,Completed,Card,21.46
5692,941,2024-10-07,Completed,Card,18.18
5693,1540,2024-04-19,Completed,Cash on Delivery,14.92
5694,614,2025-11-26,Completed,Card,21.53
5695,1565,2025-10-31,Completed,Card,23.02
5696,1377,2025-03-26,Completed,Bank Transfer,4.44
5697,894,2025-08-12,Completed,Card,4.92
5698,140,2025-09-25,Completed,Bank Transfer,22.85
5699,969,2024-10-10,Completed,PayPal,20.77
5700,2082,2024-03-09,Completed,Mobile Money,8.24
5701,1923,2024-01-07,Completed,Bank Transfer,21.12
5702,1562,2025-01-04,Completed,Bank Transfer,6.21
5703,1825,2025-12-28,Completed,PayPal,6.97
5704,471,2024-11-03,Completed,Mobile Money,12.97
5705,500,2024-01-30,Completed,Card,18.62
5706,2042,2024-09-29,Completed,Card,21.11
5707,2203,2024-05-13,Completed,Card,18.7
5708,1369,2025-06-20,Completed,Cash on Delivery,22.42
5709,1047,2025-01-22,Completed,Cash on Delivery,21.84
5710,592,2024-09-15,Completed,Mobile Money,11.06
5711,532,2025-05-07,Completed,Card,3.96
5712,225,2025-05-18,Completed,Bank Transfer,24.9
5713,1477,2025-09-20,Completed,Card,3.72
5714,968,2025-10-10,Completed,Card,9.64
5715,1624,2025-06-25,Completed,Mobile Money,5.72
5716,1447,2025-12-27,Completed,PayPal,8.53
5717,1470,2024-04-12,Completed,Mobile Money,24.58
5718,110,2024-04-29,Completed,Card,11.54
5719,2419,2024-07-04,Completed,Mobile Money,19.57
5720,137,2025-06-10,Completed,Card,14.32
5721,2495,2024-07-31,Completed,Card,6.72
5722,483,2025-03-13,Completed,Cash on Delivery,16.2
5723,318,2025-06-14,Cancelled,Card,16.59
5724,2365,2024-11-16,Completed,Bank Transfer,24.53
5725,754,2025-06-03,Completed,Card,14.05
5726,1291,2025-03-30,Completed,Card,11.61
5727,994,2024-08-06,Completed,Card,5.0
5728,1018,2024-08-16,Returned,Bank Transfer,12.99
5729,1309,2024-09-25,Completed,Card,12.76
5730,1018,2024-02-09,Completed,Card,17.2
5731,726,2025-07-18,Completed,Mobile Money,20.48
5732,1920,2024-01-11,Completed,Bank Transfer,24.87
5733,1177,2025-10-11,Completed,Card,15.17
5734,322,2025-11-26,Completed,Mobile Money,23.86
5735,1961,2025-12-04,Completed,Card,22.58
5736,364,2024-05-07,Completed,Bank Transfer,16.29
5737,513,2025-10-12,Completed,Card,8.03
5738,1278,2025-11-23,Completed,Card,21.95
5739,1464,2024-02-02,Completed,Card,13.96
5740,2415,2025-03-14,Completed,Card,20.21
5741,155,2025-04-15,Completed,Bank Transfer,19.96
5742,697,2024-11-01,Completed,Card,5.2
5743,319,2025-10-25,Completed,Card,24.17
5744,1311,2024-04-09,Completed,Card,14.5
5745,971,2024-11-21,Cancelled,Card,12.67
5746,685,2024-02-21,Completed,Bank Transfer,17.57
5747,1361,2024-10-02,Completed,Cash on Delivery,21.02
5748,2035,2024-02-23,Completed,Mobile Money,11.4
5749,1468,2025-09-05,Completed,Cash on Delivery,23.05
5750,1779,2025-12-01,Returned,Card,9.07
5751,1500,2025-05-01,Completed,Card,4.32
5752,1654,2025-05-27,Completed,Card,4.72
5753,725,2025-10-14,Completed,PayPal,5.6
5754,486,2025-07-04,Completed,Card,4.68
5755,64,2024-03-05,Cancelled,PayPal,14.47
5756,2137,2024-12-22,Completed,Cash on Delivery,23.85
5757,999,2024-11-11,Completed,Card,19.86
5758,486,2025-08-20,Completed,Card,12.36
5759,470,2025-06-13,Completed,Bank Transfer,16.68
5760,650,2025-11-24,Completed,Bank Transfer,24.16
5761,1899,2025-04-26,Completed,Card,4.34
5762,558,2024-05-26,Completed,Card,7.71
5763,1140,2024-12-01,Completed,Cash on Delivery,12.02
5764,2104,2024-10-29,Completed,Mobile Money,17.09
5765,1986,2025-07-28,Completed,Mobile Money,11.61
5766,1217,2025-03-15,Completed,Bank Transfer,17.7
5767,153,2025-09-27,Completed,Bank Transfer,14.71
5768,2412,2024-06-23,Completed,Bank Transfer,18.59
5769,2403,2025-09-22,Completed,Bank Transfer,14.69
5770,1895,2025-03-22,Completed,Mobile Money,24.38
5771,290,2024-12-18,Completed,Card,12.48
5772,5,2024-10-01,Completed,Card,23.87
5773,2451,2025-07-24,Completed,Bank Transfer,16.3
5774,128,2024-01-13,Completed,Card,3.62
5775,2022,2025-06-08,Completed,Card,2.83
5776,1897,2025-06-24,Completed,Bank Transfer,9.37
5777,2394,2025-07-22,Completed,PayPal,17.72
5778,300,2024-08-08,Completed,Bank Transfer,14.62
5779,465,2025-09-11,Completed,PayPal,6.5
5780,1573,2025-10-28,Completed,Card,4.78
5781,2163,2024-11-04,Completed,Card,4.76
5782,814,2025-12-31,Completed,Card,20.8
5783,1282,2024-08-11,Completed,Card,3.75
5784,1328,2025-02-06,Completed,Bank Transfer,19.72
5785,363,2025-09-17,Completed,PayPal,5.45
5786,2294,2025-04-01,Completed,Card,19.44
5787,2427,2024-06-11,Completed,PayPal,24.99
5788,2191,2025-06-11,Completed,Cash on Delivery,14.76
5789,192,2024-08-31,Cancelled,PayPal,19.58
5790,354,2024-12-09,Completed,Card,21.13
5791,796,2024-03-25,Completed,Card,7.12
5792,1324,2025-03-16,Completed,Bank Transfer,16.9
5793,2104,2025-10-30,Completed,PayPal,5.7
5794,1206,2024-09-05,Completed,Mobile Money,21.52
5795,2442,2024-11-04,Completed,Card,15.43
5796,509,2024-04-08,Completed,Mobile Money,12.0
5797,1146,2024-04-28,Completed,Bank Transfer,24.37
5798,1893,2024-06-16,Completed,Card,3.14
5799,1011,2025-07-04,Completed,Bank Transfer,2.61
5800,442,2025-07-28,Completed,Card,13.09
5801,2331,2025-06-26,Completed,Cash on Delivery,19.27
5802,2490,2024-09-18,Completed,Mobile Money,15.32
5803,315,2024-08-14,Completed,Mobile Money,18.82
5804,1293,2024-05-01,Completed,Bank Transfer,20.17
5805,585,2025-01-26,Returned,PayPal,22.5
5806,1484,2024-10-11,Completed,Bank Transfer,6.45
5807,301,2024-05-17,Completed,Cash on Delivery,11.2
5808,2340,2025-07-12,Completed,Card,13.59
5809,1847,2024-02-01,Completed,Mobile Money,11.41
5810,841,2025-02-23,Completed,Card,13.77
5811,82,2025-03-14,Completed,Mobile Money,22.9
5812,54,2025-03-30,Completed,Bank Transfer,20.16
5813,1173,2025-12-22,Cancelled,Card,16.91
5814,2379,2025-02-02,Completed,Mobile Money,19.66
5815,1346,2025-08-20,Completed,Card,3.08
5816,771,2025-01-28,Completed,Card,5.27
5817,2195,2025-12-10,Cancelled,Bank Transfer,24.51
5818,827,2024-05-14,Completed,Mobile Money,7.38
5819,1901,2024-05-16,Completed,Mobile Money,11.93
5820,481,2025-04-13,Returned,PayPal,9.82
5821,984,2025-03-08,Completed,Bank Transfer,20.86
5822,1073,2025-10-24,Completed,Mobile Money,23.46
5823,11,2024-01-29,Completed,Bank Transfer,24.11
5824,402,2025-06-04,Completed,Mobile Money,7.16
5825,1803,2025-01-01,Completed,Card,12.81
5826,2297,2025-08-04,Completed,PayPal,16.37
5827,994,2025-01-18,Completed,Cash on Delivery,12.71
5828,2394,2024-07-08,Completed,Mobile Money,19.71
5829,1243,2025-06-10,Completed,Mobile Money,21.49
5830,122,2025-01-11,Completed,PayPal,2.84
5831,1661,2024-06-17,Completed,Bank Transfer,8.67
5832,1684,2024-04-17,Completed,PayPal,12.47
5833,2404,2024-02-24,Completed,Bank Transfer,22.62
5834,312,2024-02-28,Completed,Bank Transfer,10.24
5835,1264,2024-01-05,Completed,Bank Transfer,7.3
5836,2023,2025-06-29,Completed,Card,3.26
5837,2437,2025-08-16,Completed,Mobile Money,17.38
5838,2,2024-03-03,Completed,Mobile Money,14.26
5839,260,2025-11-08,Completed,Card,8.64
5840,6,2025-05-04,Completed,Card,18.94
5841,221,2025-12-25,Completed,PayPal,20.61
5842,632,2024-10-12,Completed,Cash on Delivery,23.59
5843,1624,2024-03-02,Completed,Cash on Delivery,11.78
5844,2493,2024-12-31,Returned,PayPal,6.3
5845,1756,2024-05-13,Completed,Mobile Money,15.94
5846,1950,2024-04-02,Completed,Bank Transfer,15.28
5847,1608,2024-01-25,Completed,Card,15.62
5848,1475,2025-03-21,Completed,Card,2.75
5849,2034,2024-06-07,Completed,Card,3.22
5850,1613,2024-12-29,Completed,Mobile Money,13.75
5851,408,2024-03-24,Completed,Bank Transfer,23.11
5852,527,2025-02-21,Completed,Card,6.82
5853,128,2024-06-29,Completed,Card,17.94
5854,1242,2025-10-01,Completed,Cash on Delivery,24.41
5855,1220,2024-12-31,Completed,Bank Transfer,8.78
5856,2137,2024-12-05,Completed,Card,3.06
5857,2301,2025-01-09,Completed,Card,9.18
5858,523,2025-02-22,Completed,Bank Transfer,9.85
5859,1532,2024-01-11,Completed,Bank Transfer,23.72
5860,971,2025-04-24,Completed,Card,18.25
5861,949,2024-08-09,Completed,Card,19.63
5862,1626,2025-03-01,Completed,Bank Transfer,10.35
5863,305,2024-08-29,Completed,Card,12.7
5864,251,2024-02-16,Completed,Bank Transfer,6.54
5865,225,2025-04-02,Completed,Card,19.23
5866,788,2025-01-15,Completed,Card,2.95
5867,2207,2025-02-27,Completed,Cash on Delivery,24.02
5868,1684,2025-02-14,Completed,Card,22.81
5869,2148,2025-01-14,Completed,Card,12.52
5870,297,2025-10-22,Completed,Card,14.73
5871,234,2024-04-14,Completed,Bank Transfer,11.43
5872,2272,2025-10-02,Completed,Cash on Delivery,5.8
5873,1537,2024-05-18,Completed,Bank Transfer,16.88
5874,725,2024-12-17,Completed,Card,16.21
5875,2488,2025-10-23,Cancelled,PayPal,22.3
5876,1040,2025-01-31,Completed,Bank Transfer,22.06
5877,95,2024-07-26,Completed,Card,13.45
5878,2109,2025-12-17,Completed,Mobile Money,16.84
5879,1994,2024-02-22,Completed,PayPal,6.3
5880,1519,2024-03-25,Completed,Card,3.09
5881,1855,2025-02-05,Completed,Card,3.2
5882,442,2025-10-24,Completed,Card,16.67
5883,1635,2025-03-17,Completed,PayPal,24.23
5884,335,2025-01-28,Completed,Cash on Delivery,17.91
5885,1796,2025-04-07,Completed,Bank Transfer,10.75
5886,1081,2024-12-22,Completed,PayPal,8.06
5887,1245,2025-10-14,Completed,Mobile Money,13.83
5888,2143,2025-09-10,Completed,Bank Transfer,5.1
5889,208,2024-05-03,Completed,Card,20.89
5890,40,2025-03-27,Completed,Bank Transfer,17.56
5891,990,2024-04-20,Completed,Card,22.51
5892,307,2024-10-17,Completed,Card,17.2
5893,2439,2024-08-21,Completed,Mobile Money,17.58
5894,464,2025-03-15,Completed,Card,10.27
5895,269,2025-01-01,Completed,Card,9.87
5896,1716,2024-06-08,Completed,Cash on Delivery,11.1
5897,2083,2025-04-19,Completed,Card,13.16
5898,501,2025-06-23,Completed,Mobile Money,9.63
5899,951,2025-09-10,Completed,Card,6.47
5900,1774,2024-09-25,Completed,Card,24.71
5901,671,2025-10-16,Completed,Cash on Delivery,12.33
5902,1628,2024-05-23,Completed,Bank Transfer,18.62
5903,509,2024-09-22,Completed,Card,19.27
5904,1446,2025-10-31,Completed,Card,15.92
5905,725,2025-12-10,Cancelled,Card,7.02
5906,1439,2025-11-02,Completed,Card,14.8
5907,2119,2025-06-30,Completed,PayPal,8.63
5908,6,2024-08-18,Completed,Mobile Money,14.13
5909,808,2025-08-22,Completed,Card,10.47
5910,857,2024-04-02,Completed,Bank Transfer,19.68
5911,1780,2025-03-22,Completed,Bank Transfer,5.92
5912,1491,2024-04-03,Completed,Bank Transfer,22.04
5913,1907,2025-02-19,Completed,PayPal,9.57
5914,1535,2025-10-16,Completed,Cash on Delivery,10.07
5915,1552,2025-04-11,Completed,Card,2.7
5916,1640,2025-02-03,Completed,Mobile Money,7.91
5917,800,2024-06-14,Completed,Card,24.01
5918,203,2025-09-12,Returned,Card,19.92
5919,770,2024-02-07,Completed,Card,4.5
5920,1312,2024-11-29,Completed,Mobile Money,4.98
5921,2308,2024-09-04,Completed,Card,23.24
5922,683,2025-01-07,Completed,Card,20.07
5923,235,2025-04-06,Completed,Cash on Delivery,5.65
5924,2017,2025-05-12,Completed,Mobile Money,12.02
5925,2393,2025-08-06,Completed,Bank Transfer,3.01
5926,152,2025-07-22,Completed,Card,9.39
5927,1941,2025-01-20,Completed,Card,5.46
5928,1068,2024-04-13,Completed,Card,5.41
5929,1994,2025-05-27,Cancelled,Card,11.42
5930,2186,2025-10-15,Completed,Bank Transfer,10.31
5931,1729,2025-02-01,Completed,Card,21.26
5932,1334,2025-08-27,Completed,Card,10.68
5933,2034,2024-07-10,Completed,Card,14.21
5934,1190,2025-07-27,Completed,PayPal,3.94
5935,1880,2025-04-09,Completed,Cash on Delivery,7.79
5936,989,2024-10-31,Cancelled,PayPal,13.49
5937,1001,2024-03-21,Completed,Card,17.54
5938,117,2024-03-05,Completed,Bank Transfer,19.04
5939,1472,2025-10-30,Completed,Card,23.35
5940,300,2024-08-31,Completed,PayPal,12.79
5941,909,2024-12-17,Completed,Bank Transfer,7.26
5942,1419,2025-12-18,Completed,Card,8.84
5943,380,2024-03-25,Completed,Mobile Money,8.85
5944,697,2024-03-15,Completed,Cash on Delivery,14.44
5945,1411,2025-07-08,Completed,Cash on Delivery,13.81
5946,1278,2025-04-22,Completed,Card,3.81
5947,130,2024-06-30,Completed,Bank Transfer,4.45
5948,1264,2024-02-06,Completed,Card,19.11
5949,2405,2025-04-03,Completed,Cash on Delivery,23.31
5950,515,2024-06-11,Completed,Card,6.57
5951,354,2025-04-07,Completed,PayPal,14.66
5952,671,2025-04-05,Completed,PayPal,20.23
5953,899,2024-04-12,Completed,PayPal,4.19
5954,2270,2024-07-21,Completed,Cash on Delivery,7.37
5955,478,2025-01-16,Completed,Card,21.04
5956,113,2025-01-20,Completed,Bank Transfer,16.51
5957,485,2025-04-26,Completed,PayPal,19.95
5958,1691,2025-02-28,Completed,Card,8.29
5959,1620,2025-12-31,Completed,PayPal,4.66
5960,1071,2024-12-15,Completed,Card,9.02
5961,862,2024-06-12,Completed,Bank Transfer,23.37
5962,412,2024-12-19,Completed,PayPal,3.66
5963,726,2024-05-06,Returned,Bank Transfer,19.73
5964,1117,2024-08-02,Completed,Bank Transfer,13.66
5965,160,2024-05-16,Returned,Card,10.44
5966,1400,2024-05-02,Cancelled,Card,15.19
5967,232,2025-04-26,Completed,Mobile Money,20.41
5968,1929,2025-01-18,Completed,Card,2.77
5969,2315,2025-09-12,Completed,Card,21.84
5970,1684,2024-09-20,Completed,Card,23.82
5971,2305,2025-09-02,Completed,Cash on Delivery,20.13
5972,126,2025-08-31,Completed,Mobile Money,17.52
5973,1943,2024-11-14,Completed,Cash on Delivery,13.09
5974,280,2025-11-26,Completed,Card,16.88
5975,1729,2024-12-28,Completed,Card,12.22
5976,1703,2025-05-17,Completed,Card,7.49
5977,1898,2024-04-26,Completed,Card,16.38
5978,384,2025-09-02,Completed,PayPal,22.18
5979,2028,2024-06-23,Completed,Mobile Money,15.54
5980,883,2024-05-22,Completed,Card,9.7
5981,2178,2024-09-21,Completed,Card,23.91
5982,2491,2025-11-07,Completed,Card,16.36
5983,963,2024-04-10,Completed,Mobile Money,13.87
5984,255,2025-07-18,Completed,Bank Transfer,13.43
5985,2147,2025-03-07,Completed,Bank Transfer,7.55
5986,1572,2024-05-30,Completed,Bank Transfer,11.46
5987,2257,2025-04-05,Completed,Card,14.54
5988,1263,2025-05-09,Completed,Bank Transfer,11.06
5989,202,2024-11-06,Completed,Mobile Money,8.31
5990,1424,2024-06-26,Completed,Mobile Money,14.19
5991,2067,2025-04-04,Completed,Mobile Money,3.59
5992,15,2025-04-05,Completed,Bank Transfer,19.67
5993,1006,2024-02-24,Completed,Bank Transfer,18.43
5994,2187,2024-01-02,Completed,Cash on Delivery,20.55
5995,394,2025-01-16,Completed,Bank Transfer,16.22
5996,196,2025-06-29,Completed,Card,15.33
5997,790,2024-10-20,Completed,Card,23.23
5998,725,2024-11-02,Completed,Cash on Delivery,12.5
5999,441,2025-11-10,Completed,PayPal,8.81
6000,2323,2024-04-04,Completed,Card,4.05
6001,2364,2025-08-28,Completed,Card,24.52
6002,1638,2025-10-24,Completed,Mobile Money,22.48
6003,246,2025-05-25,Completed,PayPal,22.25
6004,549,2024-03-30,Completed,Bank Transfer,14.42
6005,572,2024-01-20,Completed,Card,20.02
6006,1490,2024-03-26,Completed,Bank Transfer,23.48
6007,274,2024-02-22,Completed,Cash on Delivery,19.52
6008,1901,2025-03-11,Completed,Card,19.72
6009,556,2024-04-22,Completed,Card,6.75
6010,1063,2024-05-25,Completed,Cash on Delivery,3.17
6011,7,2025-03-25,Completed,Bank Transfer,18.93
6012,1193,2024-04-29,Completed,Card,3.88
6013,1149,2024-01-18,Completed,Card,3.97
6014,244,2024-06-24,Completed,Card,13.84
6015,1514,2024-06-10,Completed,Mobile Money,3.6
6016,1360,2025-09-04,Completed,Mobile Money,10.6
6017,928,2024-03-12,Completed,Card,7.01
6018,1947,2025-12-07,Completed,PayPal,2.8
6019,1046,2025-10-14,Completed,Card,15.51
6020,1837,2024-06-26,Completed,Card,12.02
6021,2034,2025-06-06,Completed,Card,3.65
6022,585,2024-07-01,Completed,Card,6.77
6023,1194,2024-06-03,Completed,Bank Transfer,10.68
6024,373,2025-06-14,Completed,Card,21.26
6025,2282,2025-09-13,Returned,Card,7.97
6026,1285,2025-08-31,Cancelled,Bank Transfer,4.22
6027,501,2024-12-09,Completed,PayPal,7.17
6028,1596,2024-12-30,Completed,Card,19.1
6029,1948,2025-08-28,Completed,Card,17.04
6030,2169,2024-02-29,Completed,PayPal,7.98
6031,833,2024-01-26,Completed,PayPal,14.07
6032,1943,2025-11-14,Completed,Bank Transfer,21.3
6033,1878,2025-03-31,Completed,PayPal,12.81
6034,1132,2025-08-08,Completed,Card,14.47
6035,139,2025-12-13,Completed,Bank Transfer,8.66
6036,1592,2024-01-05,Returned,Card,10.82
6037,578,2024-06-22,Completed,Card,10.72
6038,2414,2024-03-29,Completed,PayPal,15.8
6039,1054,2024-09-07,Completed,Bank Transfer,11.07
6040,1295,2025-09-01,Completed,Card,20.43
6041,1652,2024-07-08,Completed,Mobile Money,10.18
6042,1532,2025-12-24,Completed,Card,20.68
6043,926,2024-05-31,Completed,Cash on Delivery,6.09
6044,757,2024-02-28,Completed,Card,12.48
6045,804,2024-05-16,Completed,Card,3.51
6046,1195,2024-04-13,Completed,PayPal,12.67
6047,275,2024-02-15,Cancelled,Cash on Delivery,5.95
6048,1008,2024-06-22,Completed,Bank Transfer,19.54
6049,719,2024-04-09,Completed,Card,15.53
6050,2011,2025-07-08,Completed,Card,6.94
6051,426,2025-10-20,Completed,Bank Transfer,12.88
6052,15,2025-12-27,Completed,Bank Transfer,6.42
6053,464,2025-06-03,Completed,Cash on Delivery,24.21
6054,430,2024-11-20,Completed,Bank Transfer,12.44
6055,2000,2024-12-11,Completed,Card,22.08
6056,1090,2025-12-05,Completed,Bank Transfer,4.04
6057,1195,2025-05-02,Completed,Card,14.01
6058,798,2024-07-21,Completed,Mobile Money,3.46
6059,2384,2025-02-17,Completed,Card,18.13
6060,1052,2024-03-28,Completed,Bank Transfer,7.34
6061,2241,2024-07-03,Completed,Cash on Delivery,17.17
6062,2209,2024-04-10,Completed,Bank Transfer,19.89
6063,413,2025-03-24,Completed,Card,14.97
6064,1707,2025-01-29,Completed,Card,11.76
6065,1119,2025-08-22,Completed,Mobile Money,10.09
6066,2321,2025-06-15,Completed,Card,18.11
6067,161,2024-06-23,Completed,Cash on Delivery,17.71
6068,1497,2024-03-27,Completed,Card,6.2
6069,928,2024-06-28,Cancelled,Cash on Delivery,3.91
6070,1277,2025-01-14,Completed,PayPal,22.26
6071,130,2025-11-30,Completed,Card,5.49
6072,486,2024-12-08,Cancelled,Mobile Money,7.97
6073,666,2024-03-01,Completed,Card,9.93
6074,259,2024-06-24,Completed,Mobile Money,23.25
6075,2051,2024-03-15,Completed,Card,22.06
6076,767,2025-10-30,Completed,Mobile Money,19.94
6077,2473,2024-11-12,Completed,Card,3.82
6078,1411,2025-04-14,Completed,Mobile Money,23.51
6079,1872,2024-01-22,Completed,Bank Transfer,12.02
6080,1551,2025-12-04,Completed,PayPal,7.29
6081,1249,2025-02-04,Completed,PayPal,23.78
6082,2021,2024-01-25,Completed,Bank Transfer,16.61
6083,1631,2025-10-02,Completed,Mobile Money,19.91
6084,725,2025-03-28,Completed,Card,22.71
6085,2382,2024-07-27,Completed,Bank Transfer,7.47
6086,1810,2024-02-21,Completed,Card,18.33
6087,892,2025-01-21,Completed,Cash on Delivery,11.8
6088,1599,2024-10-23,Completed,Bank Transfer,24.93
6089,1431,2024-07-11,Returned,Mobile Money,16.16
6090,1525,2024-04-26,Completed,Card,24.84
6091,2083,2025-11-16,Completed,Bank Transfer,24.08
6092,353,2025-02-25,Completed,Card,20.2
6093,2359,2025-05-10,Completed,Bank Transfer,22.36
6094,1744,2024-06-12,Completed,PayPal,19.01
6095,1457,2025-11-26,Completed,Card,14.64
6096,1093,2025-04-27,Cancelled,Card,10.53
6097,1296,2024-11-27,Completed,Card,17.31
6098,1552,2024-03-17,Completed,Bank Transfer,6.86
6099,519,2024-05-17,Completed,Bank Transfer,22.4
6100,787,2025-11-14,Completed,Mobile Money,3.25
6101,174,2024-07-03,Returned,Card,4.62
6102,82,2024-10-06,Completed,Bank Transfer,24.57
6103,935,2025-11-09,Completed,Mobile Money,15.68
6104,1798,2024-06-10,Completed,PayPal,24.51
6105,174,2024-11-01,Completed,Card,7.17
6106,2193,2025-05-03,Completed,Bank Transfer,5.47
6107,672,2025-04-19,Completed,Mobile Money,9.28
6108,1944,2025-04-29,Completed,Mobile Money,10.16
6109,437,2025-10-23,Completed,Bank Transfer,4.89
6110,165,2024-10-24,Completed,Card,6.57
6111,1274,2025-02-14,Completed,Bank Transfer,21.48
6112,723,2024-10-07,Completed,Card,8.61
6113,1798,2025-06-08,Completed,Mobile Money,9.17
6114,328,2025-12-06,Completed,Card,7.58
6115,1712,2024-02-04,Completed,Card,5.78
6116,1367,2025-06-23,Completed,Cash on Delivery,3.39
6117,408,2024-07-05,Completed,Card,7.33
6118,499,2025-06-06,Completed,Card,22.07
6119,119,2025-01-08,Completed,Card,24.28
6120,125,2024-05-06,Completed,Mobile Money,5.81
6121,24,2025-03-17,Completed,Mobile Money,24.59
6122,1606,2025-03-28,Completed,Card,6.06
6123,1106,2025-06-10,Completed,Mobile Money,17.51
6124,245,2025-04-14,Completed,Bank Transfer,3.54
6125,1626,2024-01-13,Completed,PayPal,21.94
6126,1402,2025-04-02,Cancelled,Card,3.13
6127,511,2024-06-23,Completed,Mobile Money,20.05
6128,1586,2025-10-26,Completed,Card,14.33
6129,934,2024-08-04,Completed,Mobile Money,12.45
6130,449,2025-06-29,Completed,Card,6.94
6131,1916,2024-08-18,Completed,Card,16.2
6132,978,2024-06-13,Completed,Card,3.25
6133,2109,2025-07-03,Cancelled,Card,5.83
6134,1007,2025-10-30,Completed,Card,3.0
6135,388,2025-08-24,Completed,PayPal,11.4
6136,692,2024-11-13,Completed,Card,12.18
6137,994,2024-05-06,Completed,Bank Transfer,8.02
6138,2071,2025-03-15,Completed,Mobile Money,12.23
6139,2307,2025-08-08,Completed,Card,23.0
6140,1608,2024-01-24,Completed,Card,17.78
6141,1892,2024-10-04,Completed,Card,17.38
6142,599,2024-05-10,Completed,Card,19.11
6143,1456,2025-08-05,Completed,Card,16.45
6144,1686,2024-04-11,Returned,Bank Transfer,20.13
6145,528,2025-05-07,Completed,Mobile Money,20.11
6146,1815,2024-06-04,Completed,Bank Transfer,11.18
6147,2184,2025-11-18,Completed,Bank Transfer,17.24
6148,926,2024-05-14,Returned,Mobile Money,20.09
6149,1264,2025-08-06,Completed,Card,4.39
6150,2409,2025-04-18,Completed,Card,9.44
6151,1859,2025-06-23,Completed,Card,23.4
6152,1745,2025-10-23,Completed,Card,10.11
6153,194,2024-03-21,Completed,Bank Transfer,24.4
6154,1726,2025-07-07,Completed,Mobile Money,22.39
6155,1677,2025-12-07,Completed,Card,11.11
6156,2049,2024-02-19,Cancelled,Mobile Money,24.27
6157,412,2024-03-08,Completed,Mobile Money,24.41
6158,1024,2024-06-08,Completed,Card,23.97
6159,1623,2024-02-25,Completed,Card,2.59
6160,218,2025-11-10,Completed,Card,23.18
6161,2286,2024-02-04,Completed,Card,11.0
6162,491,2024-03-10,Completed,Bank Transfer,12.29
6163,130,2024-06-13,Completed,Card,10.39
6164,2079,2025-08-19,Completed,Bank Transfer,4.75
6165,600,2025-06-05,Completed,PayPal,20.01
6166,572,2025-12-30,Completed,Bank Transfer,22.81
6167,58,2025-11-17,Completed,Card,18.98
6168,1072,2025-07-10,Completed,Card,5.28
6169,41,2024-11-22,Completed,Bank Transfer,20.59
6170,2104,2025-01-27,Completed,Mobile Money,15.52
6171,1386,2024-01-04,Completed,Card,21.33
6172,1841,2024-03-02,Completed,Bank Transfer,10.26
6173,2444,2025-08-01,Completed,Mobile Money,20.1
6174,880,2024-08-05,Completed,Card,12.8
6175,2352,2024-10-13,Completed,Cash on Delivery,5.67
6176,259,2024-11-07,Completed,PayPal,23.92
6177,489,2025-06-14,Completed,Mobile Money,7.83
6178,1378,2024-06-18,Completed,Bank Transfer,16.74
6179,1826,2025-08-24,Completed,Card,2.72
6180,655,2024-06-11,Completed,Cash on Delivery,6.67
6181,829,2024-04-25,Completed,PayPal,9.33
6182,1565,2024-03-30,Completed,Mobile Money,10.59
6183,297,2024-03-09,Completed,PayPal,11.93
6184,2427,2025-08-11,Completed,Cash on Delivery,17.94
6185,1313,2024-02-02,Cancelled,Mobile Money,23.94
6186,1264,2025-07-30,Completed,Card,12.78
6187,1853,2024-05-21,Completed,PayPal,11.68
6188,10,2025-06-18,Completed,PayPal,14.26
6189,1251,2025-09-09,Completed,Bank Transfer,22.31
6190,748,2024-08-30,Completed,Mobile Money,8.75
6191,1807,2025-05-28,Completed,Mobile Money,4.72
6192,1898,2025-02-10,Completed,PayPal,5.67
6193,17,2025-04-27,Completed,Card,19.02
6194,455,2024-01-30,Completed,Bank Transfer,22.25
6195,2422,2024-11-11,Completed,Card,15.76
6196,2344,2025-12-31,Completed,Mobile Money,10.94
6197,827,2024-01-20,Completed,Mobile Money,24.77
6198,2240,2024-04-21,Completed,Card,7.03
6199,1353,2024-09-28,Completed,Card,5.02
6200,1861,2024-09-03,Completed,Bank Transfer,16.18
6201,1473,2024-02-01,Completed,Cash on Delivery,23.8
6202,2023,2024-11-02,Completed,Card,20.51
6203,1693,2024-01-31,Cancelled,Card,19.16
6204,2089,2025-05-01,Completed,Card,24.47
6205,1527,2025-06-30,Completed,Card,20.07
6206,1933,2025-01-14,Completed,Bank Transfer,6.29
6207,743,2024-06-04,Completed,Card,22.75
6208,2399,2024-09-30,Completed,Bank Transfer,21.36
6209,149,2024-02-17,Completed,Card,12.73
6210,1805,2024-04-15,Completed,Card,3.54
6211,2491,2025-01-24,Completed,Card,12.92
6212,1006,2025-03-02,Completed,Card,24.23
6213,1326,2024-02-05,Completed,Card,23.69
6214,506,2025-10-29,Completed,Card,20.22
6215,926,2024-10-31,Completed,PayPal,15.57
6216,2399,2024-12-14,Completed,Cash on Delivery,8.39
6217,1871,2024-09-24,Completed,Bank Transfer,19.85
6218,1033,2025-06-23,Completed,Card,11.2
6219,1994,2024-09-09,Completed,Card,9.81
6220,363,2024-11-02,Completed,Mobile Money,17.8
6221,1051,2024-11-06,Completed,PayPal,3.01
6222,743,2024-05-23,Completed,Mobile Money,8.15
6223,807,2025-04-13,Completed,Bank Transfer,6.74
6224,2413,2024-10-07,Completed,Card,19.64
6225,304,2025-03-02,Completed,Card,11.69
6226,1888,2025-10-20,Completed,Card,5.52
6227,1513,2025-04-29,Completed,Card,2.67
6228,2364,2024-05-29,Completed,Card,14.98
6229,354,2025-06-16,Completed,PayPal,22.98
6230,2486,2025-06-09,Returned,Mobile Money,17.08
6231,808,2024-02-05,Completed,Bank Transfer,7.09
6232,2459,2025-07-04,Completed,Mobile Money,7.96
6233,1642,2025-03-25,Completed,Card,22.34
6234,466,2025-07-27,Completed,PayPal,12.68
6235,2447,2025-09-23,Completed,PayPal,22.88
6236,2218,2024-07-07,Completed,Card,6.82
6237,1813,2025-09-27,Completed,Mobile Money,14.92
6238,1798,2025-06-08,Completed,PayPal,12.13
6239,628,2025-09-13,Completed,PayPal,12.48
6240,2084,2024-06-29,Cancelled,Card,20.5
6241,408,2024-03-22,Completed,Card,16.43
6242,1307,2024-03-21,Completed,Card,18.33
6243,499,2024-03-29,Cancelled,Card,18.31
6244,1817,2024-09-06,Completed,Card,4.84
6245,1152,2024-07-13,Completed,Mobile Money,9.49
6246,2018,2024-07-26,Completed,Bank Transfer,16.34
6247,131,2025-08-03,Completed,Mobile Money,5.36
6248,2243,2025-11-24,Cancelled,Card,18.4
6249,899,2025-01-09,Completed,PayPal,17.26
6250,1733,2025-11-24,Completed,Card,13.08
6251,15,2025-01-15,Completed,Card,7.21
6252,2207,2025-03-11,Completed,Mobile Money,14.06
6253,2122,2025-09-15,Completed,Card,9.32
6254,1099,2025-10-28,Completed,Cash on Delivery,4.42
6255,64,2024-12-21,Completed,PayPal,15.72
6256,671,2024-08-07,Completed,Card,12.83
6257,733,2024-07-13,Completed,Cash on Delivery,23.56
6258,398,2025-06-26,Completed,Card,7.11
6259,2377,2025-04-09,Completed,Card,20.34
6260,933,2025-07-26,Completed,Card,10.53
6261,15,2025-01-26,Completed,PayPal,5.46
6262,250,2025-09-09,Completed,PayPal,24.87
6263,425,2025-04-27,Completed,Mobile Money,14.81
6264,827,2025-06-21,Completed,Card,11.31
6265,1654,2025-07-06,Completed,Bank Transfer,17.81
6266,2307,2024-07-06,Completed,Card,22.72
6267,664,2024-05-10,Completed,Card,4.52
6268,2095,2025-04-07,Completed,PayPal,5.75
6269,251,2025-06-01,Completed,Card,24.54
6270,1030,2025-06-15,Completed,Card,18.85
6271,558,2025-02-13,Completed,Bank Transfer,9.71
6272,1391,2024-12-06,Completed,Mobile Money,8.9
6273,497,2025-05-22,Completed,Card,20.23
6274,2113,2025-12-13,Completed,Bank Transfer,8.04
6275,2361,2024-05-24,Completed,Mobile Money,4.11
6276,1552,2024-11-08,Completed,Bank Transfer,13.0
6277,1552,2024-03-04,Completed,Mobile Money,16.68
6278,2034,2024-08-25,Completed,Card,17.78
6279,452,2025-11-09,Completed,Card,11.89
6280,2148,2024-02-24,Completed,Card,13.55
6281,965,2025-03-16,Completed,Card,23.46
6282,1857,2025-03-17,Completed,Cash on Delivery,24.91
6283,2328,2024-12-15,Completed,PayPal,7.67
6284,1491,2024-10-09,Completed,PayPal,17.24
6285,1063,2024-04-09,Completed,Bank Transfer,20.65
6286,1197,2025-11-04,Cancelled,Mobile Money,22.01
6287,2405,2024-01-16,Completed,PayPal,18.32
6288,1269,2024-06-25,Completed,Cash on Delivery,11.61
6289,534,2025-06-30,Completed,Mobile Money,24.9
6290,973,2024-04-17,Completed,Mobile Money,11.77
6291,2029,2024-01-01,Completed,Card,21.07
6292,1764,2025-11-09,Completed,Bank Transfer,12.12
6293,2293,2024-02-07,Completed,Card,17.7
6294,77,2025-06-21,Completed,Bank Transfer,5.97
6295,2452,2024-10-17,Completed,Mobile Money,24.01
6296,2346,2024-02-01,Completed,Card,23.89
6297,1982,2025-12-06,Completed,Cash on Delivery,2.83
6298,249,2025-07-28,Completed,Card,9.01
6299,847,2024-11-06,Completed,Card,21.37
6300,1240,2024-06-08,Completed,Mobile Money,24.22
6301,1925,2025-05-26,Cancelled,Card,6.63
6302,833,2025-09-26,Completed,Bank Transfer,2.95
6303,61,2025-10-16,Completed,Bank Transfer,23.43
6304,536,2025-06-03,Completed,Card,17.15
6305,920,2024-01-22,Completed,Bank Transfer,17.62
6306,1671,2024-06-28,Completed,Mobile Money,12.17
6307,1129,2024-12-04,Returned,Card,19.52
6308,862,2024-06-24,Completed,Bank Transfer,6.53
6309,1237,2025-11-03,Completed,Card,8.37
6310,990,2025-08-22,Completed,PayPal,7.06
6311,582,2024-03-29,Completed,Cash on Delivery,7.78
6312,2249,2024-09-14,Completed,Mobile Money,10.62
6313,501,2025-10-03,Completed,Bank Transfer,14.73
6314,1984,2024-04-02,Completed,Card,19.76
6315,1780,2025-09-28,Completed,Card,24.9
6316,1753,2025-03-09,Completed,Card,5.53
6317,644,2025-07-02,Completed,Bank Transfer,11.62
6318,582,2024-07-13,Cancelled,PayPal,15.11
6319,203,2024-12-12,Completed,PayPal,16.92
6320,405,2025-09-14,Completed,Card,18.86
6321,21,2024-03-21,Completed,Card,10.41
6322,217,2025-05-24,Completed,Card,13.01
6323,1318,2025-06-19,Completed,Card,22.19
6324,635,2024-12-02,Completed,Mobile Money,8.99
6325,560,2025-10-23,Completed,Bank Transfer,9.39
6326,477,2025-04-11,Completed,Card,11.53
6327,1815,2025-03-04,Completed,Bank Transfer,11.63
6328,2041,2025-10-06,Completed,Card,8.87
6329,2443,2024-09-13,Completed,PayPal,11.89
6330,1243,2024-10-03,Completed,PayPal,7.59
6331,1312,2025-07-28,Completed,PayPal,19.39
6332,2318,2024-01-15,Completed,Bank Transfer,19.78
6333,1399,2024-11-01,Completed,Card,22.8
6334,1628,2024-03-03,Completed,Cash on Delivery,13.36
6335,1475,2025-12-31,Returned,Cash on Delivery,20.05
6336,2281,2024-12-01,Completed,Card,7.91
6337,875,2024-09-18,Completed,Card,11.96
6338,1538,2025-08-26,Completed,Bank Transfer,14.63
6339,1623,2024-04-08,Completed,PayPal,14.78
6340,2178,2025-06-13,Completed,Bank Transfer,2.9
6341,1931,2024-02-21,Completed,PayPal,9.78
6342,1982,2024-12-26,Completed,Bank Transfer,19.31
6343,748,2024-11-03,Completed,Card,13.71
6344,1284,2025-04-02,Returned,Mobile Money,18.13
6345,2003,2025-08-11,Completed,Bank Transfer,21.14
6346,1177,2024-02-03,Completed,Card,5.62
6347,1143,2025-02-10,Completed,Bank Transfer,15.47
6348,538,2024-05-10,Completed,Card,12.82
6349,740,2025-01-13,Completed,Card,14.22
6350,128,2024-06-10,Completed,Mobile Money,20.39
6351,548,2024-02-03,Cancelled,Card,18.87
6352,312,2025-12-13,Completed,Mobile Money,6.07
6353,527,2024-01-16,Completed,Card,24.09
6354,2061,2024-10-27,Completed,Bank Transfer,24.95
6355,2465,2025-06-24,Completed,Mobile Money,13.34
6356,1619,2024-03-23,Completed,Bank Transfer,16.93
6357,82,2024-09-27,Completed,Card,14.81
6358,1150,2024-07-28,Completed,PayPal,14.18
6359,425,2024-03-28,Completed,PayPal,20.69
6360,1885,2024-01-31,Completed,Card,6.87
6361,2033,2025-07-15,Completed,Card,11.52
6362,2284,2025-07-12,Completed,Card,8.89
6363,214,2025-12-14,Completed,Card,12.23
6364,1170,2024-03-19,Completed,Cash on Delivery,5.57
6365,1154,2025-11-08,Completed,Mobile Money,22.34
6366,2344,2024-03-16,Completed,Card,9.43
6367,926,2024-10-31,Completed,PayPal,22.53
6368,2349,2025-12-19,Completed,PayPal,17.31
6369,726,2024-05-01,Completed,PayPal,18.39
6370,1678,2025-05-20,Completed,Mobile Money,8.42
6371,1626,2025-03-27,Cancelled,Card,24.31
6372,773,2024-02-25,Completed,Card,11.84
6373,1133,2024-06-30,Completed,Card,17.57
6374,280,2025-10-11,Completed,Card,22.37
6375,2074,2025-07-20,Completed,Card,19.87
6376,2267,2024-10-26,Completed,Bank Transfer,3.67
6377,313,2024-11-08,Completed,Card,23.45
6378,1196,2024-05-19,Completed,PayPal,18.59
6379,1746,2025-12-17,Completed,Card,10.41
6380,1352,2025-12-14,Completed,Mobile Money,3.44
6381,339,2025-11-27,Completed,Mobile Money,11.9
6382,1206,2025-04-22,Completed,Cash on Delivery,14.17
6383,1387,2024-02-14,Completed,Card,5.15
6384,241,2025-11-27,Completed,Bank Transfer,19.42
6385,730,2024-04-18,Completed,Card,4.82
6386,1624,2025-09-06,Completed,Mobile Money,21.19
6387,518,2025-05-03,Cancelled,Card,7.11
6388,2164,2025-10-21,Completed,PayPal,7.83
6389,230,2025-06-29,Completed,Card,9.43
6390,603,2024-05-02,Completed,Mobile Money,12.43
6391,1493,2025-12-09,Completed,Card,6.6
6392,1178,2024-11-29,Completed,Cash on Delivery,11.43
6393,802,2024-01-13,Completed,Cash on Delivery,14.04
6394,445,2025-11-13,Completed,Mobile Money,12.93
6395,880,2024-09-04,Completed,Card,22.79
6396,2033,2024-10-04,Completed,Mobile Money,18.56
6397,944,2024-10-13,Completed,Card,21.89
6398,2470,2024-08-11,Completed,PayPal,19.43
6399,1329,2025-02-17,Completed,Bank Transfer,15.93
6400,1475,2025-04-29,Completed,PayPal,6.85
6401,1313,2024-08-29,Returned,Mobile Money,9.75
6402,1325,2025-08-28,Completed,Bank Transfer,8.57
6403,130,2025-06-11,Completed,PayPal,18.34
6404,338,2024-11-18,Completed,Bank Transfer,4.67
6405,1551,2024-02-16,Completed,Cash on Delivery,22.88
6406,857,2025-10-28,Completed,Card,7.46
6407,1248,2024-11-17,Completed,Mobile Money,15.98
6408,967,2024-09-08,Completed,Cash on Delivery,18.53
6409,792,2024-09-25,Completed,Bank Transfer,12.99
6410,414,2025-07-13,Completed,PayPal,8.09
6411,1952,2024-09-02,Completed,Bank Transfer,10.72
6412,1367,2024-03-12,Completed,Mobile Money,20.67
6413,847,2025-05-18,Completed,Card,7.96
6414,827,2025-02-12,Completed,Card,24.82
6415,185,2024-10-31,Completed,Bank Transfer,6.9
6416,673,2025-10-25,Completed,Card,9.35
6417,297,2024-03-12,Completed,Card,14.73
6418,1741,2024-08-18,Completed,PayPal,5.72
6419,1216,2024-01-15,Completed,Mobile Money,9.55
6420,2151,2024-07-11,Completed,Bank Transfer,6.17
6421,2041,2025-04-24,Completed,Card,16.07
6422,2063,2025-05-07,Completed,Bank Transfer,22.48
6423,24,2025-08-07,Completed,PayPal,11.61
6424,2488,2024-06-04,Completed,Bank Transfer,10.1
6425,2153,2024-09-17,Completed,Bank Transfer,11.07
6426,364,2024-05-23,Completed,Card,8.29
6427,252,2024-03-07,Completed,Card,9.94
6428,1483,2024-08-08,Completed,Card,23.71
6429,1190,2024-02-21,Completed,Bank Transfer,9.02
6430,1289,2025-10-01,Completed,Card,8.48
6431,1171,2025-08-07,Completed,Cash on Delivery,8.21
6432,1871,2025-08-08,Completed,PayPal,18.56
6433,787,2025-08-13,Completed,Card,18.9
6434,2045,2024-11-09,Returned,Bank Transfer,3.8
6435,843,2024-10-20,Completed,Mobile Money,24.28
6436,2337,2025-01-31,Completed,Card,21.18
6437,2297,2024-10-22,Completed,Mobile Money,7.65
6438,2121,2024-08-30,Completed,Mobile Money,21.85
6439,1869,2025-05-05,Completed,PayPal,23.36
6440,1150,2025-06-18,Completed,Card,19.11
6441,504,2025-06-22,Completed,Card,19.46
6442,2123,2024-02-15,Returned,Mobile Money,2.78
6443,2234,2025-02-01,Completed,Card,7.75
6444,1151,2024-08-10,Completed,Card,9.37
6445,630,2025-04-19,Completed,Cash on Delivery,20.56
6446,2256,2025-04-25,Completed,Bank Transfer,14.38
6447,1836,2024-10-04,Completed,PayPal,2.83
6448,2473,2025-11-01,Completed,Bank Transfer,22.62
6449,687,2025-09-04,Completed,Mobile Money,6.31
6450,1684,2025-11-01,Completed,Card,2.56
6451,447,2025-05-08,Completed,Card,19.63
6452,659,2025-06-11,Completed,Mobile Money,11.43
6453,1821,2025-06-11,Completed,Card,22.63
6454,138,2025-10-05,Completed,Card,24.16
6455,49,2025-02-16,Completed,Card,8.28
6456,2168,2024-05-10,Completed,PayPal,5.58
6457,813,2024-01-08,Completed,Mobile Money,3.35
6458,221,2024-03-31,Completed,Card,8.85
6459,228,2024-07-06,Completed,Bank Transfer,14.68
6460,410,2024-01-12,Completed,Bank Transfer,22.07
6461,2332,2024-07-11,Completed,Bank Transfer,18.31
6462,2083,2025-06-25,Completed,Card,17.06
6463,2429,2024-03-04,Completed,Card,5.96
6464,53,2024-05-23,Completed,Bank Transfer,10.98
6465,890,2024-01-31,Completed,Card,18.01
6466,261,2024-04-26,Completed,Card,15.52
6467,1638,2025-11-28,Completed,Card,8.74
6468,955,2024-05-07,Completed,Card,13.91
6469,1825,2024-10-05,Completed,Cash on Delivery,16.33
6470,997,2024-04-24,Completed,PayPal,18.13
6471,1810,2025-10-05,Completed,Cash on Delivery,9.1
6472,2106,2024-08-15,Completed,Card,3.93
6473,1123,2025-03-11,Completed,Card,2.6
6474,1359,2024-02-19,Completed,Card,9.3
6475,2034,2024-07-24,Completed,Bank Transfer,11.23
6476,1242,2025-08-31,Completed,Bank Transfer,13.43
6477,1535,2025-05-31,Completed,Bank Transfer,8.8
6478,1490,2024-01-09,Completed,Mobile Money,3.91
6479,2281,2024-10-22,Completed,Cash on Delivery,17.98
6480,2282,2024-12-02,Completed,Bank Transfer,4.99
6481,2093,2024-01-17,Completed,Card,3.27
6482,1071,2025-04-19,Returned,Card,24.1
6483,1164,2025-01-28,Completed,Mobile Money,22.86
6484,1042,2025-07-28,Completed,PayPal,24.45
6485,695,2025-04-20,Completed,Card,21.47
6486,2475,2025-02-01,Completed,Card,9.63
6487,102,2024-08-28,Completed,Card,15.95
6488,1202,2025-12-13,Completed,Bank Transfer,13.78
6489,253,2025-12-18,Completed,Cash on Delivery,11.8
6490,946,2025-11-01,Completed,Mobile Money,13.8
6491,491,2025-12-01,Cancelled,Mobile Money,24.29
6492,2226,2025-04-21,Completed,Mobile Money,4.91
6493,1310,2024-08-03,Completed,Card,17.88
6494,2475,2024-10-29,Completed,Mobile Money,20.75
6495,1324,2025-05-27,Returned,Card,22.08
6496,1385,2025-10-31,Completed,Bank Transfer,19.76
6497,2252,2024-09-17,Cancelled,Mobile Money,14.34
6498,2472,2024-10-29,Cancelled,Cash on Delivery,14.43
6499,1267,2025-08-12,Completed,Mobile Money,10.12
6500,2091,2024-06-23,Completed,Cash on Delivery,22.58
6501,1448,2024-10-30,Completed,Card,5.85
6502,194,2025-01-28,Cancelled,Card,9.29
6503,72,2024-09-20,Completed,Card,20.39
6504,1947,2024-04-09,Completed,Mobile Money,9.47
6505,2062,2025-11-15,Completed,Card,11.89
6506,1693,2024-10-14,Completed,Card,14.0
6507,756,2024-10-09,Completed,PayPal,16.82
6508,2226,2024-07-05,Completed,Cash on Delivery,17.81
6509,2104,2025-07-04,Completed,Card,17.06
6510,1956,2024-04-06,Completed,Bank Transfer,3.81
6511,2329,2024-09-12,Completed,Bank Transfer,3.84
6512,1067,2024-01-14,Completed,Mobile Money,7.78
6513,586,2024-10-18,Completed,Bank Transfer,18.82
6514,1173,2025-10-16,Completed,PayPal,20.37
6515,1552,2025-06-07,Completed,Card,10.33
6516,1140,2025-03-24,Completed,Mobile Money,24.07
6517,1817,2025-12-19,Completed,Cash on Delivery,18.36
6518,2122,2025-08-16,Cancelled,Bank Transfer,20.42
6519,1117,2025-07-20,Completed,Card,13.11
6520,1773,2024-10-28,Completed,Card,23.09
6521,1044,2024-07-20,Completed,Mobile Money,11.46
6522,361,2025-05-29,Completed,Mobile Money,3.95
6523,546,2024-09-07,Completed,Card,21.12
6524,1018,2025-04-09,Completed,Card,24.79
6525,188,2024-04-19,Cancelled,PayPal,23.45
6526,118,2025-01-27,Completed,Card,7.89
6527,2475,2024-07-01,Completed,Mobile Money,19.63
6528,2465,2025-05-05,Completed,Mobile Money,10.7
6529,894,2025-04-25,Completed,PayPal,4.85
6530,2235,2024-07-28,Completed,PayPal,4.02
6531,223,2025-07-23,Completed,Card,10.1
6532,972,2024-08-13,Completed,Bank Transfer,20.63
6533,1322,2024-10-10,Completed,PayPal,5.3
6534,1925,2025-10-02,Completed,Card,19.62
6535,204,2024-06-04,Completed,Card,16.6
6536,1383,2024-06-23,Cancelled,Card,14.1
6537,462,2024-02-29,Completed,Card,10.59
6538,1901,2024-12-28,Completed,Mobile Money,18.01
6539,1464,2025-07-03,Completed,Card,8.81
6540,245,2025-05-04,Completed,Card,15.32
6541,1176,2024-03-11,Completed,PayPal,19.87
6542,1434,2025-08-02,Completed,Bank Transfer,19.84
6543,2369,2025-04-09,Completed,Bank Transfer,6.02
6544,1720,2025-04-03,Completed,Card,11.13
6545,2267,2024-03-25,Completed,PayPal,15.95
6546,2230,2025-06-24,Completed,Card,18.17
6547,1907,2025-04-16,Completed,Card,3.9
6548,1653,2024-01-29,Completed,Mobile Money,16.61
6549,1242,2024-05-13,Completed,Card,23.11
6550,1105,2024-05-07,Completed,Card,4.15
6551,1559,2025-12-03,Completed,Card,3.28
6552,884,2025-07-23,Completed,Card,15.0
6553,663,2024-08-25,Completed,Cash on Delivery,8.27
6554,677,2024-01-18,Completed,Card,8.64
6555,1341,2024-03-01,Completed,Card,17.15
6556,2315,2025-07-18,Completed,Cash on Delivery,2.92
6557,2193,2025-06-14,Completed,Card,13.31
6558,860,2025-03-15,Completed,Card,5.38
6559,1801,2025-11-24,Completed,PayPal,20.97
6560,2091,2024-05-02,Completed,Card,21.5
6561,1174,2024-06-29,Completed,Card,6.01
6562,1993,2024-05-29,Completed,Card,15.54
6563,400,2024-02-13,Returned,Card,6.74
6564,635,2024-07-28,Completed,Bank Transfer,19.02
6565,454,2024-07-01,Completed,Cash on Delivery,17.42
6566,1545,2024-09-16,Completed,PayPal,3.21
6567,598,2024-06-21,Returned,Bank Transfer,15.93
6568,1639,2025-08-17,Completed,Card,18.21
6569,602,2025-01-10,Completed,Card,14.18
6570,859,2025-09-16,Completed,Cash on Delivery,5.31
6571,2149,2024-05-29,Completed,Cash on Delivery,16.55
6572,286,2024-07-25,Completed,Card,22.82
6573,35,2024-11-29,Completed,Bank Transfer,14.7
6574,686,2024-05-18,Completed,Cash on Delivery,17.72
6575,1202,2024-10-01,Completed,Bank Transfer,15.72
6576,736,2024-10-14,Completed,Card,10.83
6577,1232,2024-07-26,Completed,Card,3.06
6578,969,2024-06-02,Completed,Card,3.44
6579,859,2024-08-16,Completed,Card,21.51
6580,2459,2025-09-27,Completed,Card,20.72
6581,1368,2025-07-14,Completed,Mobile Money,3.07
6582,197,2024-06-14,Returned,Card,12.66
6583,2119,2025-12-18,Completed,Mobile Money,19.62
6584,831,2024-08-23,Completed,Card,22.64
6585,2015,2025-05-25,Cancelled,Card,15.3
6586,1551,2025-02-12,Completed,Card,8.25
6587,1475,2024-03-13,Completed,Bank Transfer,17.41
6588,1652,2024-04-03,Completed,Mobile Money,23.64
6589,734,2025-09-22,Completed,Cash on Delivery,20.12
6590,2361,2024-09-11,Completed,Cash on Delivery,6.48
6591,571,2024-01-15,Completed,Mobile Money,12.42
6592,2222,2025-02-23,Completed,Card,24.96
6593,612,2024-01-31,Completed,Card,11.53
6594,1762,2024-10-29,Completed,Cash on Delivery,21.7
6595,396,2024-01-04,Completed,Card,9.37
6596,1930,2024-11-24,Completed,Bank Transfer,9.83
6597,359,2025-02-01,Completed,Card,13.64
6598,688,2024-02-08,Completed,Card,15.1
6599,1776,2025-04-06,Completed,Cash on Delivery,7.22
6600,1604,2024-08-25,Completed,Bank Transfer,10.28
6601,1332,2024-06-08,Completed,Bank Transfer,23.33
6602,2,2025-04-20,Completed,Card,20.22
6603,2127,2024-08-30,Completed,Mobile Money,7.8
6604,901,2024-11-09,Completed,Bank Transfer,23.91
6605,2104,2024-02-13,Completed,PayPal,23.15
6606,687,2025-07-21,Completed,Card,6.69
6607,1204,2024-05-11,Completed,Card,11.65
6608,1010,2024-03-04,Completed,Card,9.36
6609,1043,2025-09-12,Completed,Card,19.36
6610,1719,2025-05-02,Completed,PayPal,13.45
6611,198,2024-06-21,Cancelled,Card,4.4
6612,602,2024-12-02,Completed,Card,24.68
6613,2089,2024-01-29,Completed,Card,16.75
6614,1332,2025-12-09,Completed,PayPal,3.55
6615,1701,2025-02-11,Completed,Bank Transfer,5.42
6616,491,2024-07-15,Completed,Bank Transfer,22.83
6617,725,2025-06-16,Completed,Mobile Money,12.12
6618,1896,2024-06-30,Completed,Cash on Delivery,14.12
6619,1501,2024-02-03,Completed,Card,6.69
6620,892,2025-02-03,Completed,Mobile Money,21.58
6621,204,2024-06-23,Completed,Card,16.08
6622,2246,2025-09-07,Completed,Mobile Money,8.38
6623,1646,2024-04-13,Completed,Mobile Money,15.56
6624,2039,2024-01-25,Completed,Bank Transfer,21.63
6625,962,2025-07-08,Completed,Bank Transfer,5.57
6626,60,2024-07-17,Completed,Card,3.66
6627,2230,2024-08-22,Completed,Card,17.83
6628,123,2025-09-28,Completed,Bank Transfer,7.34
6629,2153,2024-12-05,Completed,Card,5.5
6630,1332,2025-01-16,Completed,Bank Transfer,22.26
6631,1325,2025-05-24,Completed,Cash on Delivery,3.69
6632,860,2025-03-25,Completed,Mobile Money,24.52
6633,1899,2025-12-13,Returned,Card,13.45
6634,793,2024-12-23,Cancelled,Mobile Money,5.72
6635,464,2025-01-24,Completed,PayPal,15.16
6636,434,2024-10-20,Completed,Mobile Money,5.0
6637,160,2024-12-21,Completed,Card,13.49
6638,2104,2024-05-29,Completed,Card,12.41
6639,955,2025-04-05,Completed,Mobile Money,21.04
6640,625,2024-08-23,Completed,Card,22.74
6641,2030,2024-02-13,Completed,PayPal,21.06
6642,886,2025-02-22,Completed,Bank Transfer,14.97
6643,2273,2025-07-09,Completed,Mobile Money,13.45
6644,1354,2025-03-16,Completed,PayPal,12.77
6645,1302,2025-04-03,Completed,PayPal,9.18
6646,2403,2024-06-15,Completed,Card,3.06
6647,1958,2024-02-28,Completed,Mobile Money,18.16
6648,1942,2024-05-28,Completed,Bank Transfer,4.6
6649,327,2025-12-13,Completed,Card,15.83
6650,756,2024-04-21,Completed,Card,11.47
6651,1385,2024-01-16,Completed,Cash on Delivery,14.1
6652,139,2025-10-06,Completed,Card,24.35
6653,2195,2024-09-06,Completed,Card,12.17
6654,384,2025-09-15,Completed,PayPal,23.46
6655,1727,2024-09-30,Completed,Mobile Money,8.51
6656,247,2025-01-13,Completed,Card,2.88
6657,1636,2025-03-17,Completed,Card,5.11
6658,933,2025-07-18,Completed,Mobile Money,16.83
6659,480,2025-03-01,Completed,Card,19.87
6660,2101,2025-01-25,Completed,Card,19.24
6661,870,2025-09-16,Completed,Card,15.95
6662,921,2024-12-29,Completed,Mobile Money,5.31
6663,60,2024-07-09,Completed,Bank Transfer,21.57
6664,161,2025-07-26,Completed,Bank Transfer,9.98
6665,1746,2025-01-03,Completed,Card,12.01
6666,2121,2025-10-22,Cancelled,Card,9.01
6667,271,2025-05-13,Cancelled,Cash on Delivery,4.64
6668,2006,2024-07-05,Completed,Bank Transfer,11.0
6669,1899,2025-01-05,Completed,PayPal,19.87
6670,1265,2025-11-02,Cancelled,Bank Transfer,5.86
6671,182,2024-05-23,Cancelled,Bank Transfer,17.39
6672,2444,2024-11-10,Completed,Card,4.83
6673,969,2025-06-30,Cancelled,Card,17.99
6674,1658,2024-02-08,Completed,Cash on Delivery,3.64
6675,508,2024-06-19,Completed,Bank Transfer,13.43
6676,382,2025-10-24,Completed,PayPal,3.52
6677,944,2025-08-11,Completed,PayPal,4.05
6678,60,2025-02-11,Completed,Bank Transfer,16.4
6679,2331,2025-01-06,Completed,Cash on Delivery,9.39
6680,1715,2024-07-26,Completed,Bank Transfer,9.72
6681,1861,2025-07-14,Completed,Mobile Money,16.77
6682,1784,2025-08-30,Completed,Mobile Money,13.7
6683,317,2024-06-02,Returned,PayPal,7.19
6684,2083,2024-12-03,Completed,Card,24.33
6685,1475,2024-03-01,Completed,Bank Transfer,19.11
6686,1265,2024-01-17,Completed,Card,24.37
6687,1867,2025-12-19,Completed,Bank Transfer,23.95
6688,846,2025-09-02,Completed,Cash on Delivery,15.06
6689,306,2024-04-13,Completed,Bank Transfer,7.25
6690,2403,2024-03-25,Completed,Card,5.25
6691,641,2024-03-31,Completed,Bank Transfer,16.29
6692,2284,2025-01-29,Completed,Card,7.72
6693,209,2024-06-11,Completed,Cash on Delivery,17.7
6694,363,2024-03-14,Completed,Bank Transfer,23.85
6695,350,2024-07-08,Completed,Bank Transfer,20.97
6696,1614,2025-11-15,Completed,Card,13.98
6697,748,2024-09-05,Completed,Card,13.77
6698,1277,2025-11-15,Completed,Mobile Money,5.15
6699,2417,2024-03-31,Completed,Card,21.7
6700,1190,2024-10-04,Completed,Card,11.47
6701,664,2025-03-14,Completed,Card,4.91
6702,1907,2025-03-19,Completed,Card,18.88
6703,823,2025-07-06,Completed,Card,8.69
6704,779,2025-10-21,Completed,PayPal,6.28
6705,899,2025-08-27,Completed,Bank Transfer,7.57
6706,1053,2025-11-14,Completed,Cash on Delivery,4.42
6707,2136,2024-03-13,Completed,Card,18.65
6708,1153,2024-11-10,Completed,PayPal,15.4
6709,1346,2025-06-23,Completed,Cash on Delivery,23.22
6710,975,2025-10-02,Completed,Card,23.16
6711,1958,2025-12-01,Completed,Mobile Money,19.13
6712,2167,2024-10-12,Completed,Cash on Delivery,22.77
6713,677,2024-04-16,Completed,Card,16.01
6714,1758,2024-02-18,Completed,Cash on Delivery,17.39
6715,2246,2025-05-03,Completed,Bank Transfer,15.66
6716,1940,2025-01-12,Completed,Mobile Money,7.51
6717,1640,2024-09-03,Completed,Card,18.63
6718,332,2024-10-18,Completed,Cash on Delivery,21.5
6719,546,2025-02-11,Completed,PayPal,7.33
6720,1707,2024-06-08,Completed,Mobile Money,16.46
6721,482,2025-01-24,Completed,Card,3.84
6722,549,2024-08-09,Completed,Bank Transfer,21.03
6723,2316,2025-02-04,Completed,Card,13.18
6724,571,2024-04-02,Completed,PayPal,21.51
6725,1415,2024-03-25,Completed,Bank Transfer,4.11
6726,599,2024-09-22,Cancelled,Card,21.6
6727,595,2024-04-16,Completed,Bank Transfer,24.69
6728,445,2024-02-27,Completed,Mobile Money,20.1
6729,891,2025-03-05,Completed,Bank Transfer,9.36
6730,989,2025-07-13,Completed,Mobile Money,8.55
6731,1594,2025-09-23,Completed,Card,22.01
6732,2240,2025-06-28,Completed,PayPal,3.11
6733,2022,2025-01-22,Completed,Bank Transfer,5.83
6734,657,2024-02-26,Completed,Bank Transfer,18.44
6735,2238,2025-09-06,Completed,PayPal,4.08
6736,1673,2024-02-03,Completed,PayPal,24.22
6737,1322,2025-06-16,Completed,Bank Transfer,12.38
6738,1369,2025-02-14,Completed,Card,17.74
6739,176,2025-03-30,Completed,Bank Transfer,17.38
6740,1626,2025-06-18,Completed,Cash on Delivery,10.72
6741,2102,2025-07-04,Completed,Card,9.82
6742,2130,2024-04-20,Completed,Bank Transfer,6.93
6743,971,2024-03-04,Completed,PayPal,17.32
6744,281,2024-09-29,Completed,Card,18.71
6745,888,2025-11-16,Completed,Card,5.68
6746,2066,2024-09-26,Completed,Cash on Delivery,8.05
6747,1247,2024-08-17,Completed,Cash on Delivery,7.06
6748,951,2024-12-18,Completed,Card,23.95
6749,29,2025-10-25,Completed,Bank Transfer,22.39
6750,2323,2024-03-21,Completed,Card,8.66
6751,2184,2024-12-18,Completed,Bank Transfer,4.69
6752,575,2024-09-07,Completed,Card,23.23
6753,1147,2025-11-08,Completed,Mobile Money,14.63
6754,1230,2025-02-01,Completed,Card,23.23
6755,246,2025-08-20,Completed,Card,18.31
6756,394,2024-05-15,Completed,Bank Transfer,7.95
6757,924,2025-08-24,Completed,Bank Transfer,12.86
6758,2159,2024-05-01,Completed,Card,12.01
6759,250,2025-04-10,Cancelled,Card,17.87
6760,1290,2025-02-11,Completed,Card,3.2
6761,1588,2024-11-06,Completed,PayPal,3.03
6762,2255,2024-07-22,Completed,Bank Transfer,2.71
6763,2493,2024-04-04,Completed,Card,24.03
6764,71,2025-10-28,Completed,Mobile Money,14.4
6765,288,2025-07-21,Completed,Mobile Money,7.94
6766,2479,2025-12-22,Completed,Mobile Money,19.72
6767,253,2025-09-23,Completed,Bank Transfer,12.87
6768,2234,2025-01-21,Completed,Card,3.42
6769,1906,2024-12-27,Completed,Card,6.72
6770,1307,2025-08-11,Completed,Card,19.7
6771,173,2025-08-15,Completed,Cash on Delivery,3.52
6772,1202,2025-09-24,Returned,PayPal,9.77
6773,541,2025-04-15,Completed,Bank Transfer,3.89
6774,1310,2025-07-20,Completed,Card,10.56
6775,2084,2025-06-03,Completed,Card,17.67
6776,130,2025-05-23,Cancelled,Mobile Money,8.76
6777,1028,2024-03-15,Completed,Card,6.9
6778,267,2024-02-15,Returned,Card,16.2
6779,1124,2025-12-15,Completed,Mobile Money,24.91
6780,254,2025-11-20,Completed,Bank Transfer,19.55
6781,1859,2024-02-22,Completed,Mobile Money,11.54
6782,695,2024-12-12,Completed,Cash on Delivery,11.5
6783,280,2024-12-30,Cancelled,Bank Transfer,10.53
6784,1039,2024-06-20,Completed,Cash on Delivery,20.84
6785,883,2025-02-19,Completed,PayPal,15.17
6786,1486,2025-09-20,Completed,Card,18.38
6787,697,2024-12-30,Completed,Bank Transfer,16.11
6788,1661,2024-11-05,Completed,Mobile Money,11.35
6789,5,2025-04-24,Completed,PayPal,11.45
6790,654,2024-11-24,Completed,PayPal,14.25
6791,2404,2025-09-18,Returned,Mobile Money,20.78
6792,2405,2024-09-07,Completed,Card,15.24
6793,61,2024-02-11,Completed,Card,19.43
6794,441,2024-06-24,Completed,Cash on Delivery,17.81
6795,1623,2025-10-02,Completed,Mobile Money,7.33
6796,305,2025-11-01,Completed,Card,22.53
6797,1661,2025-09-22,Completed,Cash on Delivery,17.84
6798,659,2025-08-14,Completed,Mobile Money,14.49
6799,802,2024-11-17,Completed,Bank Transfer,21.56
6800,2272,2025-06-11,Completed,Card,4.92
6801,464,2025-10-18,Completed,Mobile Money,5.18
6802,1167,2024-07-23,Completed,Card,10.26
6803,1638,2025-04-18,Completed,Card,18.36
6804,731,2025-06-06,Completed,Mobile Money,3.57
6805,959,2024-07-06,Cancelled,Bank Transfer,9.56
6806,2120,2024-08-07,Completed,Card,11.36
6807,2337,2025-05-27,Completed,Bank Transfer,22.48
6808,578,2025-05-18,Completed,Bank Transfer,7.27
6809,726,2024-03-25,Completed,Card,2.88
6810,1394,2024-04-08,Completed,Card,24.19
6811,983,2024-06-06,Completed,Card,11.65
6812,2186,2024-02-26,Completed,Card,20.51
6813,1961,2024-12-30,Completed,Card,18.7
6814,634,2025-01-09,Completed,PayPal,16.74
6815,1276,2025-10-23,Completed,Card,4.51
6816,1941,2025-06-10,Completed,Bank Transfer,9.3
6817,2238,2025-03-02,Completed,Cash on Delivery,17.39
6818,107,2024-07-17,Completed,Card,2.51
6819,2452,2024-08-17,Completed,Mobile Money,7.64
6820,1644,2025-12-21,Completed,Cash on Delivery,7.57
6821,726,2025-07-15,Completed,Card,14.36
6822,901,2025-02-21,Completed,Cash on Delivery,11.78
6823,1328,2025-03-21,Completed,Card,21.17
6824,1691,2024-03-19,Cancelled,PayPal,19.96
6825,610,2024-05-26,Returned,Cash on Delivery,21.01
6826,641,2024-11-05,Returned,Card,6.58
6827,1948,2024-04-03,Completed,Bank Transfer,5.83
6828,223,2024-09-28,Completed,Bank Transfer,12.45
6829,1409,2025-09-23,Completed,PayPal,16.91
6830,1699,2024-05-19,Completed,Bank Transfer,16.22
6831,2392,2024-10-07,Completed,Bank Transfer,23.04
6832,1552,2024-10-17,Completed,Bank Transfer,21.26
6833,380,2025-11-10,Completed,PayPal,9.7
6834,1198,2024-11-24,Completed,Mobile Money,17.15
6835,2484,2024-01-28,Completed,Bank Transfer,17.39
6836,1555,2024-08-23,Completed,PayPal,17.45
6837,356,2025-02-17,Completed,Bank Transfer,18.22
6838,2169,2025-11-11,Completed,Card,23.03
6839,866,2024-10-19,Completed,Cash on Delivery,3.13
6840,2359,2025-08-17,Completed,Mobile Money,8.52
6841,2113,2025-11-25,Completed,Bank Transfer,12.83
6842,1246,2024-07-24,Completed,Bank Transfer,4.29
6843,30,2024-01-09,Completed,Bank Transfer,12.78
6844,1186,2024-01-02,Completed,PayPal,19.13
6845,1475,2024-04-22,Completed,Cash on Delivery,8.84
6846,777,2025-08-17,Completed,Bank Transfer,17.0
6847,332,2025-12-10,Cancelled,Bank Transfer,22.22
6848,1132,2025-07-21,Completed,Mobile Money,23.18
6849,1950,2025-01-14,Completed,Card,4.47
6850,1818,2025-07-16,Completed,Card,11.55
6851,827,2024-01-03,Cancelled,Bank Transfer,16.89
6852,1596,2025-04-23,Completed,Cash on Delivery,16.99
6853,2222,2024-11-24,Completed,Card,22.17
6854,1164,2024-08-23,Completed,Card,18.54
6855,364,2025-04-30,Completed,Card,9.87
6856,517,2024-12-31,Returned,Bank Transfer,17.42
6857,1325,2024-05-12,Completed,PayPal,12.4
6858,1417,2024-02-23,Completed,Card,11.72
6859,2178,2024-06-28,Completed,Cash on Delivery,13.82
6860,1150,2025-05-16,Completed,PayPal,10.53
6861,181,2024-04-17,Completed,Card,18.2
6862,1877,2025-02-16,Completed,Cash on Delivery,11.8
6863,1044,2024-01-19,Completed,Card,18.53
6864,297,2025-02-14,Completed,Card,19.53
6865,1827,2025-01-18,Completed,Card,20.33
6866,798,2025-01-26,Completed,Bank Transfer,11.95
6867,678,2024-03-16,Completed,Bank Transfer,19.43
6868,1136,2024-08-31,Completed,Bank Transfer,9.82
6869,1552,2024-11-01,Completed,Cash on Delivery,14.41
6870,2375,2025-02-13,Completed,Mobile Money,15.0
6871,884,2025-07-23,Completed,Mobile Money,7.89
6872,1011,2025-08-26,Completed,Card,8.1
6873,1881,2025-01-08,Completed,Bank Transfer,13.05
6874,1745,2025-06-11,Completed,Card,23.96
6875,481,2024-05-22,Completed,Bank Transfer,17.74
6876,1576,2025-10-19,Completed,Card,8.73
6877,1608,2025-11-10,Completed,Bank Transfer,19.27
6878,297,2025-12-05,Completed,Cash on Delivery,4.01
6879,772,2025-01-12,Completed,Bank Transfer,11.88
6880,767,2025-08-01,Completed,Card,19.52
6881,871,2024-03-18,Completed,Card,18.31
6882,65,2024-12-13,Completed,Bank Transfer,17.36
6883,345,2024-05-25,Completed,Bank Transfer,7.82
6884,1377,2025-07-24,Completed,Mobile Money,22.71
6885,826,2025-07-16,Completed,Card,7.04
6886,668,2025-08-06,Completed,PayPal,24.86
6887,1435,2025-11-13,Completed,Mobile Money,16.75
6888,1129,2024-10-03,Completed,Mobile Money,7.23
6889,460,2025-10-17,Completed,Bank Transfer,17.91
6890,655,2024-10-06,Completed,Mobile Money,12.78
6891,354,2024-03-27,Completed,Card,8.7
6892,2425,2024-06-06,Completed,Card,8.25
6893,2399,2025-07-22,Completed,Mobile Money,18.15
6894,1786,2025-06-30,Cancelled,Card,22.14
6895,1736,2024-01-30,Completed,Card,4.28
6896,2195,2025-07-28,Completed,Card,10.1
6897,461,2024-05-30,Completed,Cash on Delivery,18.73
6898,2111,2024-11-26,Completed,Cash on Delivery,17.58
6899,1044,2024-03-04,Completed,Card,17.05
6900,1982,2025-05-11,Completed,PayPal,15.74
6901,160,2025-06-20,Completed,Cash on Delivery,12.42
6902,1149,2025-03-10,Completed,Card,8.61
6903,99,2024-03-21,Completed,Card,7.63
6904,2129,2025-02-01,Completed,Mobile Money,17.09
6905,1140,2025-09-27,Completed,Card,16.57
6906,2164,2024-01-22,Completed,PayPal,12.14
6907,2039,2025-06-02,Completed,Card,4.61
6908,74,2024-12-26,Completed,Bank Transfer,4.81
6909,44,2024-08-19,Completed,Card,7.5
6910,1908,2024-06-21,Completed,Card,9.52
6911,484,2025-04-01,Completed,PayPal,16.67
6912,95,2024-08-29,Returned,Cash on Delivery,24.4
6913,2246,2025-12-01,Completed,Cash on Delivery,15.89
6914,28,2025-05-11,Completed,Cash on Delivery,4.38
6915,2364,2025-07-15,Completed,PayPal,4.58
6916,10,2025-04-23,Completed,Card,7.33
6917,2210,2025-10-06,Completed,Card,2.8
6918,899,2024-03-14,Completed,Bank Transfer,22.41
6919,338,2025-12-24,Completed,Mobile Money,9.27
6920,969,2025-08-17,Completed,Card,4.24
6921,1707,2024-08-18,Completed,Card,14.06
6922,2144,2025-01-06,Completed,Card,19.27
6923,1776,2025-10-15,Completed,Card,17.83
6924,2122,2024-06-28,Cancelled,Card,3.94
6925,1202,2025-01-06,Completed,Card,3.18
6926,1293,2024-11-21,Completed,Card,6.2
6927,984,2025-05-06,Completed,Bank Transfer,8.28
6928,2253,2025-02-14,Completed,Card,18.09
6929,366,2025-06-30,Completed,Bank Transfer,13.47
6930,508,2024-06-08,Completed,Card,22.5
6931,73,2024-03-10,Completed,Card,5.05
6932,1746,2024-10-23,Completed,Card,19.17
6933,840,2024-08-02,Completed,Card,4.95
6934,1147,2025-12-05,Completed,Bank Transfer,15.69
6935,327,2024-03-03,Completed,Card,12.63
6936,1041,2024-06-13,Completed,Card,13.97
6937,569,2025-07-18,Completed,Card,3.53
6938,1157,2025-06-21,Completed,Bank Transfer,16.5
6939,1311,2025-06-06,Completed,Card,11.32
6940,1632,2024-05-14,Completed,Card,15.57
6941,1661,2025-02-09,Completed,PayPal,18.29
6942,468,2024-09-14,Completed,Bank Transfer,24.69
6943,2040,2024-01-06,Completed,Cash on Delivery,3.05
6944,1377,2024-03-13,Completed,Card,7.06
6945,1701,2024-06-24,Completed,Cash on Delivery,23.0
6946,2289,2024-10-08,Completed,PayPal,16.28
6947,1517,2025-07-09,Completed,PayPal,8.04
6948,1304,2025-01-06,Returned,Card,8.89
6949,2444,2024-09-17,Completed,Bank Transfer,23.92
6950,794,2024-05-11,Completed,Cash on Delivery,7.09
6951,2378,2024-06-17,Completed,Card,21.34
6952,1118,2024-03-21,Completed,Card,12.29
6953,1573,2025-11-27,Completed,PayPal,9.14
6954,223,2025-06-16,Returned,Bank Transfer,10.78
6955,694,2025-11-07,Completed,Card,8.85
6956,2480,2025-10-01,Completed,Mobile Money,7.16
6957,1717,2025-01-12,Completed,Cash on Delivery,22.02
6958,857,2025-09-24,Completed,Card,8.03
6959,1022,2025-06-02,Completed,Card,6.59
6960,165,2025-04-24,Completed,Card,21.62
6961,527,2025-01-20,Completed,Card,3.58
6962,2301,2024-12-10,Completed,PayPal,4.07
6963,170,2025-09-28,Completed,Card,23.87
6964,2103,2024-07-16,Completed,Card,10.74
6965,1037,2025-10-28,Cancelled,Card,11.15
6966,395,2025-01-22,Completed,Card,16.65
6967,1343,2025-03-06,Completed,Card,4.61
6968,1534,2024-09-11,Returned,Mobile Money,9.13
6969,368,2024-02-08,Completed,Card,7.36
6970,637,2025-11-08,Completed,Bank Transfer,5.75
6971,1473,2025-09-10,Completed,Bank Transfer,3.26
6972,1371,2025-05-31,Completed,PayPal,23.26
6973,2022,2024-12-16,Completed,Bank Transfer,16.41
6974,2154,2024-01-27,Completed,PayPal,23.96
6975,1083,2025-02-21,Completed,Bank Transfer,3.64
6976,663,2024-02-26,Completed,Card,2.91
6977,1067,2024-06-27,Completed,Mobile Money,14.95
6978,44,2024-10-08,Completed,Card,16.8
6979,508,2025-11-22,Completed,Card,21.86
6980,917,2025-01-02,Completed,Card,20.58
6981,2012,2025-07-17,Completed,Card,19.76
6982,712,2024-03-17,Completed,PayPal,13.79
6983,2167,2025-06-30,Completed,Card,15.79
6984,125,2025-12-08,Completed,Mobile Money,23.98
6985,2267,2025-11-04,Completed,PayPal,7.11
6986,1906,2024-12-22,Completed,Card,12.09
6987,256,2025-06-30,Completed,Card,20.68
6988,2470,2025-01-06,Completed,Card,9.05
6989,1075,2025-07-24,Completed,Mobile Money,4.34
6990,602,2025-11-24,Completed,PayPal,4.11
6991,1899,2024-05-20,Completed,Card,24.89
6992,2114,2024-09-14,Completed,Mobile Money,7.41
6993,1624,2024-03-30,Completed,Card,17.13
6994,1397,2025-01-13,Returned,Bank Transfer,12.31
6995,1528,2024-10-26,Completed,PayPal,14.74
6996,2413,2025-07-07,Completed,Card,4.34
6997,1437,2025-01-05,Completed,PayPal,7.4
6998,2498,2024-09-22,Completed,Card,16.46
6999,623,2024-04-25,Completed,Card,17.17
7000,2263,2025-03-30,Completed,PayPal,21.29
7001,732,2025-06-22,Completed,Card,17.65
7002,1715,2024-06-23,Completed,Card,22.98
7003,271,2025-06-26,Completed,PayPal,9.53
7004,1621,2025-07-22,Completed,Card,23.4
7005,1217,2025-04-16,Completed,Bank Transfer,12.94
7006,74,2025-10-31,Completed,PayPal,24.54
7007,1291,2025-08-06,Completed,PayPal,16.42
7008,2294,2025-05-03,Completed,Bank Transfer,8.41
7009,821,2025-11-20,Completed,Cash on Delivery,15.39
7010,1623,2024-04-02,Cancelled,Bank Transfer,17.57
7011,21,2025-04-22,Completed,Card,12.77
7012,2043,2024-01-14,Completed,Bank Transfer,3.78
7013,1394,2025-03-21,Completed,Mobile Money,2.85
7014,430,2025-08-28,Completed,Card,11.92
7015,132,2025-02-03,Completed,Bank Transfer,15.51
7016,984,2025-12-05,Completed,Card,3.57
7017,522,2025-10-16,Completed,Card,12.47
7018,1379,2025-08-11,Completed,Mobile Money,4.59
7019,1853,2025-01-12,Completed,Bank Transfer,11.03
7020,1577,2025-03-28,Completed,Card,3.55
7021,105,2025-07-07,Returned,Card,19.7
7022,493,2025-08-01,Completed,PayPal,21.19
7023,1744,2024-03-18,Completed,Cash on Delivery,24.72
7024,44,2025-01-05,Completed,Cash on Delivery,5.53
7025,973,2025-01-26,Completed,Card,15.04
7026,1542,2024-06-06,Returned,Card,19.75
7027,2199,2025-01-01,Completed,PayPal,23.2
7028,944,2025-12-01,Completed,Card,4.8
7029,1423,2025-06-11,Completed,Card,22.17
7030,1231,2025-09-12,Completed,Card,6.1
7031,1898,2025-08-25,Completed,Cash on Delivery,10.74
7032,1626,2025-07-28,Completed,Bank Transfer,7.22
7033,2160,2025-10-12,Completed,Mobile Money,24.08
7034,1001,2025-03-04,Completed,Card,19.94
7035,2378,2024-03-23,Completed,Card,16.04
7036,655,2025-08-11,Completed,Cash on Delivery,14.26
7037,671,2025-10-22,Completed,Card,11.85
7038,1816,2025-09-26,Completed,Card,11.23
7039,1708,2025-01-12,Completed,Bank Transfer,6.97
7040,117,2024-01-05,Completed,Bank Transfer,6.45
7041,1065,2025-06-03,Completed,Bank Transfer,5.23
7042,1366,2024-01-04,Completed,Card,2.57
7043,1610,2025-07-28,Completed,Card,8.75
7044,2087,2025-03-12,Completed,Card,24.64
7045,2500,2024-09-07,Completed,Card,15.14
7046,2418,2024-07-07,Completed,Mobile Money,23.04
7047,1320,2025-02-23,Completed,Card,10.04
7048,954,2025-07-16,Completed,Card,9.21
7049,1469,2024-07-08,Completed,Card,11.4
7050,982,2024-08-14,Completed,Mobile Money,4.41
7051,1693,2025-05-31,Completed,Card,21.67
7052,995,2024-07-14,Completed,Mobile Money,5.93
7053,73,2024-08-15,Completed,Card,22.57
7054,830,2024-06-22,Completed,Cash on Delivery,5.97
7055,1031,2024-06-26,Completed,Mobile Money,5.41
7056,203,2025-02-23,Completed,Card,18.45
7057,1424,2024-08-27,Cancelled,Bank Transfer,20.12
7058,2037,2024-05-02,Completed,Card,12.84
7059,158,2025-04-08,Completed,Bank Transfer,12.66
7060,256,2024-01-26,Completed,Card,24.62
7061,1818,2024-04-19,Completed,Card,21.61
7062,856,2025-02-16,Completed,Card,16.64
7063,1382,2024-07-14,Completed,PayPal,10.55
7064,2195,2024-09-23,Completed,Card,16.53
7065,1358,2024-10-05,Completed,Mobile Money,15.82
7066,147,2025-03-16,Completed,Card,2.79
7067,2364,2025-08-31,Completed,Mobile Money,5.84
7068,840,2025-10-10,Completed,Card,2.61
7069,1477,2025-03-23,Completed,Mobile Money,17.57
7070,882,2025-04-02,Returned,PayPal,2.66
7071,1531,2025-09-15,Completed,Card,17.44
7072,1613,2024-01-23,Completed,PayPal,5.6
7073,2294,2024-07-02,Returned,Card,15.99
7074,1311,2024-02-27,Cancelled,Cash on Delivery,10.68
7075,971,2024-10-06,Completed,Card,6.56
7076,833,2024-08-28,Completed,Bank Transfer,4.99
7077,1263,2024-09-17,Completed,Card,16.01
7078,1531,2025-08-07,Completed,Card,12.28
7079,802,2024-09-19,Completed,Bank Transfer,12.13
7080,1016,2025-06-12,Completed,Card,14.43
7081,414,2025-05-17,Completed,Mobile Money,12.39
7082,600,2025-11-14,Completed,Mobile Money,21.18
7083,336,2024-02-28,Completed,Mobile Money,4.0
7084,992,2025-08-18,Completed,Card,20.38
7085,580,2024-06-28,Completed,Mobile Money,8.0
7086,1010,2024-01-07,Completed,Card,19.15
7087,1504,2025-02-27,Completed,Card,14.47
7088,322,2024-04-04,Completed,PayPal,4.91
7089,1661,2025-01-05,Completed,Card,14.84
7090,650,2025-05-11,Completed,Cash on Delivery,12.23
7091,2350,2024-02-28,Completed,Bank Transfer,4.88
7092,940,2025-07-15,Completed,Card,13.91
7093,1804,2024-03-28,Completed,Cash on Delivery,21.9
7094,1450,2024-05-10,Completed,Card,22.05
7095,2308,2025-02-25,Completed,Cash on Delivery,9.57
7096,1332,2025-05-30,Completed,Card,18.31
7097,512,2024-04-18,Cancelled,PayPal,19.85
7098,315,2025-05-24,Completed,Card,10.34
7099,2258,2025-12-18,Completed,Card,20.57
7100,1638,2024-09-19,Completed,Card,17.8
7101,1644,2025-01-05,Completed,Mobile Money,21.16
7102,2105,2025-11-17,Completed,PayPal,14.1
7103,1713,2025-11-11,Completed,Card,12.53
7104,732,2024-11-02,Completed,Bank Transfer,2.88
7105,255,2025-08-22,Completed,Card,17.62
7106,614,2025-10-18,Completed,PayPal,19.1
7107,2218,2024-04-10,Completed,Card,21.9
7108,1469,2025-08-20,Completed,Card,2.59
7109,1240,2025-03-30,Completed,Card,3.77
7110,567,2025-07-20,Completed,Card,17.43
7111,1197,2024-10-17,Completed,Card,22.05
7112,901,2025-02-28,Completed,Bank Transfer,4.62
7113,29,2025-03-17,Completed,PayPal,10.93
7114,2039,2025-09-06,Completed,Mobile Money,5.83
7115,840,2024-04-21,Completed,Card,20.14
7116,1275,2024-03-07,Completed,Bank Transfer,20.99
7117,506,2024-01-27,Returned,Bank Transfer,21.67
7118,959,2024-08-05,Completed,Card,18.15
7119,202,2025-01-31,Completed,Card,12.73
7120,2481,2025-04-10,Completed,Mobile Money,7.7
7121,1682,2024-05-26,Completed,Mobile Money,8.72
7122,1740,2025-04-23,Completed,Mobile Money,22.38
7123,1026,2025-12-02,Completed,Card,2.97
7124,1325,2025-09-02,Completed,Card,22.76
7125,2075,2024-12-11,Completed,Cash on Delivery,8.48
7126,1800,2024-06-30,Cancelled,Card,23.63
7127,436,2025-10-29,Completed,Card,9.71
7128,664,2024-03-21,Completed,Bank Transfer,16.8
7129,437,2024-10-17,Completed,Mobile Money,13.88
7130,1492,2025-12-25,Cancelled,Card,18.85
7131,201,2025-09-28,Completed,Bank Transfer,6.22
7132,245,2024-02-22,Completed,Bank Transfer,7.2
7133,1901,2024-06-17,Completed,Card,8.41
7134,218,2025-09-09,Completed,Card,14.96
7135,2226,2024-11-28,Completed,Mobile Money,10.63
7136,2093,2024-05-23,Completed,PayPal,11.06
7137,2044,2024-11-26,Completed,Bank Transfer,23.99
7138,1620,2024-09-29,Completed,Card,19.54
7139,641,2024-04-27,Completed,Bank Transfer,24.9
7140,1446,2024-05-21,Completed,Mobile Money,9.27
7141,346,2024-11-11,Completed,Card,12.46
7142,350,2024-06-26,Completed,Bank Transfer,18.18
7143,1028,2024-12-04,Completed,Bank Transfer,17.38
7144,997,2024-08-20,Completed,Bank Transfer,7.91
7145,1644,2025-10-01,Completed,Card,8.43
7146,977,2025-07-01,Completed,PayPal,17.95
7147,1430,2024-11-16,Completed,PayPal,8.2
7148,579,2025-02-23,Completed,Card,11.53
7149,498,2024-01-29,Completed,Card,11.18
7150,857,2025-03-19,Completed,Card,2.5
7151,1802,2024-02-11,Completed,Card,24.85
7152,1389,2024-02-12,Completed,Mobile Money,5.84
7153,700,2025-10-16,Completed,Cash on Delivery,8.42
7154,973,2025-04-17,Completed,Card,12.66
7155,1269,2025-03-04,Completed,Card,20.29
7156,1104,2024-09-21,Completed,Card,6.69
7157,1377,2024-01-15,Completed,Mobile Money,16.54
7158,1379,2024-07-20,Completed,PayPal,23.61
7159,1411,2025-05-15,Completed,PayPal,7.34
7160,202,2024-11-02,Completed,Mobile Money,3.34
7161,317,2025-05-20,Completed,Cash on Delivery,24.68
7162,2131,2024-09-05,Completed,Bank Transfer,2.77
7163,1756,2025-09-27,Completed,Bank Transfer,23.38
7164,1033,2024-07-16,Completed,Mobile Money,15.36
7165,1369,2024-08-11,Completed,Mobile Money,7.77
7166,1954,2024-01-03,Completed,Card,5.84
7167,1497,2025-04-22,Completed,Card,7.3
7168,1132,2024-10-13,Completed,Card,19.24
7169,18,2024-12-23,Completed,Bank Transfer,20.36
7170,926,2025-04-11,Completed,Bank Transfer,5.0
7171,519,2025-01-04,Completed,Card,21.75
7172,2054,2024-07-13,Completed,Cash on Delivery,19.93
7173,814,2024-04-20,Cancelled,Mobile Money,13.42
7174,1894,2025-05-29,Completed,PayPal,20.26
7175,1122,2025-09-17,Completed,Bank Transfer,18.25
7176,2348,2025-08-07,Cancelled,Card,18.15
7177,2441,2024-05-13,Completed,Cash on Delivery,8.25
7178,442,2024-08-20,Completed,Card,13.17
7179,2272,2025-09-29,Completed,Card,9.11
7180,1325,2025-08-24,Completed,Cash on Delivery,19.9
7181,1149,2025-07-05,Completed,Card,21.63
7182,1982,2025-07-18,Completed,Card,8.91
7183,731,2024-08-02,Completed,Bank Transfer,16.65
7184,904,2025-09-14,Completed,Card,18.11
7185,2344,2024-10-31,Cancelled,Bank Transfer,21.89
7186,958,2025-04-23,Completed,Card,23.73
7187,1906,2025-09-05,Completed,PayPal,6.32
7188,792,2025-10-17,Completed,Bank Transfer,5.46
7189,2404,2025-09-26,Completed,Card,11.45
7190,1632,2024-03-09,Completed,Mobile Money,18.02
7191,2420,2024-09-26,Completed,PayPal,20.3
7192,899,2024-01-01,Completed,Bank Transfer,10.04
7193,1794,2024-01-02,Completed,Bank Transfer,5.57
7194,2448,2025-11-19,Completed,Bank Transfer,17.05
7195,63,2024-12-27,Completed,PayPal,5.91
7196,1240,2025-07-24,Completed,Cash on Delivery,17.18
7197,740,2025-03-27,Completed,Card,20.98
7198,2409,2025-02-01,Completed,Card,7.39
7199,1415,2024-09-27,Completed,Mobile Money,19.68
7200,976,2024-01-05,Completed,PayPal,14.78
7201,512,2024-05-13,Completed,Mobile Money,6.31
7202,2500,2025-07-15,Completed,Card,13.23
7203,532,2024-12-12,Completed,Mobile Money,15.37
7204,146,2024-04-07,Completed,Cash on Delivery,24.81
7205,1746,2024-02-24,Completed,Cash on Delivery,2.62
7206,2167,2025-07-21,Completed,Card,18.95
7207,2062,2024-04-18,Completed,PayPal,13.24
7208,806,2024-12-20,Completed,Mobile Money,15.24
7209,2272,2024-03-31,Completed,Card,14.6
7210,684,2024-09-15,Completed,Card,8.32
7211,223,2025-07-10,Completed,Bank Transfer,24.76
7212,242,2025-02-18,Completed,Bank Transfer,20.98
7213,54,2024-05-06,Completed,Card,12.97
7214,21,2025-08-31,Completed,Mobile Money,24.1
7215,2209,2025-12-23,Completed,Card,9.79
7216,1305,2024-05-09,Completed,Cash on Delivery,15.89
7217,41,2024-09-02,Completed,Bank Transfer,21.49
7218,961,2025-04-07,Completed,Mobile Money,10.89
7219,340,2024-11-06,Completed,PayPal,18.06
7220,2338,2025-01-17,Completed,Cash on Delivery,12.15
7221,440,2025-11-09,Completed,Card,23.82
7222,1409,2025-12-10,Completed,PayPal,23.18
7223,1081,2025-05-16,Completed,Card,6.92
7224,1637,2024-04-19,Completed,Card,12.55
7225,1081,2024-08-02,Completed,Card,6.17
7226,1732,2025-03-23,Completed,Cash on Delivery,6.02
7227,558,2024-07-16,Completed,Card,5.92
7228,280,2024-12-16,Cancelled,Mobile Money,15.77
7229,654,2024-12-07,Completed,Card,19.91
7230,694,2024-12-26,Completed,Card,21.67
7231,1631,2025-03-24,Completed,PayPal,23.96
7232,745,2024-10-29,Completed,Card,9.02
7233,948,2024-01-17,Completed,PayPal,13.3
7234,1468,2024-01-29,Completed,Cash on Delivery,8.57
7235,360,2025-01-26,Completed,Card,24.88
7236,322,2024-04-03,Completed,Card,7.34
7237,1624,2025-02-05,Completed,Bank Transfer,22.39
7238,427,2024-07-31,Completed,Card,4.54
7239,692,2024-04-23,Completed,Bank Transfer,21.96
7240,1525,2025-09-20,Completed,Card,17.15
7241,2316,2025-03-10,Completed,Card,15.6
7242,802,2024-11-17,Completed,Bank Transfer,22.97
7243,816,2024-12-17,Completed,Mobile Money,24.33
7244,2481,2025-06-24,Completed,Bank Transfer,15.52
7245,1562,2025-11-08,Completed,Bank Transfer,20.63
7246,448,2025-05-05,Returned,Card,8.64
7247,1722,2024-11-12,Cancelled,Card,15.18
7248,2272,2024-02-24,Completed,Mobile Money,14.98
7249,796,2024-12-08,Completed,Cash on Delivery,13.34
7250,2384,2024-06-26,Completed,Cash on Delivery,22.03
7251,470,2024-03-13,Completed,Bank Transfer,5.57
7252,1997,2024-01-31,Completed,Card,16.48
7253,2178,2024-12-22,Completed,Card,24.13
7254,571,2024-09-25,Completed,Bank Transfer,10.17
7255,434,2025-05-20,Cancelled,Card,10.05
7256,843,2024-05-31,Completed,Card,6.7
7257,202,2025-11-22,Completed,Card,24.97
7258,1569,2025-10-16,Cancelled,Mobile Money,14.33
7259,2448,2025-06-05,Completed,Card,2.83
7260,1829,2024-12-07,Completed,Card,14.06
7261,2305,2025-07-01,Completed,Card,20.23
7262,1600,2025-11-27,Completed,Bank Transfer,24.58
7263,847,2024-03-03,Completed,Bank Transfer,4.14
7264,1179,2024-06-04,Completed,Card,4.44
7265,2199,2024-01-09,Completed,PayPal,16.17
7266,524,2024-08-25,Cancelled,Cash on Delivery,11.6
7267,1363,2024-08-03,Returned,Card,13.98
7268,1067,2025-10-15,Completed,Card,10.57
7269,1028,2025-01-02,Completed,Mobile Money,20.78
7270,1424,2025-04-26,Completed,Card,10.36
7271,2378,2024-01-11,Completed,Card,7.41
7272,2380,2024-03-28,Completed,Card,19.34
7273,2316,2024-09-12,Completed,Mobile Money,20.55
7274,676,2024-10-04,Completed,Card,13.2
7275,575,2024-01-14,Completed,Card,18.0
7276,1297,2024-09-06,Completed,Card,18.96
7277,2267,2024-08-01,Completed,Mobile Money,23.69
7278,12,2024-09-23,Completed,Card,21.85
7279,623,2024-07-12,Completed,Card,20.05
7280,474,2025-05-10,Completed,Card,16.38
7281,244,2024-09-06,Completed,Card,11.16
7282,1475,2025-01-15,Cancelled,Card,15.59
7283,27,2025-05-19,Cancelled,Bank Transfer,7.0
7284,1335,2025-04-28,Completed,Card,24.7
7285,767,2024-12-31,Completed,PayPal,18.5
7286,1825,2024-08-06,Completed,Card,13.94
7287,255,2024-08-15,Completed,Card,10.32
7288,2425,2025-09-06,Completed,Cash on Delivery,7.25
7289,2424,2024-02-08,Completed,Card,11.43
7290,2264,2024-02-08,Completed,Mobile Money,17.8
7291,56,2025-07-26,Completed,Mobile Money,9.33
7292,1316,2024-02-24,Completed,Card,15.18
7293,1865,2024-01-26,Returned,Mobile Money,20.84
7294,74,2024-06-11,Completed,Cash on Delivery,23.64
7295,392,2025-07-24,Completed,Card,6.47
7296,982,2025-05-06,Completed,Mobile Money,10.1
7297,1725,2024-03-02,Completed,Mobile Money,16.65
7298,49,2024-01-22,Completed,Card,5.75
7299,1327,2025-01-22,Completed,Mobile Money,9.3
7300,2240,2025-04-30,Completed,Card,16.99
7301,825,2025-02-01,Returned,Bank Transfer,14.08
7302,1677,2024-05-15,Completed,Card,16.82
7303,1298,2025-04-16,Completed,Card,22.36
7304,1357,2025-07-19,Cancelled,Mobile Money,9.25
7305,1997,2024-04-19,Completed,Card,7.97
7306,237,2025-11-25,Completed,PayPal,5.41
7307,491,2024-05-11,Completed,Card,9.2
7308,2041,2025-01-17,Completed,Mobile Money,12.08
7309,887,2025-02-15,Completed,PayPal,15.9
7310,95,2025-02-21,Completed,PayPal,4.91
7311,1775,2024-10-01,Completed,Card,19.37
7312,781,2025-11-10,Completed,Cash on Delivery,5.59
7313,651,2024-04-11,Completed,Card,5.59
7314,551,2024-06-01,Completed,Card,14.0
7315,60,2025-06-11,Completed,Bank Transfer,22.89
7316,1920,2025-04-13,Returned,PayPal,13.94
7317,2054,2024-05-05,Completed,Card,22.02
7318,771,2025-06-14,Completed,Card,10.93
7319,1544,2024-09-27,Completed,PayPal,13.13
7320,1652,2024-11-06,Completed,Card,11.45
7321,1345,2024-03-01,Completed,Card,11.87
7322,234,2024-08-23,Completed,Bank Transfer,20.24
7323,1769,2024-03-26,Completed,Bank Transfer,11.44
7324,519,2024-05-05,Completed,Bank Transfer,15.56
7325,2349,2024-03-04,Completed,Card,4.25
7326,1723,2025-09-05,Completed,Card,6.04
7327,1016,2025-03-17,Completed,Card,13.94
7328,1986,2024-10-21,Completed,Cash on Delivery,18.76
7329,2323,2024-01-02,Completed,Card,24.9
7330,480,2025-12-03,Completed,Card,8.29
7331,2495,2025-02-17,Completed,Bank Transfer,8.9
7332,397,2025-02-23,Cancelled,Card,4.71
7333,2297,2024-01-17,Completed,Card,2.54
7334,680,2024-11-05,Completed,Card,15.5
7335,332,2024-08-02,Completed,Bank Transfer,22.78
7336,944,2024-08-30,Completed,PayPal,24.25
7337,2267,2025-11-24,Completed,Card,11.66
7338,2284,2024-05-22,Returned,Bank Transfer,3.5
7339,2413,2025-06-15,Completed,PayPal,19.47
7340,847,2024-11-18,Completed,PayPal,8.52
7341,795,2025-06-17,Completed,Bank Transfer,19.28
7342,2364,2025-06-30,Completed,Card,6.38
7343,1031,2024-10-29,Completed,Card,16.92
7344,456,2024-05-20,Returned,Mobile Money,20.08
7345,1180,2025-03-01,Completed,Mobile Money,6.0
7346,1539,2024-09-02,Completed,PayPal,17.85
7347,1736,2024-11-27,Completed,Card,15.66
7348,1239,2024-06-29,Completed,Mobile Money,20.26
7349,2109,2024-09-18,Completed,Card,17.14
7350,392,2025-12-07,Completed,Bank Transfer,5.98
7351,1560,2024-09-12,Completed,Cash on Delivery,20.83
7352,1653,2024-12-24,Completed,Card,8.85
7353,2323,2024-05-10,Completed,Card,7.65
7354,579,2024-05-14,Completed,Card,7.77
7355,1017,2025-03-10,Completed,Card,3.51
7356,1774,2025-11-13,Completed,Card,16.46
7357,1183,2024-02-15,Completed,Card,6.36
7358,956,2025-09-10,Returned,Card,23.38
7359,885,2024-02-12,Cancelled,Card,24.17
7360,514,2024-09-29,Completed,Card,20.08
7361,518,2025-02-13,Completed,Cash on Delivery,10.91
7362,2355,2024-03-02,Completed,Card,21.18
7363,2127,2024-02-11,Completed,Card,5.35
7364,1557,2024-09-11,Completed,Bank Transfer,20.55
7365,1628,2024-09-11,Completed,Card,9.44
7366,1,2025-11-26,Completed,Card,17.01
7367,2199,2024-09-06,Completed,Bank Transfer,22.85
7368,2411,2024-06-18,Completed,Card,8.05
7369,2128,2025-03-13,Completed,Card,20.78
7370,1155,2024-05-25,Completed,Bank Transfer,24.71
7371,976,2025-06-10,Completed,Mobile Money,9.03
7372,1143,2024-11-30,Completed,Mobile Money,16.11
7373,1,2025-07-23,Completed,Card,15.81
7374,2164,2025-09-10,Completed,PayPal,8.28
7375,1816,2025-03-25,Completed,Mobile Money,4.5
7376,414,2024-02-18,Completed,Mobile Money,21.62
7377,180,2025-10-31,Completed,Card,21.48
7378,1906,2025-06-24,Completed,PayPal,16.86
7379,2490,2024-07-23,Completed,Mobile Money,22.4
7380,2142,2024-01-06,Completed,Card,10.06
7381,889,2024-11-07,Completed,Cash on Delivery,16.02
7382,685,2025-11-20,Completed,PayPal,22.82
7383,1884,2025-09-09,Completed,Bank Transfer,10.7
7384,2407,2025-02-05,Completed,Card,3.85
7385,2134,2025-11-13,Completed,PayPal,10.79
7386,350,2025-03-13,Completed,Cash on Delivery,8.75
7387,587,2024-05-24,Completed,Card,18.3
7388,102,2025-11-21,Completed,Bank Transfer,21.58
7389,1171,2025-06-29,Completed,Bank Transfer,6.98
7390,1939,2024-08-08,Completed,Card,23.83
7391,673,2024-12-07,Completed,PayPal,23.06
7392,1628,2025-11-06,Completed,Card,3.96
7393,202,2025-01-02,Completed,Cash on Delivery,24.39
7394,1417,2025-03-24,Completed,Mobile Money,24.22
7395,885,2025-10-20,Completed,Bank Transfer,20.4
7396,155,2025-05-18,Completed,Bank Transfer,23.37
7397,686,2024-07-24,Completed,Bank Transfer,16.36
7398,270,2024-10-25,Completed,Card,22.71
7399,1261,2025-03-07,Completed,PayPal,9.56
7400,1644,2024-12-11,Completed,Card,3.74
7401,295,2025-10-19,Completed,Card,2.79
7402,546,2024-06-16,Completed,Mobile Money,23.24
7403,2490,2024-08-05,Completed,Card,13.96
7404,749,2025-10-08,Completed,Mobile Money,3.85
7405,804,2024-06-23,Completed,Mobile Money,19.47
7406,871,2025-10-10,Completed,Card,18.37
7407,1970,2025-09-05,Completed,PayPal,5.89
7408,1747,2024-07-24,Completed,Card,22.4
7409,485,2024-08-03,Completed,Bank Transfer,20.88
7410,2135,2024-02-12,Completed,Card,5.06
7411,1044,2025-12-20,Completed,Mobile Money,19.47
7412,964,2024-03-28,Completed,Card,19.55
7413,881,2025-10-29,Completed,Card,2.71
7414,2490,2025-08-12,Completed,Card,14.23
7415,2395,2025-06-13,Completed,Bank Transfer,19.95
7416,962,2024-10-16,Completed,Mobile Money,7.53
7417,445,2025-06-05,Cancelled,PayPal,20.6
7418,2232,2025-08-07,Completed,PayPal,11.26
7419,1270,2024-03-29,Completed,Bank Transfer,24.25
7420,1036,2025-02-16,Completed,Bank Transfer,12.58
7421,892,2024-09-01,Completed,Card,14.15
7422,2328,2025-04-09,Completed,Card,14.59
7423,1345,2024-09-24,Completed,Card,10.93
7424,174,2024-02-28,Returned,Mobile Money,3.88
7425,1845,2024-10-22,Completed,Card,21.88
7426,1594,2024-02-13,Completed,PayPal,10.5
7427,2415,2025-11-23,Completed,PayPal,21.46
7428,950,2024-11-07,Cancelled,Mobile Money,9.18
7429,1867,2025-01-02,Completed,Card,21.73
7430,2424,2025-06-17,Completed,Bank Transfer,20.58
7431,743,2025-05-12,Completed,Mobile Money,19.68
7432,671,2024-03-09,Completed,Bank Transfer,3.21
7433,2000,2024-02-08,Completed,PayPal,5.12
7434,1678,2024-02-09,Completed,PayPal,12.41
7435,1169,2025-11-18,Completed,Card,21.65
7436,1362,2025-01-01,Completed,PayPal,5.01
7437,787,2025-04-30,Completed,Card,21.74
7438,2220,2025-02-17,Completed,Mobile Money,22.78
7439,1448,2025-07-07,Completed,Bank Transfer,17.59
7440,184,2025-09-23,Completed,Card,10.1
7441,1362,2025-04-20,Completed,Card,8.21
7442,1140,2025-06-15,Completed,Card,16.94
7443,1758,2024-05-08,Completed,Card,6.72
7444,493,2025-08-03,Completed,Card,17.07
7445,1962,2024-07-03,Completed,Mobile Money,21.63
7446,951,2025-03-13,Completed,Cash on Delivery,17.98
7447,273,2024-03-23,Completed,Card,20.24
7448,963,2024-08-04,Completed,Card,16.77
7449,2290,2025-08-03,Completed,PayPal,23.6
7450,2487,2025-09-08,Cancelled,Card,23.82
7451,1823,2024-07-04,Completed,PayPal,12.14
7452,1163,2025-01-09,Completed,Card,15.32
7453,2465,2025-09-29,Completed,Card,6.12
7454,2263,2025-11-21,Completed,Card,9.78
7455,1644,2024-07-29,Cancelled,Bank Transfer,19.0
7456,1984,2024-05-26,Completed,Bank Transfer,17.95
7457,685,2025-10-24,Completed,Cash on Delivery,22.09
7458,202,2025-09-30,Completed,Mobile Money,11.84
7459,902,2025-11-17,Completed,Mobile Money,2.82
7460,677,2024-07-02,Completed,Card,17.69
7461,732,2025-03-25,Completed,Bank Transfer,7.09
7462,527,2025-06-10,Completed,PayPal,23.16
7463,259,2024-11-30,Completed,Card,9.95
7464,2200,2025-03-07,Completed,PayPal,4.17
7465,2046,2025-04-13,Completed,PayPal,18.21
7466,2104,2024-01-02,Completed,Card,18.18
7467,2119,2024-09-27,Completed,Mobile Money,6.57
7468,2472,2024-03-27,Completed,Cash on Delivery,13.9
7469,1870,2024-07-30,Completed,Mobile Money,16.74
7470,1608,2024-02-14,Completed,PayPal,15.34
7471,1071,2025-07-06,Completed,Card,16.16
7472,749,2024-08-22,Completed,Bank Transfer,3.7
7473,2346,2024-01-26,Completed,Cash on Delivery,21.61
7474,176,2024-05-29,Completed,Card,7.58
7475,1660,2025-09-07,Completed,Card,21.92
7476,1293,2024-06-09,Completed,Bank Transfer,8.4
7477,1685,2024-04-05,Cancelled,Card,16.44
7478,2156,2025-01-20,Completed,PayPal,9.9
7479,1344,2025-09-27,Completed,PayPal,24.51
7480,274,2024-02-29,Completed,Card,5.08
7481,2269,2024-07-30,Completed,Card,16.49
7482,2403,2025-12-28,Completed,Bank Transfer,10.02
7483,20,2024-04-15,Completed,PayPal,15.08
7484,359,2024-05-28,Completed,Card,17.34
7485,1684,2025-06-28,Completed,Mobile Money,6.52
7486,1958,2025-11-30,Completed,Bank Transfer,24.23
7487,364,2024-11-15,Completed,Card,11.61
7488,578,2025-07-16,Completed,Bank Transfer,8.4
7489,1258,2024-03-28,Completed,Card,18.12
7490,2200,2025-02-17,Completed,PayPal,5.29
7491,2380,2025-12-20,Completed,Card,10.65
7492,101,2025-04-03,Completed,Card,8.49
7493,1161,2025-04-09,Completed,Bank Transfer,19.22
7494,1030,2024-07-21,Completed,Mobile Money,10.05
7495,200,2024-12-03,Completed,PayPal,2.72
7496,405,2025-01-18,Completed,Card,13.1
7497,2263,2024-03-17,Completed,Card,19.39
7498,743,2025-09-05,Completed,Bank Transfer,23.63
7499,1189,2025-06-09,Completed,Cash on Delivery,18.9
7500,2443,2025-11-21,Completed,Card,23.3
7501,1246,2025-09-30,Completed,Card,24.39
7502,2273,2025-12-13,Completed,Card,18.36
7503,1070,2024-08-01,Completed,Cash on Delivery,11.42
7504,118,2025-07-16,Completed,Card,6.62
7505,978,2025-10-21,Completed,Mobile Money,17.51
7506,1427,2024-06-19,Completed,Mobile Money,11.89
7507,970,2024-01-31,Completed,Bank Transfer,5.07
7508,373,2024-04-28,Completed,PayPal,20.76
7509,1382,2025-09-29,Completed,Card,9.66
7510,385,2024-04-03,Completed,Card,20.13
7511,1772,2024-04-19,Completed,Card,4.49
7512,1044,2025-10-18,Completed,Bank Transfer,15.54
7513,1328,2024-08-28,Completed,Bank Transfer,16.79
7514,1538,2025-06-05,Completed,Card,10.67
7515,2014,2025-03-21,Returned,Bank Transfer,3.36
7516,673,2024-05-01,Completed,Mobile Money,17.26
7517,2083,2024-08-26,Completed,PayPal,19.11
7518,526,2024-08-12,Completed,Mobile Money,17.23
7519,2405,2024-02-02,Completed,PayPal,20.98
7520,2470,2024-04-01,Completed,Mobile Money,8.99
7521,2267,2024-08-03,Completed,PayPal,10.15
7522,1944,2024-03-30,Completed,Mobile Money,9.84
7523,2303,2024-10-20,Cancelled,Mobile Money,4.08
7524,16,2024-05-12,Completed,Card,3.96
7525,281,2024-06-13,Cancelled,Bank Transfer,12.91
7526,2289,2025-01-05,Completed,Mobile Money,19.78
7527,1790,2025-03-17,Completed,Cash on Delivery,22.86
7528,2399,2024-01-21,Completed,Bank Transfer,6.58
7529,173,2024-11-01,Completed,Card,12.03
7530,2319,2024-03-02,Returned,PayPal,5.72
7531,338,2025-05-16,Completed,Bank Transfer,23.77
7532,2074,2025-04-09,Completed,Bank Transfer,17.99
7533,1371,2024-08-14,Completed,Card,23.07
7534,2164,2024-01-18,Completed,Card,5.5
7535,1913,2025-07-19,Cancelled,PayPal,12.43
7536,1598,2024-06-22,Completed,Card,21.04
7537,2049,2025-05-29,Completed,Card,14.99
7538,553,2025-08-08,Completed,Card,12.61
7539,1313,2024-09-01,Completed,Mobile Money,9.58
7540,2360,2024-02-06,Completed,Bank Transfer,14.93
7541,2000,2024-03-27,Cancelled,PayPal,8.47
7542,202,2024-02-27,Completed,Bank Transfer,7.16
7543,857,2025-10-07,Cancelled,Bank Transfer,6.28
7544,318,2025-01-05,Completed,Card,7.89
7545,651,2025-01-11,Completed,Cash on Delivery,6.05
7546,731,2025-04-15,Completed,Card,2.57
7547,400,2025-07-08,Completed,Mobile Money,2.66
7548,23,2025-03-02,Returned,Mobile Money,21.58
7549,1876,2025-01-29,Completed,Mobile Money,20.96
7550,110,2025-10-22,Completed,Card,24.78
7551,677,2025-09-29,Completed,Card,6.45
7552,1424,2024-07-07,Completed,Cash on Delivery,22.24
7553,1248,2025-04-04,Completed,Card,8.29
7554,1243,2025-12-05,Returned,Card,17.71
7555,2284,2025-12-26,Completed,Bank Transfer,11.34
7556,1892,2025-12-12,Completed,Bank Transfer,18.1
7557,2051,2024-08-31,Completed,Mobile Money,22.12
7558,578,2025-08-05,Completed,Card,9.31
7559,1352,2025-06-21,Completed,Card,7.05
7560,2231,2024-04-22,Completed,Card,21.87
7561,1713,2024-10-21,Completed,Card,13.24
7562,1486,2024-12-21,Completed,Bank Transfer,23.03
7563,1057,2024-06-03,Completed,Bank Transfer,13.37
7564,962,2025-03-07,Completed,Mobile Money,12.72
7565,47,2024-10-14,Completed,PayPal,2.91
7566,501,2025-03-14,Completed,PayPal,22.68
7567,1573,2025-06-24,Completed,Mobile Money,23.67
7568,2243,2025-03-10,Completed,Card,18.21
7569,877,2025-09-28,Completed,Card,11.79
7570,1126,2025-11-16,Completed,Card,6.84
7571,1805,2025-12-11,Completed,PayPal,8.87
7572,2359,2025-08-15,Completed,PayPal,10.46
7573,2443,2025-04-04,Completed,Card,17.25
7574,2222,2024-11-06,Completed,PayPal,12.62
7575,656,2025-05-21,Returned,Bank Transfer,21.05
7576,328,2024-05-30,Completed,Mobile Money,22.5
7577,1815,2025-04-12,Completed,Card,8.48
7578,505,2024-05-08,Completed,Bank Transfer,5.38
7579,1694,2025-10-11,Completed,Card,23.17
7580,1686,2025-05-03,Completed,Bank Transfer,3.38
7581,1866,2024-09-02,Completed,Card,5.31
7582,718,2025-02-18,Completed,Mobile Money,21.89
7583,566,2024-06-04,Completed,Bank Transfer,23.82
7584,414,2025-10-22,Completed,Mobile Money,3.65
7585,526,2025-09-05,Completed,Card,10.57
7586,2369,2025-10-16,Completed,Mobile Money,12.18
7587,1106,2025-01-04,Completed,Card,14.18
7588,1466,2024-07-07,Completed,Cash on Delivery,18.81
7589,1390,2024-02-08,Completed,Card,12.36
7590,305,2024-09-16,Completed,Bank Transfer,14.32
7591,1805,2024-05-15,Returned,Card,6.6
7592,185,2025-10-07,Completed,Cash on Delivery,9.33
7593,731,2024-11-15,Completed,Card,6.91
7594,1306,2024-01-07,Completed,Mobile Money,7.07
7595,623,2025-02-17,Completed,Bank Transfer,18.97
7596,461,2024-08-25,Completed,Mobile Money,6.1
7597,2427,2025-01-02,Completed,Card,15.82
7598,1223,2025-04-25,Completed,Card,5.56
7599,641,2025-08-11,Completed,Bank Transfer,6.36
7600,497,2024-01-05,Completed,Card,8.24
7601,1336,2025-10-26,Completed,Card,15.38
7602,58,2024-10-31,Completed,Card,17.75
7603,1938,2024-01-29,Cancelled,Cash on Delivery,9.68
7604,732,2024-10-23,Completed,Card,13.98
7605,1886,2024-06-25,Completed,Card,8.12
7606,2038,2025-12-14,Completed,Cash on Delivery,17.7
7607,262,2025-04-24,Completed,Bank Transfer,23.99
7608,1558,2025-08-31,Completed,PayPal,13.4
7609,708,2025-12-30,Completed,Card,3.08
7610,2231,2024-09-07,Completed,Bank Transfer,6.4
7611,2119,2025-02-06,Completed,Card,6.51
7612,1663,2025-06-12,Completed,Card,7.38
7613,1163,2025-07-13,Completed,Card,9.63
7614,1308,2025-07-28,Completed,Card,16.85
7615,501,2024-02-29,Completed,Bank Transfer,5.36
7616,1332,2024-01-03,Completed,Card,4.65
7617,1892,2024-10-24,Completed,PayPal,15.39
7618,1028,2025-05-08,Completed,Mobile Money,9.48
7619,2443,2025-11-03,Completed,Bank Transfer,4.2
7620,1843,2024-06-11,Completed,Mobile Money,10.43
7621,1439,2025-07-12,Completed,Mobile Money,22.24
7622,2102,2024-10-11,Completed,Card,3.92
7623,1335,2025-03-26,Completed,Bank Transfer,12.85
7624,248,2025-08-04,Completed,Cash on Delivery,24.44
7625,2253,2024-08-04,Completed,Bank Transfer,13.64
7626,2348,2024-09-14,Completed,Mobile Money,11.44
7627,1640,2025-12-07,Completed,PayPal,18.57
7628,697,2025-08-13,Completed,PayPal,12.8
7629,2008,2025-08-12,Completed,Bank Transfer,21.89
7630,2349,2025-04-09,Completed,Mobile Money,14.27
7631,570,2025-09-20,Returned,Bank Transfer,15.27
7632,301,2025-10-08,Completed,Bank Transfer,11.48
7633,113,2024-07-14,Cancelled,Mobile Money,5.73
7634,2152,2024-05-22,Completed,Bank Transfer,7.57
7635,846,2025-05-31,Completed,Bank Transfer,8.9
7636,349,2024-04-26,Completed,Card,7.32
7637,193,2025-03-22,Completed,Card,8.84
7638,926,2025-09-02,Completed,Card,13.91
7639,49,2025-03-23,Completed,Card,10.17
7640,1628,2025-04-02,Completed,Card,9.63
7641,1246,2024-10-28,Completed,Bank Transfer,2.81
7642,294,2024-11-14,Completed,Bank Transfer,2.7
7643,2396,2024-11-06,Completed,Mobile Money,23.89
7644,1906,2025-05-04,Completed,Card,14.64
7645,1919,2024-08-25,Completed,Bank Transfer,3.51
7646,120,2025-10-02,Completed,Bank Transfer,24.02
7647,323,2024-01-22,Completed,Card,22.1
7648,1977,2025-08-17,Completed,Bank Transfer,14.16
7649,2476,2025-06-06,Completed,Mobile Money,15.11
7650,1676,2024-06-30,Completed,Mobile Money,12.78
7651,363,2025-07-08,Completed,Card,4.85
7652,1422,2024-04-11,Completed,Bank Transfer,13.82
7653,2017,2024-05-30,Completed,Card,14.83
7654,1766,2024-05-12,Completed,Card,16.27
7655,1233,2024-12-01,Completed,Cash on Delivery,21.85
7656,1782,2024-11-04,Completed,Mobile Money,16.1
7657,1735,2025-03-17,Cancelled,Card,10.22
7658,1458,2025-02-10,Completed,Mobile Money,13.79
7659,1661,2024-08-17,Completed,Card,12.66
7660,951,2024-11-06,Completed,Card,8.54
7661,2448,2024-09-24,Completed,Bank Transfer,7.98
7662,1300,2024-05-18,Completed,Mobile Money,17.49
7663,973,2025-07-12,Completed,PayPal,14.47
7664,733,2024-10-30,Cancelled,Bank Transfer,21.83
7665,323,2024-03-21,Completed,Bank Transfer,13.1
7666,2249,2024-09-29,Completed,Card,21.87
7667,1641,2024-11-21,Completed,PayPal,8.92
7668,1310,2024-09-28,Completed,Mobile Money,23.59
7669,1399,2024-05-24,Completed,Card,24.97
7670,108,2024-11-02,Completed,Card,16.02
7671,1640,2025-02-18,Completed,Bank Transfer,24.31
7672,487,2025-03-20,Completed,Cash on Delivery,11.65
7673,1818,2024-06-24,Completed,Mobile Money,15.36
7674,859,2024-10-02,Completed,Card,17.78
7675,143,2024-04-23,Completed,Card,3.74
7676,1170,2024-03-04,Returned,Bank Transfer,19.26
7677,2218,2025-09-03,Completed,Cash on Delivery,23.74
7678,722,2024-11-06,Completed,Mobile Money,11.6
7679,1853,2025-08-21,Completed,Cash on Delivery,15.46
7680,1797,2025-05-14,Completed,Bank Transfer,22.74
7681,2062,2025-01-15,Cancelled,Bank Transfer,11.86
7682,984,2025-01-26,Completed,Bank Transfer,13.6
7683,813,2024-12-26,Completed,PayPal,3.94
7684,1161,2025-03-09,Completed,Card,19.57
7685,1174,2025-07-14,Completed,Card,12.16
7686,1163,2024-01-12,Completed,Card,14.14
7687,2012,2025-04-29,Completed,Card,3.62
7688,2073,2024-01-19,Completed,PayPal,8.88
7689,174,2024-08-15,Completed,Bank Transfer,21.74
7690,2411,2025-09-06,Completed,Cash on Delivery,24.56
7691,2388,2025-04-04,Completed,Card,12.75
7692,363,2025-01-19,Completed,Card,11.31
7693,228,2024-01-11,Completed,Card,21.5
7694,1456,2025-04-02,Completed,Card,18.09
7695,885,2025-01-14,Returned,Card,22.5
7696,715,2024-03-21,Completed,Card,18.16
7697,1066,2025-05-11,Completed,Cash on Delivery,15.28
7698,1102,2024-02-25,Completed,Bank Transfer,7.92
7699,2286,2024-12-31,Completed,PayPal,9.95
7700,976,2025-12-01,Completed,Card,8.92
7701,1955,2024-09-13,Completed,Bank Transfer,24.69
7702,1104,2025-10-11,Completed,Card,14.82
7703,1507,2024-11-24,Completed,Bank Transfer,16.95
7704,1663,2024-12-24,Completed,Mobile Money,22.32
7705,102,2025-06-28,Completed,Card,22.69
7706,673,2024-04-04,Completed,Cash on Delivery,9.75
7707,1322,2025-03-07,Completed,Card,23.94
7708,697,2025-12-03,Completed,Card,19.84
7709,973,2025-02-15,Completed,Card,14.04
7710,53,2025-04-24,Completed,Card,14.64
7711,1812,2024-05-04,Completed,Bank Transfer,22.73
7712,1312,2025-02-10,Completed,Card,5.06
7713,280,2025-05-31,Completed,Cash on Delivery,6.96
7714,2499,2025-04-12,Completed,Mobile Money,4.02
7715,2352,2024-11-21,Returned,Card,23.78
7716,1051,2024-10-31,Completed,PayPal,13.47
7717,451,2024-05-01,Completed,Cash on Delivery,6.88
7718,754,2024-05-22,Completed,PayPal,4.9
7719,1986,2025-04-18,Completed,Bank Transfer,23.01
7720,414,2025-12-09,Completed,Mobile Money,11.36
7721,858,2025-06-09,Completed,Card,16.71
7722,1766,2025-11-02,Completed,Card,5.41
7723,202,2025-11-04,Completed,Cash on Delivery,15.32
7724,1355,2024-08-02,Completed,Card,3.39
7725,745,2024-10-27,Cancelled,Card,18.32
7726,11,2024-05-25,Completed,Mobile Money,3.91
7727,954,2025-04-17,Completed,Cash on Delivery,24.4
7728,322,2025-08-23,Completed,Card,24.7
7729,2448,2025-08-05,Completed,Mobile Money,24.34
7730,2209,2024-01-27,Returned,PayPal,4.65
7731,1061,2024-07-28,Completed,Bank Transfer,15.19
7732,1941,2024-04-08,Cancelled,Card,7.89
7733,2179,2024-09-02,Completed,Card,18.64
7734,326,2025-10-24,Completed,Cash on Delivery,9.67
7735,2297,2024-05-13,Completed,Card,6.2
7736,582,2024-12-26,Completed,Bank Transfer,6.24
7737,74,2024-01-17,Completed,Card,3.04
7738,757,2024-05-03,Completed,Card,21.16
7739,135,2025-05-30,Cancelled,PayPal,17.9
7740,1582,2024-06-22,Cancelled,Bank Transfer,9.91
7741,685,2024-06-04,Completed,Card,13.99
7742,688,2025-07-05,Completed,Bank Transfer,24.18
7743,501,2025-11-20,Completed,Card,16.75
7744,888,2024-04-17,Completed,Cash on Delivery,7.29
7745,750,2024-02-22,Completed,Card,3.27
7746,740,2025-10-13,Cancelled,Bank Transfer,4.11
7747,951,2025-09-22,Completed,Card,15.34
7748,309,2024-09-28,Completed,Cash on Delivery,8.42
7749,1631,2025-11-29,Completed,Mobile Money,20.25
7750,1094,2025-03-21,Completed,Bank Transfer,10.17
7751,1100,2025-05-18,Completed,Mobile Money,18.1
7752,2478,2025-08-04,Completed,Card,4.15
7753,528,2024-04-30,Completed,Card,4.6
7754,1950,2024-08-18,Completed,Mobile Money,22.63
7755,1548,2024-01-15,Cancelled,Mobile Money,5.78
7756,312,2024-11-06,Cancelled,Bank Transfer,12.47
7757,378,2025-08-11,Completed,Bank Transfer,23.88
7758,2020,2024-08-09,Completed,Card,11.06
7759,1982,2025-01-21,Completed,PayPal,3.46
7760,623,2024-12-25,Completed,Card,4.66
7761,1409,2024-03-25,Completed,Card,3.35
7762,2481,2024-11-03,Completed,Bank Transfer,12.91
7763,1624,2024-04-21,Completed,Bank Transfer,8.98
7764,328,2024-10-16,Completed,Cash on Delivery,19.95
7765,997,2024-03-18,Completed,Card,16.5
7766,1001,2024-11-17,Completed,Card,24.66
7767,1689,2025-09-08,Completed,Mobile Money,21.22
7768,740,2024-02-28,Completed,Card,23.46
7769,576,2024-11-18,Completed,Card,10.17
7770,65,2024-06-01,Cancelled,Mobile Money,14.98
7771,1513,2024-11-05,Completed,Bank Transfer,9.17
7772,849,2024-01-14,Completed,Bank Transfer,8.62
7773,1018,2024-12-13,Completed,PayPal,17.99
7774,442,2025-10-01,Completed,Card,13.63
7775,1334,2024-05-19,Completed,Cash on Delivery,23.47
7776,2411,2024-11-20,Completed,Card,4.2
7777,1132,2024-09-14,Completed,Card,12.99
7778,1483,2025-04-28,Completed,Mobile Money,3.68
7779,2222,2025-04-11,Cancelled,PayPal,11.75
7780,895,2025-07-15,Completed,PayPal,5.08
7781,2493,2025-04-20,Completed,PayPal,21.05
7782,1572,2025-12-10,Completed,Card,4.77
7783,847,2024-02-20,Completed,Mobile Money,14.64
7784,1554,2024-03-01,Completed,Mobile Money,13.9
7785,2260,2025-09-28,Completed,Bank Transfer,24.98
7786,1319,2024-04-03,Completed,Card,14.04
7787,93,2024-03-09,Completed,Card,15.45
7788,478,2025-05-25,Completed,Card,10.03
7789,1514,2024-04-21,Cancelled,Card,13.66
7790,946,2024-04-12,Completed,Bank Transfer,24.19
7791,1552,2025-10-14,Completed,Bank Transfer,21.8
7792,117,2024-09-09,Completed,Card,19.05
7793,491,2024-05-27,Completed,PayPal,14.44
7794,856,2025-10-25,Completed,Mobile Money,15.47
7795,660,2024-10-25,Completed,Card,18.54
7796,131,2025-09-24,Returned,Card,23.7
7797,2109,2024-01-18,Completed,PayPal,9.66
7798,655,2025-07-19,Completed,Card,13.31
7799,1424,2025-12-27,Completed,PayPal,14.27
7800,287,2024-05-23,Completed,Card,13.02
7801,171,2025-03-02,Completed,Card,14.93
7802,71,2025-03-15,Completed,Card,6.86
7803,1182,2024-03-06,Completed,Card,6.13
7804,1302,2024-02-01,Completed,Mobile Money,22.56
7805,2214,2024-05-28,Cancelled,Mobile Money,23.68
7806,942,2025-05-08,Completed,Card,21.5
7807,606,2025-03-29,Completed,Card,17.39
7808,1555,2024-07-22,Completed,Mobile Money,24.53
7809,666,2025-10-07,Completed,PayPal,15.81
7810,567,2025-12-28,Completed,Bank Transfer,4.64
7811,1590,2024-04-17,Completed,Card,14.99
7812,1815,2025-12-23,Completed,Bank Transfer,5.73
7813,771,2025-11-07,Completed,Card,3.04
7814,1947,2024-10-19,Completed,PayPal,11.74
7815,418,2025-01-28,Completed,Bank Transfer,19.27
7816,425,2025-09-23,Completed,Card,11.61
7817,1469,2024-07-07,Completed,Card,23.35
7818,2242,2024-03-10,Completed,Bank Transfer,18.16
7819,60,2024-05-06,Completed,Mobile Money,4.95
7820,2000,2024-12-05,Completed,Cash on Delivery,21.34
7821,1179,2024-01-04,Completed,Bank Transfer,16.85
7822,698,2025-06-30,Cancelled,Card,11.44
7823,870,2025-11-11,Completed,Card,10.81
7824,596,2025-10-21,Completed,Card,20.51
7825,2321,2025-05-05,Completed,Card,22.65
7826,2183,2025-12-13,Completed,Card,13.07
7827,43,2024-08-19,Completed,Card,17.98
7828,2280,2024-02-23,Completed,Mobile Money,22.67
7829,1216,2024-12-13,Completed,PayPal,18.08
7830,1948,2024-04-27,Completed,Card,17.53
7831,1721,2025-10-31,Completed,Card,24.21
7832,934,2025-12-21,Cancelled,Card,16.15
7833,81,2025-09-09,Completed,PayPal,24.29
7834,2354,2024-04-26,Completed,Card,18.72
7835,1367,2025-05-03,Completed,Card,22.8
7836,842,2024-01-19,Completed,Card,21.51
7837,1927,2025-06-12,Completed,Card,11.26
7838,1377,2025-12-13,Completed,Cash on Delivery,23.8
7839,2255,2025-04-10,Cancelled,Card,24.68
7840,857,2025-02-25,Completed,Bank Transfer,23.68
7841,1727,2024-07-10,Completed,PayPal,22.27
7842,2018,2024-10-22,Cancelled,PayPal,5.28
7843,1263,2024-03-01,Completed,Cash on Delivery,22.54
7844,279,2024-08-24,Completed,Mobile Money,2.97
7845,1672,2025-03-23,Completed,Mobile Money,7.68
7846,899,2025-05-14,Completed,Card,8.15
7847,2377,2024-06-13,Completed,PayPal,3.91
7848,838,2025-03-09,Completed,Bank Transfer,21.72
7849,2033,2025-01-20,Completed,PayPal,14.11
7850,2178,2024-03-13,Completed,Card,9.49
7851,1635,2024-10-18,Completed,Mobile Money,9.09
7852,1703,2024-12-23,Completed,Card,11.51
7853,2228,2025-10-18,Completed,Cash on Delivery,8.77
7854,1216,2025-04-20,Completed,Card,22.74
7855,903,2025-04-18,Completed,Card,13.66
7856,1427,2025-05-04,Completed,Mobile Money,6.18
7857,532,2024-05-10,Completed,PayPal,19.26
7858,1514,2025-01-12,Completed,Mobile Money,18.58
7859,1138,2025-08-03,Completed,Card,4.36
7860,197,2024-01-22,Completed,Mobile Money,18.45
7861,2465,2024-08-05,Completed,Mobile Money,24.66
7862,1873,2024-03-31,Completed,Cash on Delivery,7.18
7863,870,2024-11-13,Completed,Card,3.43
7864,1008,2024-08-08,Completed,Bank Transfer,22.16
7865,102,2024-10-11,Completed,Card,22.47
7866,1591,2024-03-30,Completed,Mobile Money,2.83
7867,2018,2024-08-07,Completed,Card,8.37
7868,2280,2024-07-15,Completed,Cash on Delivery,10.85
7869,793,2025-06-19,Completed,Card,20.66
7870,2160,2024-03-27,Completed,Mobile Money,11.87
7871,368,2025-09-18,Completed,Cash on Delivery,20.8
7872,1157,2024-09-26,Completed,Bank Transfer,10.23
7873,447,2024-09-22,Completed,Bank Transfer,17.61
7874,63,2024-08-02,Completed,Mobile Money,13.6
7875,1364,2025-04-04,Completed,Card,11.23
7876,950,2024-04-03,Completed,Bank Transfer,3.43
7877,2344,2024-10-14,Completed,Card,3.21
7878,252,2024-06-28,Completed,Card,24.25
7879,1231,2025-11-03,Completed,Cash on Delivery,19.71
7880,400,2025-06-01,Completed,Mobile Money,21.69
7881,1795,2024-05-27,Completed,Card,12.27
7882,885,2025-10-04,Completed,Bank Transfer,3.41
7883,1415,2024-08-09,Completed,Card,5.18
7884,226,2024-01-21,Completed,Bank Transfer,6.89
7885,2333,2025-08-23,Returned,Mobile Money,13.61
7886,527,2025-05-14,Completed,Card,14.99
7887,197,2024-06-29,Completed,Cash on Delivery,12.42
7888,1813,2024-10-07,Completed,PayPal,18.31
7889,27,2025-10-21,Completed,Card,7.78
7890,92,2024-07-08,Completed,Card,9.49
7891,294,2025-09-12,Completed,Card,4.89
7892,1332,2025-04-13,Completed,Bank Transfer,4.28
7893,1144,2024-03-11,Completed,Card,15.09
7894,2026,2025-08-29,Completed,Card,11.5
7895,1570,2025-03-30,Completed,Bank Transfer,9.74
7896,475,2024-03-24,Completed,PayPal,6.84
7897,1391,2024-03-10,Completed,Bank Transfer,7.5
7898,188,2024-12-04,Completed,Card,17.94
7899,935,2025-02-13,Completed,Card,13.89
7900,615,2024-05-20,Completed,Card,11.67
7901,1472,2025-09-15,Completed,Card,22.27
7902,792,2024-02-05,Completed,Card,12.67
7903,42,2025-02-10,Completed,Bank Transfer,23.44
7904,11,2024-01-08,Completed,Mobile Money,12.59
7905,1123,2024-11-11,Completed,Bank Transfer,22.19
7906,414,2025-05-08,Completed,Bank Transfer,5.67
7907,346,2025-08-06,Completed,Bank Transfer,12.84
7908,1628,2024-03-09,Completed,Mobile Money,3.71
7909,152,2025-05-07,Completed,Card,19.16
7910,2272,2024-03-27,Completed,Mobile Money,9.16
7911,438,2025-06-29,Completed,Card,9.0
7912,2412,2025-06-04,Completed,Cash on Delivery,21.42
7913,2240,2024-03-24,Completed,Cash on Delivery,18.51
7914,1718,2025-05-02,Completed,PayPal,8.97
7915,2207,2024-08-13,Completed,Mobile Money,16.45
7916,156,2025-06-05,Completed,Cash on Delivery,19.69
7917,1453,2024-01-01,Completed,Card,12.91
7918,40,2024-08-05,Completed,Mobile Money,13.3
7919,2393,2024-03-11,Completed,Cash on Delivery,6.24
7920,1409,2024-08-18,Completed,Card,23.74
7921,1821,2025-09-09,Completed,PayPal,10.72
7922,1335,2024-12-17,Completed,PayPal,4.95
7923,1332,2025-02-11,Completed,PayPal,20.97
7924,920,2025-10-13,Completed,Mobile Money,21.85
7925,984,2024-04-26,Completed,Card,15.15
7926,2151,2025-02-15,Completed,Cash on Delivery,12.61
7927,730,2025-01-19,Completed,Bank Transfer,15.52
7928,1223,2024-06-07,Completed,PayPal,17.66
7929,379,2024-12-29,Completed,Bank Transfer,18.65
7930,803,2025-08-16,Completed,PayPal,16.24
7931,610,2024-07-31,Completed,Card,17.97
7932,2312,2024-01-09,Completed,Cash on Delivery,7.77
7933,1784,2024-03-19,Completed,Card,4.67
7934,1313,2024-12-19,Completed,Card,21.02
7935,1107,2025-05-01,Completed,Card,8.78
7936,147,2025-06-18,Completed,PayPal,2.99
7937,962,2024-05-13,Completed,Mobile Money,7.24
7938,323,2025-08-16,Completed,Mobile Money,22.43
7939,2424,2024-02-02,Completed,Card,9.06
7940,2495,2024-10-02,Completed,Card,17.68
7941,1147,2024-07-10,Cancelled,Cash on Delivery,8.36
7942,2252,2024-08-13,Completed,Card,16.19
7943,1237,2025-11-24,Completed,Card,16.43
7944,357,2025-07-25,Completed,Card,19.38
7945,771,2025-03-28,Completed,Mobile Money,20.34
7946,1204,2025-03-04,Completed,Mobile Money,20.13
7947,574,2024-08-01,Completed,Mobile Money,20.42
7948,1545,2025-07-05,Completed,Card,21.96
7949,739,2025-01-07,Completed,Card,6.16
7950,1451,2025-07-08,Completed,PayPal,7.57
7951,1403,2025-03-13,Completed,PayPal,16.08
7952,1805,2025-08-21,Completed,Bank Transfer,17.68
7953,1601,2024-07-19,Completed,PayPal,12.36
7954,1735,2025-10-25,Completed,Card,10.08
7955,1988,2025-02-05,Cancelled,Mobile Money,9.58
7956,1718,2025-06-14,Completed,Card,18.04
7957,1147,2024-05-01,Completed,Mobile Money,12.35
7958,1644,2025-11-30,Completed,Card,3.3
7959,1146,2025-07-04,Cancelled,Bank Transfer,14.45
7960,578,2024-03-28,Cancelled,Card,22.06
7961,1577,2024-06-21,Completed,Card,21.3
7962,1083,2024-12-01,Completed,Cash on Delivery,11.62
7963,2340,2025-05-01,Completed,PayPal,8.54
7964,589,2025-11-15,Completed,Cash on Delivery,13.21
7965,425,2024-10-20,Cancelled,Card,19.65
7966,634,2025-10-24,Completed,Mobile Money,12.37
7967,2054,2024-07-25,Completed,Bank Transfer,4.59
7968,350,2024-12-27,Completed,Card,9.48
7969,241,2024-02-02,Completed,Cash on Delivery,22.95
7970,2243,2024-11-03,Completed,Cash on Delivery,3.19
7971,1786,2025-06-12,Completed,Card,24.41
7972,2062,2025-09-08,Completed,Bank Transfer,14.94
7973,1382,2025-08-13,Completed,Mobile Money,7.31
7974,2134,2024-06-24,Completed,Mobile Money,4.68
7975,1310,2024-01-27,Completed,Card,7.95
7976,1196,2025-01-09,Completed,PayPal,15.19
7977,879,2025-10-28,Completed,Bank Transfer,20.45
7978,2289,2025-11-10,Completed,Card,3.97
7979,500,2025-11-25,Completed,Card,23.02
7980,430,2025-11-24,Completed,Mobile Money,3.96
7981,2493,2025-08-25,Completed,Cash on Delivery,16.24
7982,671,2025-06-27,Completed,Bank Transfer,12.74
7983,1813,2025-07-06,Completed,Bank Transfer,8.11
7984,1493,2025-01-10,Cancelled,Bank Transfer,11.82
7985,174,2024-12-29,Completed,Card,24.04
7986,1729,2024-11-12,Cancelled,Card,5.83
7987,1169,2024-01-19,Completed,Mobile Money,23.18
7988,2252,2024-08-04,Completed,Bank Transfer,14.34
7989,1,2025-12-20,Completed,Bank Transfer,21.12
7990,179,2025-05-21,Completed,Mobile Money,13.91
7991,1010,2025-03-15,Completed,Cash on Delivery,4.83
7992,1716,2025-11-22,Completed,Card,24.96
7993,1257,2025-04-15,Completed,Mobile Money,5.38
7994,1132,2025-11-04,Completed,PayPal,15.35
7995,708,2025-09-18,Completed,Mobile Money,10.5
7996,1788,2025-11-22,Completed,Bank Transfer,8.02
7997,1000,2025-12-07,Completed,Card,19.32
7998,2388,2024-12-22,Completed,Bank Transfer,5.85
7999,689,2025-03-08,Returned,Cash on Delivery,12.05
8000,1710,2024-02-17,Completed,PayPal,5.39
8001,2491,2025-12-04,Completed,Bank Transfer,22.29
8002,1647,2025-01-28,Completed,PayPal,18.06
8003,2110,2024-03-23,Completed,PayPal,24.7
8004,1254,2024-10-03,Completed,PayPal,6.66
8005,2297,2024-09-07,Completed,Card,11.66
8006,248,2024-12-11,Completed,Card,16.32
8007,1736,2024-02-12,Completed,Bank Transfer,12.6
8008,1083,2024-11-25,Completed,Cash on Delivery,7.0
8009,202,2024-08-05,Completed,Card,9.76
8010,498,2024-03-01,Completed,Bank Transfer,24.59
8011,2116,2025-05-14,Completed,Card,13.8
8012,486,2025-04-18,Completed,Card,16.11
8013,680,2024-11-26,Completed,Card,14.77
8014,2193,2024-04-09,Completed,Card,15.61
8015,1220,2025-06-20,Completed,Bank Transfer,7.51
8016,1749,2025-08-21,Completed,Bank Transfer,2.81
8017,987,2024-04-09,Completed,Bank Transfer,2.89
8018,1218,2025-01-12,Completed,Card,10.59
8019,1906,2025-05-06,Completed,Bank Transfer,15.81
8020,350,2025-12-02,Completed,Bank Transfer,4.63
8021,1780,2024-04-01,Completed,Bank Transfer,12.13
8022,505,2025-12-11,Completed,Bank Transfer,5.93
8023,1912,2025-08-19,Completed,Cash on Delivery,17.52
8024,1882,2025-06-07,Completed,Mobile Money,16.95
8025,2122,2024-04-11,Completed,Card,2.64
8026,2137,2025-10-13,Completed,Card,2.84
8027,1187,2025-11-23,Completed,Card,16.41
8028,40,2025-10-17,Completed,Card,19.24
8029,2167,2025-10-17,Completed,Card,10.3
8030,475,2025-07-19,Completed,PayPal,11.9
8031,663,2025-12-05,Completed,Card,21.77
8032,1202,2025-04-11,Completed,Card,22.59
8033,827,2025-08-16,Completed,Card,18.49
8034,2012,2025-03-26,Completed,Card,8.96
8035,1847,2025-03-03,Completed,Bank Transfer,5.49
8036,437,2024-03-30,Completed,Card,19.52
8037,1920,2024-07-22,Completed,PayPal,3.84
8038,1602,2025-06-05,Completed,Mobile Money,7.62
8039,370,2025-04-15,Completed,Card,13.57
8040,204,2025-02-03,Completed,Bank Transfer,24.01
8041,2470,2024-04-18,Completed,Bank Transfer,15.42
8042,716,2024-06-29,Completed,Card,22.37
8043,2155,2025-04-18,Cancelled,Cash on Delivery,10.32
8044,414,2024-11-14,Completed,PayPal,4.3
8045,142,2024-04-19,Completed,Mobile Money,14.88
8046,222,2024-10-15,Completed,Bank Transfer,23.06
8047,1685,2025-04-08,Completed,Card,11.91
8048,715,2024-08-07,Completed,Bank Transfer,10.94
8049,322,2025-07-24,Completed,Cash on Delivery,21.82
8050,2340,2024-02-08,Completed,Card,16.93
8051,771,2024-05-06,Completed,PayPal,10.7
8052,2154,2024-06-28,Completed,Mobile Money,23.44
8053,469,2025-04-06,Completed,Card,17.48
8054,2216,2024-03-01,Completed,PayPal,13.05
8055,2200,2024-06-08,Completed,Card,23.74
8056,495,2025-12-16,Completed,Card,23.17
8057,2349,2025-11-16,Completed,Bank Transfer,7.15
8058,1923,2024-08-12,Completed,Cash on Delivery,7.84
8059,680,2025-12-28,Completed,Bank Transfer,11.42
8060,1559,2025-04-30,Completed,Mobile Money,8.74
8061,2131,2025-01-19,Completed,Card,22.02
8062,1325,2024-01-11,Cancelled,Card,10.38
8063,2394,2025-09-14,Completed,Bank Transfer,14.98
8064,2073,2024-11-07,Completed,Card,13.91
8065,2137,2025-02-27,Completed,Card,4.56
8066,2113,2025-09-11,Completed,Card,4.19
8067,749,2024-10-22,Completed,Card,12.66
8068,2195,2024-06-30,Completed,Card,20.17
8069,635,2024-05-11,Completed,Card,7.8
8070,1076,2024-05-11,Completed,Cash on Delivery,4.74
8071,132,2025-08-13,Completed,PayPal,24.46
8072,931,2025-03-04,Completed,Card,15.23
8073,2195,2024-11-23,Completed,PayPal,10.27
8074,1178,2024-03-22,Completed,Card,5.29
8075,1454,2025-09-14,Completed,PayPal,15.83
8076,1669,2024-10-19,Completed,Card,12.84
8077,434,2024-04-17,Completed,Cash on Delivery,9.66
8078,1913,2025-11-09,Completed,Cash on Delivery,6.55
8079,2499,2024-07-11,Completed,Card,2.69
8080,1627,2025-04-08,Completed,Card,23.49
8081,1102,2024-06-02,Completed,Card,10.3
8082,1527,2025-03-23,Completed,Bank Transfer,18.11
8083,1155,2024-10-17,Completed,Cash on Delivery,2.99
8084,1127,2024-07-15,Cancelled,Card,21.62
8085,528,2024-02-16,Completed,PayPal,12.95
8086,229,2024-01-13,Completed,Card,5.49
8087,270,2024-12-22,Completed,Card,20.12
8088,12,2024-01-11,Completed,Card,12.09
8089,1941,2024-09-29,Completed,PayPal,20.12
8090,2197,2024-05-18,Completed,Card,8.31
8091,2344,2025-04-25,Completed,Mobile Money,18.5
8092,1325,2024-07-17,Completed,PayPal,16.88
8093,208,2024-09-15,Completed,Card,5.89
8094,1773,2024-03-24,Completed,PayPal,10.99
8095,572,2025-02-14,Completed,Card,12.51
8096,15,2024-08-04,Completed,Card,7.42
8097,2199,2024-03-22,Completed,Cash on Delivery,22.99
8098,972,2024-07-28,Completed,Bank Transfer,17.75
8099,768,2025-02-23,Completed,Card,15.37
8100,771,2024-06-01,Completed,Card,15.06
8101,1075,2025-05-01,Completed,Bank Transfer,23.63
8102,2091,2025-05-17,Cancelled,Mobile Money,6.01
8103,561,2024-02-22,Completed,Card,24.46
8104,2360,2024-10-29,Completed,Card,9.32
8105,767,2024-03-13,Completed,Card,10.76
8106,1022,2024-10-26,Completed,Card,7.5
8107,537,2025-04-21,Completed,Card,16.05
8108,2000,2024-03-31,Completed,Mobile Money,11.86
8109,102,2024-03-08,Completed,Card,5.75
8110,2373,2024-03-16,Completed,Card,9.59
8111,2091,2024-04-07,Completed,Card,19.72
8112,2440,2025-01-09,Completed,Card,11.32
8113,1644,2024-12-25,Completed,Mobile Money,10.46
8114,1565,2025-10-26,Completed,Cash on Delivery,9.4
8115,643,2024-04-18,Completed,PayPal,3.35
8116,1800,2025-03-15,Completed,Card,24.87
8117,1693,2024-09-23,Completed,Bank Transfer,9.95
8118,1524,2025-06-23,Completed,Bank Transfer,23.24
8119,1683,2025-07-29,Completed,Card,10.47
8120,542,2024-07-25,Completed,Bank Transfer,6.94
8121,2249,2025-08-29,Completed,Card,5.14
8122,1274,2025-02-25,Completed,Mobile Money,4.89
8123,725,2024-11-18,Completed,Bank Transfer,19.51
8124,2222,2024-10-24,Completed,Mobile Money,23.65
8125,732,2025-07-14,Completed,Card,16.54
8126,1596,2024-03-14,Completed,Card,3.71
8127,1840,2024-05-11,Completed,Card,3.89
8128,2323,2024-10-24,Completed,Card,20.93
8129,85,2024-01-04,Completed,PayPal,16.0
8130,338,2024-03-19,Returned,Card,9.07
8131,1897,2025-02-01,Completed,PayPal,16.87
8132,364,2024-12-27,Completed,Card,19.23
8133,1518,2024-02-08,Completed,Card,2.59
8134,139,2025-01-28,Completed,Card,24.93
8135,143,2025-04-03,Completed,Bank Transfer,12.77
8136,2207,2025-08-24,Completed,Card,9.52
8137,663,2024-12-18,Completed,Mobile Money,11.72
8138,1001,2025-12-01,Completed,Bank Transfer,6.32
8139,2379,2024-11-26,Completed,Card,9.33
8140,1174,2025-04-24,Completed,PayPal,2.95
8141,1290,2024-10-20,Completed,Card,24.07
8142,2226,2024-10-15,Completed,Card,23.9
8143,270,2025-02-15,Completed,Bank Transfer,18.73
8144,1371,2025-09-27,Completed,Cash on Delivery,6.35
8145,2073,2025-05-18,Completed,Cash on Delivery,9.55
8146,855,2025-06-17,Returned,Card,11.8
8147,144,2025-10-15,Completed,Cash on Delivery,15.59
8148,418,2025-03-01,Completed,Bank Transfer,17.97
8149,160,2025-05-08,Completed,Card,21.04
8150,1336,2024-11-11,Completed,Card,13.22
8151,1473,2024-04-29,Completed,Card,17.43
8152,1955,2025-12-31,Returned,Mobile Money,24.64
8153,533,2025-04-14,Completed,Bank Transfer,19.26
8154,1004,2024-02-29,Completed,PayPal,24.07
8155,731,2024-10-20,Completed,Mobile Money,24.82
8156,2069,2025-07-19,Completed,Bank Transfer,7.55
8157,833,2024-11-23,Completed,PayPal,6.9
8158,18,2024-09-28,Completed,Card,15.66
8159,954,2024-02-19,Completed,PayPal,12.59
8160,1487,2025-08-04,Completed,Card,14.61
8161,499,2024-08-01,Completed,Card,8.24
8162,832,2024-04-19,Completed,Cash on Delivery,4.79
8163,1675,2025-07-02,Cancelled,Cash on Delivery,5.48
8164,730,2025-12-21,Completed,Card,20.69
8165,1899,2024-09-10,Completed,Card,13.58
8166,196,2024-07-28,Completed,Bank Transfer,19.14
8167,478,2024-08-25,Completed,Bank Transfer,3.32
8168,820,2025-09-08,Completed,Card,16.78
8169,552,2025-06-29,Completed,Bank Transfer,8.85
8170,1758,2025-04-25,Cancelled,PayPal,21.41
8171,2106,2024-07-20,Completed,Mobile Money,3.37
8172,2246,2025-08-16,Completed,Bank Transfer,21.76
8173,68,2025-12-13,Completed,Card,20.56
8174,1171,2025-10-17,Completed,Mobile Money,6.67
8175,1573,2024-12-10,Completed,Card,20.66
8176,940,2025-07-29,Completed,Card,20.56
8177,2349,2025-07-27,Cancelled,Mobile Money,7.75
8178,624,2025-07-03,Completed,Cash on Delivery,12.19
8179,731,2024-01-03,Completed,Bank Transfer,10.67
8180,1588,2024-10-20,Completed,Card,10.52
8181,2361,2024-09-02,Completed,Mobile Money,19.79
8182,637,2025-12-27,Completed,Mobile Money,18.83
8183,2312,2025-12-08,Completed,Bank Transfer,8.14
8184,1958,2024-03-09,Completed,Card,4.54
8185,455,2025-10-01,Cancelled,Card,3.23
8186,732,2025-11-28,Completed,PayPal,11.23
8187,2413,2025-04-28,Completed,Bank Transfer,16.92
8188,1155,2024-09-05,Completed,Card,14.36
8189,249,2024-12-10,Completed,Bank Transfer,10.35
8190,44,2024-02-25,Completed,Card,21.02
8191,2364,2024-12-16,Completed,Bank Transfer,20.72
8192,1144,2025-05-26,Completed,Card,4.76
8193,550,2024-04-18,Completed,PayPal,3.73
8194,24,2025-10-24,Completed,Card,23.34
8195,152,2025-07-14,Completed,Cash on Delivery,19.85
8196,1456,2024-11-27,Completed,Card,3.18
8197,255,2025-03-10,Completed,Card,10.39
8198,1411,2024-12-23,Completed,Card,3.07
8199,1628,2024-01-25,Completed,Bank Transfer,20.96
8200,1172,2024-09-22,Completed,Bank Transfer,8.76
8201,1422,2025-04-07,Completed,Bank Transfer,8.66
8202,2405,2024-01-24,Completed,Card,12.78
8203,773,2025-05-03,Completed,Card,9.54
8204,1049,2024-11-17,Completed,Cash on Delivery,20.26
8205,1327,2024-10-16,Completed,Card,3.5
8206,1389,2025-02-22,Completed,PayPal,16.8
8207,1794,2025-09-01,Completed,Mobile Money,8.53
8208,752,2024-12-06,Completed,Cash on Delivery,18.59
8209,1838,2025-05-16,Completed,Card,19.7
8210,298,2024-05-09,Completed,Mobile Money,12.38
8211,216,2025-04-10,Completed,Card,2.86
8212,1930,2024-10-30,Completed,Mobile Money,13.22
8213,512,2025-02-14,Completed,Bank Transfer,11.78
8214,442,2024-09-17,Completed,Card,20.36
8215,2379,2024-10-20,Completed,PayPal,6.7
8216,461,2025-10-22,Completed,PayPal,8.19
8217,330,2024-10-17,Completed,Card,5.06
8218,838,2024-09-28,Cancelled,PayPal,23.24
8219,277,2025-07-26,Completed,Bank Transfer,18.26
8220,2254,2024-11-27,Completed,Card,11.46
8221,1197,2025-05-18,Completed,Bank Transfer,8.93
8222,160,2024-09-01,Completed,Mobile Money,16.41
8223,2284,2024-07-16,Completed,Card,6.49
8224,306,2025-06-30,Completed,Bank Transfer,24.39
8225,2282,2024-04-19,Completed,Bank Transfer,12.11
8226,1290,2024-12-25,Completed,Bank Transfer,19.86
8227,1459,2025-05-06,Completed,Mobile Money,19.58
8228,1539,2024-05-31,Completed,Bank Transfer,22.39
8229,348,2024-10-10,Completed,Bank Transfer,14.25
8230,173,2025-09-09,Completed,Mobile Money,5.5
8231,2289,2024-12-29,Completed,PayPal,5.02
8232,950,2025-06-16,Completed,Card,16.72
8233,2391,2024-06-16,Completed,Mobile Money,23.72
8234,1596,2025-11-20,Completed,Bank Transfer,5.64
8235,1883,2025-02-21,Completed,Card,8.57
8236,181,2025-06-08,Completed,Card,11.42
8237,2448,2024-12-08,Completed,Cash on Delivery,6.58
8238,478,2024-01-18,Completed,Mobile Money,15.86
8239,1701,2025-06-26,Completed,Card,3.33
8240,254,2024-04-08,Completed,Card,15.46
8241,2448,2024-02-05,Completed,Card,17.75
8242,748,2024-07-28,Completed,Card,23.95
8243,1217,2025-11-26,Completed,Bank Transfer,5.69
8244,2062,2025-01-07,Completed,PayPal,3.58
8245,1277,2025-09-11,Completed,Card,8.82
8246,1306,2024-10-11,Completed,PayPal,9.04
8247,1195,2024-10-29,Completed,Card,22.78
8248,1794,2024-06-23,Completed,Card,19.82
8249,747,2025-09-25,Completed,Card,23.05
8250,128,2024-05-31,Completed,PayPal,21.41
8251,2018,2025-05-30,Completed,Card,24.51
8252,726,2024-08-06,Cancelled,PayPal,21.78
8253,2265,2025-01-28,Completed,Bank Transfer,2.57
8254,200,2025-09-02,Cancelled,Card,9.51
8255,73,2024-10-31,Completed,Card,11.95
8256,2316,2025-11-10,Completed,Bank Transfer,14.96
8257,1503,2025-01-06,Completed,Card,16.01
8258,465,2025-01-20,Completed,PayPal,2.71
8259,20,2025-04-14,Completed,Card,11.49
8260,2105,2024-09-21,Completed,Card,4.75
8261,597,2025-12-17,Completed,Mobile Money,8.28
8262,2040,2025-12-03,Completed,Card,5.74
8263,90,2025-02-15,Completed,Mobile Money,19.69
8264,541,2024-08-28,Completed,Card,16.55
8265,1211,2024-08-28,Completed,Card,12.23
8266,2415,2024-03-14,Completed,Card,11.35
8267,2006,2025-05-09,Completed,PayPal,7.31
8268,1753,2024-06-15,Completed,Card,5.96
8269,455,2025-05-04,Completed,PayPal,18.82
8270,1265,2025-06-29,Completed,Card,3.2
8271,501,2025-06-20,Cancelled,Mobile Money,12.96
8272,1775,2024-10-17,Returned,Card,24.19
8273,817,2024-03-08,Completed,Mobile Money,7.76
8274,1332,2024-05-09,Completed,Card,16.75
8275,973,2025-02-01,Completed,Bank Transfer,6.96
8276,600,2024-04-24,Completed,Bank Transfer,11.24
8277,1063,2024-02-03,Completed,Card,5.97
8278,1490,2025-08-16,Completed,Card,22.67
8279,528,2025-01-16,Cancelled,Mobile Money,11.25
8280,1948,2025-11-26,Completed,Mobile Money,23.34
8281,1834,2024-11-18,Completed,Mobile Money,12.9
8282,1200,2025-03-31,Completed,Card,14.25
8283,493,2025-02-17,Completed,Card,20.87
8284,345,2025-04-01,Completed,Bank Transfer,11.73
8285,487,2025-10-06,Completed,Bank Transfer,5.42
8286,614,2025-11-12,Completed,Mobile Money,22.72
8287,60,2025-10-30,Completed,Card,16.58
8288,1907,2025-04-24,Completed,Card,20.96
8289,1816,2024-11-15,Completed,Mobile Money,20.0
8290,2109,2024-07-28,Completed,PayPal,14.54
8291,650,2025-12-12,Completed,Card,17.51
8292,959,2025-05-31,Completed,PayPal,8.82
8293,903,2024-05-07,Completed,Card,18.94
8294,1573,2025-12-30,Completed,Card,17.88
8295,777,2025-03-25,Completed,Card,10.69
8296,1901,2024-08-07,Completed,Mobile Money,12.51
8297,1861,2024-04-02,Completed,Card,24.36
8298,1094,2024-09-30,Completed,Card,11.84
8299,1807,2024-10-04,Completed,Cash on Delivery,19.3
8300,1552,2025-01-26,Completed,Card,17.88
8301,827,2024-05-20,Completed,Card,10.57
8302,2010,2025-02-12,Completed,Card,7.64
8303,1324,2025-11-26,Completed,Bank Transfer,21.1
8304,1470,2025-06-07,Completed,Card,13.89
8305,1073,2025-02-10,Completed,Mobile Money,8.31
8306,2111,2025-12-25,Completed,Card,5.17
8307,1713,2024-12-05,Completed,Mobile Money,12.47
8308,1407,2025-02-27,Completed,Card,10.91
8309,703,2024-03-20,Completed,Bank Transfer,10.73
8310,1657,2024-08-25,Completed,Cash on Delivery,20.59
8311,1368,2025-10-29,Completed,Bank Transfer,13.76
8312,818,2024-03-13,Completed,Cash on Delivery,24.58
8313,1539,2025-12-01,Completed,Card,5.32
8314,1603,2024-09-08,Completed,Card,11.44
8315,449,2024-11-05,Completed,Card,3.6
8316,2287,2025-12-29,Completed,Bank Transfer,16.33
8317,1694,2025-11-06,Completed,Bank Transfer,10.32
8318,630,2024-08-17,Completed,Bank Transfer,22.24
8319,331,2024-07-22,Completed,Card,15.1
8320,1572,2025-09-18,Completed,Bank Transfer,7.77
8321,963,2025-07-02,Completed,PayPal,19.45
8322,792,2025-10-27,Completed,PayPal,6.04
8323,1947,2024-06-14,Completed,Card,14.19
8324,82,2025-10-27,Completed,Card,15.9
8325,833,2025-07-09,Completed,Card,16.61
8326,501,2024-09-23,Completed,Card,11.01
8327,2371,2024-02-28,Completed,Card,10.86
8328,704,2024-12-05,Completed,Card,19.71
8329,2264,2024-03-06,Completed,Cash on Delivery,23.11
8330,309,2024-11-27,Completed,PayPal,3.55
8331,1561,2024-09-11,Completed,Bank Transfer,5.36
8332,587,2024-11-29,Completed,Card,8.73
8333,1366,2025-02-01,Completed,Card,2.77
8334,1853,2024-08-08,Completed,Card,19.19
8335,731,2024-03-04,Completed,Bank Transfer,19.77
8336,10,2024-08-01,Completed,Card,10.59
8337,833,2025-12-01,Completed,PayPal,17.45
8338,692,2025-09-08,Completed,Card,11.58
8339,868,2025-09-03,Completed,Bank Transfer,17.03
8340,2339,2025-11-20,Completed,Card,7.6
8341,539,2024-11-16,Completed,Bank Transfer,21.99
8342,1067,2024-08-31,Completed,Card,21.35
8343,1729,2025-08-08,Completed,Bank Transfer,4.66
8344,1033,2024-05-01,Completed,Card,5.53
8345,686,2024-02-25,Completed,Card,11.44
8346,1469,2024-07-31,Completed,Card,19.28
8347,221,2024-10-25,Completed,Bank Transfer,11.42
8348,2153,2024-10-29,Completed,Card,15.09
8349,270,2024-10-22,Completed,Bank Transfer,5.26
8350,527,2025-01-11,Completed,Card,24.89
8351,513,2025-06-28,Completed,Mobile Money,14.12
8352,567,2024-04-13,Completed,Card,3.02
8353,2296,2024-07-19,Completed,Bank Transfer,4.77
8354,2253,2024-05-05,Completed,Cash on Delivery,7.75
8355,2104,2024-08-21,Completed,Card,11.29
8356,1083,2025-07-24,Completed,Mobile Money,4.23
8357,1431,2025-07-12,Completed,Card,7.39
8358,104,2025-05-13,Completed,Card,12.82
8359,1363,2024-03-29,Completed,Card,13.51
8360,495,2024-06-18,Cancelled,Card,21.6
8361,414,2024-07-05,Completed,Card,8.5
8362,1665,2024-12-16,Cancelled,Card,7.38
8363,1202,2024-03-22,Completed,Card,8.23
8364,461,2024-02-17,Completed,Mobile Money,24.82
8365,1337,2024-05-29,Completed,Card,5.5
8366,354,2024-12-18,Completed,Card,9.82
8367,1363,2025-03-16,Completed,Bank Transfer,24.86
8368,2083,2024-08-04,Completed,Bank Transfer,14.61
8369,804,2025-06-26,Completed,Cash on Delivery,7.72
8370,1107,2024-01-11,Completed,Bank Transfer,7.46
8371,641,2024-12-10,Completed,Card,18.64
8372,2287,2024-01-03,Completed,Card,24.68
8373,413,2025-06-11,Completed,PayPal,14.9
8374,1038,2025-08-15,Completed,Card,16.43
8375,671,2025-09-08,Completed,Mobile Money,13.62
8376,743,2024-09-02,Completed,Card,7.96
8377,1041,2025-10-09,Completed,Card,21.7
8378,41,2025-02-28,Completed,Card,20.11
8379,555,2024-10-10,Completed,Mobile Money,3.81
8380,2454,2024-09-22,Completed,PayPal,4.42
8381,1888,2025-03-21,Completed,Card,18.28
8382,2289,2024-11-04,Completed,Bank Transfer,5.61
8383,977,2025-07-03,Completed,Mobile Money,23.33
8384,5,2024-07-18,Completed,Cash on Delivery,20.44
8385,724,2024-07-08,Completed,Card,3.95
8386,794,2024-09-21,Completed,Card,21.59
8387,919,2024-07-18,Completed,Card,15.08
8388,1581,2024-06-21,Completed,PayPal,10.44
8389,727,2025-02-13,Completed,Card,17.76
8390,686,2025-12-30,Completed,Card,5.87
8391,2350,2025-12-12,Completed,Card,19.61
8392,885,2025-07-30,Completed,Bank Transfer,7.98
8393,478,2025-02-03,Completed,PayPal,13.05
8394,725,2025-12-09,Completed,PayPal,9.11
8395,1263,2024-10-06,Completed,Card,4.27
8396,1725,2024-09-29,Completed,Card,22.56
8397,2240,2024-08-17,Completed,Mobile Money,23.31
8398,2349,2024-12-24,Completed,Bank Transfer,12.05
8399,997,2025-02-04,Completed,Card,12.31
8400,1622,2025-02-09,Completed,Card,16.12
8401,1295,2025-10-29,Completed,Card,7.0
8402,1177,2024-09-28,Completed,Card,20.91
8403,1768,2024-06-03,Completed,Bank Transfer,4.57
8404,1771,2024-12-28,Completed,Card,20.91
8405,1217,2024-07-07,Completed,Card,8.06
8406,1389,2024-09-17,Completed,PayPal,12.06
8407,1988,2024-08-29,Completed,Mobile Money,10.71
8408,1159,2025-04-09,Completed,Cash on Delivery,20.86
8409,11,2024-08-05,Completed,Card,3.57
8410,757,2024-06-25,Completed,Cash on Delivery,15.63
8411,2424,2025-12-27,Completed,Bank Transfer,24.25
8412,1815,2025-04-30,Completed,Card,15.86
8413,145,2025-10-28,Completed,PayPal,17.2
8414,2481,2025-10-25,Completed,PayPal,20.05
8415,29,2025-07-10,Returned,Card,22.72
8416,1888,2025-09-10,Completed,Bank Transfer,12.28
8417,1945,2025-07-07,Completed,PayPal,17.01
8418,351,2024-02-27,Completed,PayPal,10.77
8419,1277,2024-06-11,Completed,Mobile Money,19.99
8420,1701,2025-07-01,Completed,Card,18.97
8421,2263,2024-06-04,Completed,Mobile Money,5.67
8422,1753,2025-07-26,Completed,Cash on Delivery,20.84
8423,2407,2025-04-29,Completed,Card,9.84
8424,1367,2024-08-02,Completed,Bank Transfer,16.76
8425,201,2025-11-28,Completed,Card,7.64
8426,152,2024-11-23,Completed,Mobile Money,10.62
8427,1881,2025-05-02,Completed,Cash on Delivery,19.93
8428,1879,2024-11-03,Completed,Card,19.16
8429,113,2025-02-05,Completed,Mobile Money,3.34
8430,909,2025-09-23,Completed,PayPal,22.32
8431,270,2025-06-03,Completed,Mobile Money,24.79
8432,1624,2024-04-08,Completed,Mobile Money,10.46
8433,413,2025-05-16,Completed,Card,17.51
8434,892,2024-10-02,Completed,Card,6.4
8435,489,2024-08-13,Completed,Mobile Money,16.9
8436,194,2024-01-01,Completed,Cash on Delivery,22.24
8437,1527,2024-08-18,Completed,Mobile Money,20.97
8438,972,2024-01-05,Completed,Mobile Money,21.66
8439,2191,2025-07-14,Completed,Card,3.14
8440,795,2024-10-07,Completed,Bank Transfer,18.52
8441,1278,2024-10-08,Completed,Bank Transfer,10.41
8442,1092,2025-03-11,Completed,PayPal,10.3
8443,780,2024-01-02,Completed,Mobile Money,20.34
8444,1138,2024-07-06,Completed,Mobile Money,18.16
8445,467,2024-03-09,Completed,Bank Transfer,18.41
8446,2037,2024-06-10,Completed,Bank Transfer,17.42
8447,1681,2025-06-11,Completed,Card,18.95
8448,2078,2024-10-07,Completed,Mobile Money,13.87
8449,1644,2024-04-01,Cancelled,Cash on Delivery,14.23
8450,2359,2025-08-19,Completed,Bank Transfer,18.66
8451,830,2024-05-21,Completed,Card,22.05
8452,978,2024-10-30,Completed,Card,23.56
8453,2454,2024-03-18,Completed,PayPal,12.3
8454,1572,2024-11-20,Completed,Card,9.73
8455,10,2024-11-12,Completed,Mobile Money,16.78
8456,41,2025-07-05,Completed,PayPal,21.46
8457,651,2024-01-25,Completed,Mobile Money,13.37
8458,558,2025-07-30,Completed,Bank Transfer,5.08
8459,2268,2024-04-03,Completed,Mobile Money,21.15
8460,744,2025-07-11,Completed,Card,20.65
8461,2304,2024-01-17,Completed,PayPal,20.01
8462,324,2025-04-07,Completed,Bank Transfer,24.17
8463,1319,2025-06-02,Completed,Card,19.45
8464,255,2025-01-28,Completed,Card,15.62
8465,2110,2025-04-16,Completed,Cash on Delivery,16.58
8466,1376,2024-04-04,Completed,Mobile Money,7.29
8467,1893,2024-02-24,Completed,Bank Transfer,11.3
8468,147,2024-08-08,Cancelled,Card,6.36
8469,1927,2025-04-25,Completed,Card,24.85
8470,1284,2024-12-22,Completed,Card,8.11
8471,1504,2025-08-15,Completed,Card,2.81
8472,322,2025-12-22,Completed,Bank Transfer,3.23
8473,1940,2025-02-27,Completed,Card,9.89
8474,283,2024-12-31,Completed,Mobile Money,2.83
8475,1063,2025-10-24,Completed,Bank Transfer,17.37
8476,2144,2024-07-10,Completed,Bank Transfer,6.35
8477,1535,2024-02-05,Completed,Card,16.94
8478,194,2024-05-11,Completed,Card,4.59
8479,135,2024-05-13,Completed,Card,21.98
8480,1774,2025-04-06,Cancelled,Bank Transfer,12.77
8481,630,2024-01-09,Completed,Bank Transfer,4.6
8482,1771,2025-06-29,Completed,Mobile Money,12.76
8483,1979,2024-06-25,Cancelled,Bank Transfer,15.2
8484,942,2025-09-28,Completed,Card,10.95
8485,156,2025-06-27,Completed,Cash on Delivery,13.53
8486,871,2024-04-28,Completed,Card,12.02
8487,2214,2024-11-12,Completed,Card,17.52
8488,820,2025-01-24,Completed,Mobile Money,20.43
8489,2119,2024-05-14,Completed,Card,9.58
8490,1713,2024-07-22,Completed,Card,22.52
8491,1071,2024-10-11,Completed,Card,18.6
8492,406,2024-03-24,Completed,Card,24.08
8493,582,2024-09-22,Cancelled,Card,18.96
8494,1007,2025-06-12,Completed,Bank Transfer,11.11
8495,1284,2025-12-10,Completed,Card,5.85
8496,1910,2024-07-03,Completed,Cash on Delivery,5.51
8497,2022,2024-02-15,Completed,Mobile Money,5.64
8498,1788,2024-09-06,Completed,Bank Transfer,6.71
8499,2240,2025-05-09,Completed,Bank Transfer,5.07
8500,300,2024-07-17,Completed,Cash on Delivery,7.2
8501,223,2024-03-03,Completed,Bank Transfer,19.81
8502,645,2024-08-11,Completed,Card,17.12
8503,478,2025-09-10,Completed,PayPal,19.97
8504,79,2025-08-26,Completed,Card,3.69
8505,1694,2025-12-13,Completed,Card,8.26
8506,2191,2025-03-05,Completed,Card,22.52
8507,2232,2024-05-14,Completed,Bank Transfer,15.01
8508,2459,2024-01-16,Completed,Card,11.27
8509,805,2024-01-07,Completed,PayPal,20.11
8510,53,2024-06-14,Completed,Bank Transfer,10.86
8511,2112,2025-03-22,Completed,PayPal,3.87
8512,1605,2024-10-22,Completed,Card,20.49
8513,914,2024-08-04,Completed,Mobile Money,22.64
8514,1825,2024-09-10,Completed,Bank Transfer,4.52
8515,1507,2024-12-30,Completed,Card,23.98
8516,493,2024-03-11,Completed,PayPal,18.7
8517,1187,2025-07-19,Completed,Bank Transfer,7.16
8518,2039,2024-11-01,Cancelled,Card,24.74
8519,21,2024-12-04,Completed,Mobile Money,6.4
8520,1344,2024-04-21,Cancelled,Card,22.29
8521,2197,2025-10-04,Completed,PayPal,19.47
8522,115,2025-05-13,Completed,Bank Transfer,7.84
8523,1742,2024-12-16,Cancelled,Card,16.2
8524,2137,2024-05-15,Completed,Card,9.86
8525,368,2025-08-12,Completed,Bank Transfer,23.47
8526,1224,2024-08-18,Completed,Card,24.34
8527,627,2024-06-30,Completed,Cash on Delivery,23.19
8528,2070,2024-08-19,Completed,Bank Transfer,16.57
8529,1108,2024-08-12,Completed,Cash on Delivery,22.32
8530,954,2024-10-08,Completed,Card,22.01
8531,481,2024-01-22,Completed,Bank Transfer,24.4
8532,2131,2024-11-16,Returned,Card,21.84
8533,630,2024-03-10,Completed,Card,20.46
8534,569,2024-05-05,Completed,Card,23.28
8535,2062,2024-11-26,Completed,PayPal,19.58
8536,154,2025-08-24,Completed,Mobile Money,4.27
8537,2430,2024-03-25,Returned,Bank Transfer,24.38
8538,1037,2024-04-05,Completed,Card,23.14
8539,12,2025-08-31,Completed,Bank Transfer,21.01
8540,1956,2025-08-29,Completed,PayPal,21.42
8541,1837,2024-11-22,Completed,Card,9.31
8542,2382,2024-10-31,Completed,Card,14.4
8543,392,2024-02-19,Completed,Card,11.79
8544,1476,2025-07-17,Completed,Card,18.57
8545,2415,2025-01-20,Completed,Bank Transfer,2.79
8546,1885,2024-01-03,Completed,Mobile Money,6.36
8547,1842,2025-07-01,Completed,Card,11.54
8548,2360,2024-10-28,Cancelled,Card,7.24
8549,2079,2024-06-11,Completed,Card,7.3
8550,21,2025-09-23,Completed,Card,24.94
8551,890,2024-12-15,Completed,Card,18.87
8552,445,2025-04-12,Completed,Bank Transfer,24.84
8553,2497,2025-12-08,Completed,Card,21.65
8554,1258,2025-02-23,Completed,PayPal,15.75
8555,1028,2025-01-09,Completed,Bank Transfer,12.36
8556,1083,2025-06-17,Completed,Card,21.34
8557,1447,2025-07-12,Completed,Card,21.08
8558,455,2025-10-15,Completed,Mobile Money,22.24
8559,1156,2025-07-25,Completed,Card,14.94
8560,2443,2025-01-14,Completed,Card,16.81
8561,328,2025-06-02,Completed,PayPal,20.71
8562,2284,2025-01-19,Completed,Card,21.69
8563,757,2024-05-13,Completed,Bank Transfer,10.67
8564,375,2024-05-09,Completed,Card,9.38
8565,2331,2025-07-25,Completed,Card,16.65
8566,842,2024-02-21,Completed,Card,6.59
8567,2250,2025-04-12,Completed,Card,5.69
8568,1072,2024-05-28,Completed,PayPal,6.4
8569,210,2025-12-14,Completed,Cash on Delivery,8.78
8570,1094,2024-03-24,Completed,Card,9.2
8571,1791,2024-09-07,Completed,Card,11.11
8572,1920,2024-12-24,Completed,Bank Transfer,5.94
8573,532,2025-06-12,Returned,Card,8.68
8574,51,2024-06-12,Completed,Card,7.77
8575,731,2025-03-31,Completed,Card,21.15
8576,2378,2025-02-08,Completed,Card,22.74
8577,599,2024-03-09,Completed,Card,18.22
8578,1136,2025-12-06,Completed,Card,11.31
8579,748,2025-02-12,Completed,Cash on Delivery,4.75
8580,522,2025-11-12,Completed,Bank Transfer,15.56
8581,1735,2024-02-11,Completed,Cash on Delivery,11.34
8582,1226,2024-07-21,Completed,Bank Transfer,12.06
8583,1645,2025-05-26,Completed,Card,23.05
8584,225,2025-10-28,Completed,Bank Transfer,10.33
8585,1009,2024-11-11,Completed,Bank Transfer,2.76
8586,2035,2024-09-12,Completed,Card,11.16
8587,870,2024-05-25,Completed,Card,8.16
8588,1231,2025-04-08,Completed,PayPal,21.67
8589,299,2025-06-19,Completed,Bank Transfer,21.56
8590,410,2024-04-16,Completed,PayPal,18.08
8591,2034,2025-10-29,Completed,Card,20.52
8592,1866,2024-10-24,Completed,Mobile Money,13.42
8593,2447,2024-09-08,Completed,Card,12.86
8594,1231,2025-09-05,Completed,Mobile Money,13.74
8595,578,2025-08-14,Completed,Mobile Money,22.42
8596,1042,2024-08-11,Completed,Card,11.26
8597,40,2024-11-08,Completed,Card,13.05
8598,888,2025-08-21,Completed,Bank Transfer,10.58
8599,847,2024-08-07,Completed,Card,24.22
8600,2178,2025-04-16,Completed,PayPal,23.6
8601,24,2024-08-31,Completed,Bank Transfer,9.63
8602,1657,2024-05-31,Completed,PayPal,3.82
8603,1813,2024-05-02,Completed,Card,11.72
8604,827,2025-02-13,Completed,Card,22.42
8605,51,2025-05-15,Completed,Card,9.52
8606,1199,2024-09-08,Completed,Card,7.83
8607,2498,2024-07-27,Completed,Bank Transfer,5.21
8608,793,2024-03-21,Completed,Card,9.68
8609,500,2025-04-28,Completed,Bank Transfer,18.85
8610,459,2025-12-25,Completed,Bank Transfer,13.6
8611,609,2025-07-26,Completed,Mobile Money,19.85
8612,746,2024-01-31,Completed,Mobile Money,20.64
8613,350,2025-05-28,Completed,PayPal,21.79
8614,2332,2025-06-01,Completed,Bank Transfer,12.71
8615,1900,2025-12-30,Completed,Bank Transfer,15.09
8616,691,2025-10-29,Completed,Bank Transfer,10.84
8617,1608,2025-07-31,Completed,Bank Transfer,3.91
8618,1099,2025-01-10,Completed,Card,2.88
8619,1549,2025-12-28,Completed,Mobile Money,22.5
8620,2338,2025-03-23,Completed,Card,24.67
8621,350,2025-02-10,Completed,PayPal,7.88
8622,823,2024-09-20,Completed,Card,16.11
8623,1146,2024-12-09,Completed,Card,8.22
8624,111,2024-11-11,Completed,PayPal,5.12
8625,244,2025-09-01,Completed,Bank Transfer,7.07
8626,1181,2024-12-11,Completed,Cash on Delivery,21.47
8627,946,2025-09-13,Completed,Card,13.04
8628,1022,2024-04-27,Completed,PayPal,14.48
8629,1776,2025-12-22,Completed,Mobile Money,8.79
8630,766,2025-08-09,Cancelled,Mobile Money,20.31
8631,2357,2025-07-19,Completed,Card,11.63
8632,1881,2025-03-27,Completed,Card,19.29
8633,1540,2024-03-29,Completed,Card,17.54
8634,1825,2024-06-06,Completed,Card,10.63
8635,1997,2025-04-23,Completed,PayPal,7.82
8636,684,2024-12-09,Completed,PayPal,23.81
8637,398,2025-10-04,Completed,PayPal,8.47
8638,802,2025-02-20,Completed,Card,8.81
8639,600,2024-08-06,Completed,Card,24.05
8640,726,2025-12-08,Completed,Mobile Money,5.64
8641,1236,2024-06-20,Completed,Card,11.36
8642,1059,2025-01-07,Completed,Mobile Money,15.57
8643,1094,2024-02-21,Completed,PayPal,5.46
8644,2294,2025-03-22,Completed,Card,5.15
8645,2076,2025-05-03,Completed,Bank Transfer,6.01
8646,2442,2025-09-09,Completed,Card,11.89
8647,641,2025-12-06,Completed,Card,24.75
8648,2167,2025-03-13,Completed,Card,22.39
8649,2427,2025-06-21,Completed,Bank Transfer,6.65
8650,972,2024-12-10,Cancelled,Bank Transfer,8.43
8651,825,2024-06-16,Completed,Card,11.83
8652,2333,2025-12-18,Completed,Card,5.68
8653,1217,2025-04-23,Completed,Card,4.11
8654,2280,2025-07-09,Completed,PayPal,3.8
8655,1626,2025-06-01,Cancelled,Card,3.17
8656,1147,2024-09-02,Completed,Cash on Delivery,3.09
8657,994,2025-07-09,Completed,Card,19.81
8658,2447,2024-08-20,Completed,Card,7.76
8659,615,2025-08-02,Completed,PayPal,3.65
8660,1172,2024-09-24,Completed,Bank Transfer,4.23
8661,1631,2024-05-11,Completed,PayPal,15.57
8662,663,2024-05-22,Completed,Bank Transfer,23.02
8663,1840,2024-05-15,Completed,Card,22.57
8664,2489,2024-04-12,Completed,Card,8.99
8665,638,2025-03-10,Completed,Cash on Delivery,20.54
8666,1245,2025-03-30,Completed,Cash on Delivery,20.52
8667,1835,2025-01-25,Completed,Mobile Money,17.58
8668,41,2024-09-05,Completed,Card,21.19
8669,297,2025-09-18,Completed,Mobile Money,23.6
8670,2374,2024-08-25,Completed,Card,8.06
8671,616,2025-05-05,Completed,Bank Transfer,23.55
8672,280,2025-03-02,Completed,PayPal,19.37
8673,1948,2025-11-19,Completed,Card,13.6
8674,821,2025-06-11,Completed,Card,4.69
8675,859,2025-03-13,Completed,PayPal,13.29
8676,2289,2024-09-10,Completed,Mobile Money,16.86
8677,688,2024-08-26,Completed,Card,4.21
8678,1528,2024-06-08,Completed,Card,19.32
8679,2419,2024-09-22,Completed,Bank Transfer,24.42
8680,80,2024-03-17,Completed,Bank Transfer,10.81
8681,754,2025-08-20,Completed,Mobile Money,7.49
8682,2122,2025-02-27,Completed,Card,24.42
8683,1504,2025-06-19,Completed,Mobile Money,7.16
8684,992,2024-02-02,Completed,Cash on Delivery,8.45
8685,1018,2025-04-03,Completed,Card,5.84
8686,1855,2025-10-05,Completed,Card,16.46
8687,824,2025-04-15,Completed,PayPal,12.13
8688,202,2024-04-08,Completed,Mobile Money,3.73
8689,400,2024-01-05,Completed,Mobile Money,6.17
8690,2249,2024-04-01,Completed,Card,15.14
8691,1887,2024-04-06,Completed,Mobile Money,15.56
8692,1448,2024-06-26,Completed,Bank Transfer,10.16
8693,771,2024-01-26,Completed,Card,9.85
8694,47,2025-05-26,Cancelled,Card,9.06
8695,2038,2024-03-04,Completed,Card,8.68
8696,2415,2025-09-18,Completed,Card,14.66
8697,2417,2025-06-16,Completed,Card,23.89
8698,821,2024-09-14,Completed,Bank Transfer,5.79
8699,1686,2024-04-10,Completed,Card,14.64
8700,384,2024-09-30,Completed,Mobile Money,23.26
8701,2192,2025-11-22,Completed,Card,11.95
8702,891,2025-04-20,Returned,Bank Transfer,17.45
8703,1265,2024-05-12,Completed,Card,4.61
8704,1072,2025-09-24,Completed,Card,21.29
8705,368,2025-02-22,Completed,Card,23.11
8706,1221,2025-09-21,Completed,Cash on Delivery,10.06
8707,802,2024-02-25,Completed,PayPal,18.48
8708,398,2025-06-12,Completed,Card,3.3
8709,1929,2024-01-25,Completed,Card,20.64
8710,2093,2025-08-04,Completed,Card,18.66
8711,886,2024-03-22,Completed,Card,8.87
8712,1423,2025-11-01,Completed,Card,19.15
8713,1959,2024-12-03,Completed,Cash on Delivery,18.52
8714,241,2025-03-26,Completed,Card,12.03
8715,1567,2025-12-24,Completed,Mobile Money,14.12
8716,113,2025-11-15,Completed,Card,20.7
8717,976,2025-12-01,Completed,PayPal,5.38
8718,1067,2025-08-14,Completed,PayPal,23.27
8719,475,2024-04-20,Completed,Mobile Money,22.71
8720,657,2024-03-27,Completed,PayPal,23.02
8721,1879,2025-11-13,Completed,PayPal,23.69
8722,1950,2024-08-16,Completed,Mobile Money,7.93
8723,1357,2025-05-31,Cancelled,PayPal,7.82
8724,723,2024-10-15,Completed,Card,9.47
8725,2113,2024-03-13,Completed,Card,13.7
8726,2099,2025-07-18,Completed,PayPal,7.52
8727,1229,2025-03-14,Completed,Mobile Money,5.2
8728,275,2025-07-08,Completed,Mobile Money,8.19
8729,2001,2025-04-07,Completed,Bank Transfer,6.75
8730,1644,2024-06-08,Returned,Bank Transfer,22.59
8731,1563,2025-11-28,Completed,Mobile Money,4.59
8732,1107,2025-05-04,Completed,PayPal,22.8
8733,2197,2025-04-05,Completed,Card,24.07
8734,580,2025-10-07,Completed,Card,15.76
8735,479,2024-10-13,Completed,Mobile Money,3.95
8736,705,2024-05-20,Completed,Card,5.96
8737,2178,2024-05-31,Completed,Card,17.04
8738,2289,2024-08-11,Completed,Card,24.55
8739,155,2025-01-27,Completed,Card,14.85
8740,571,2025-05-07,Completed,Bank Transfer,9.72
8741,2246,2025-07-28,Completed,Card,24.69
8742,988,2024-09-15,Completed,Card,15.81
8743,1962,2024-01-18,Completed,Card,21.05
8744,137,2025-12-26,Completed,Mobile Money,11.05
8745,2321,2024-02-16,Completed,Card,12.63
8746,553,2024-04-05,Returned,Mobile Money,3.58
8747,1464,2024-10-21,Completed,PayPal,11.19
8748,2197,2024-10-26,Completed,Bank Transfer,14.45
8749,255,2025-08-16,Completed,Bank Transfer,8.46
8750,1423,2024-09-02,Completed,Mobile Money,7.45
8751,464,2025-09-10,Completed,Mobile Money,18.4
8752,1587,2025-03-07,Completed,PayPal,16.24
8753,302,2024-05-30,Cancelled,Mobile Money,18.41
8754,1678,2025-10-30,Completed,Card,17.05
8755,770,2025-08-28,Cancelled,Card,14.44
8756,2303,2024-09-07,Completed,Bank Transfer,6.93
8757,627,2025-03-17,Completed,Card,22.7
8758,2253,2024-07-14,Completed,Card,10.2
8759,748,2024-09-17,Completed,PayPal,22.17
8760,434,2025-06-05,Cancelled,PayPal,4.68
8761,2062,2025-04-04,Completed,Card,17.38
8762,1075,2024-03-24,Completed,Card,8.97
8763,1823,2024-02-26,Completed,Card,12.67
8764,1539,2025-01-15,Completed,Bank Transfer,3.23
8765,2352,2024-06-05,Completed,Card,7.82
8766,1547,2025-01-27,Completed,Mobile Money,19.2
8767,1794,2025-05-03,Completed,Bank Transfer,8.06
8768,554,2025-11-04,Completed,Card,11.31
8769,2442,2025-12-06,Completed,PayPal,8.48
8770,81,2024-11-09,Completed,Bank Transfer,9.42
8771,192,2024-06-29,Completed,Bank Transfer,9.7
8772,77,2024-09-08,Completed,Card,7.75
8773,1150,2024-04-23,Completed,Card,6.08
8774,691,2024-05-02,Cancelled,Mobile Money,4.13
8775,1713,2025-04-14,Completed,Mobile Money,19.07
8776,984,2024-09-26,Completed,Mobile Money,24.06
8777,1638,2024-07-18,Completed,Bank Transfer,3.53
8778,2062,2024-02-05,Completed,Cash on Delivery,20.07
8779,1223,2025-06-03,Completed,Bank Transfer,10.63
8780,1945,2024-09-30,Completed,Bank Transfer,15.88
8781,975,2025-07-27,Cancelled,Mobile Money,3.81
8782,1653,2025-10-23,Completed,PayPal,13.15
8783,2405,2025-11-02,Completed,Bank Transfer,10.11
8784,1099,2024-11-28,Completed,Card,15.32
8785,733,2025-09-09,Completed,Mobile Money,5.1
8786,451,2025-08-20,Completed,Cash on Delivery,22.71
8787,1802,2025-01-20,Completed,Card,17.35
8788,1689,2024-07-16,Cancelled,Mobile Money,13.68
8789,244,2024-12-24,Completed,Bank Transfer,18.81
8790,2093,2025-08-18,Completed,Card,4.79
8791,1973,2024-08-30,Completed,Card,24.4
8792,2440,2025-12-14,Completed,Cash on Delivery,4.73
8793,2436,2025-11-04,Completed,Mobile Money,3.83
8794,1632,2025-10-05,Completed,PayPal,13.92
8795,2396,2025-11-19,Completed,Card,19.98
8796,2222,2024-01-01,Completed,Mobile Money,9.68
8797,60,2025-04-17,Completed,Cash on Delivery,5.05
8798,2149,2024-01-23,Completed,Card,5.67
8799,1306,2025-12-01,Completed,Card,9.07
8800,437,2024-02-17,Completed,Card,21.13
8801,122,2024-09-20,Completed,Card,13.72
8802,1357,2025-04-18,Completed,Card,12.43
8803,2415,2025-04-12,Completed,Card,8.22
8804,2356,2025-06-11,Cancelled,Card,8.49
8805,77,2024-04-02,Completed,Card,19.98
8806,248,2025-08-11,Completed,Mobile Money,20.43
8807,2222,2024-11-18,Completed,Mobile Money,12.87
8808,267,2025-10-18,Completed,Bank Transfer,11.08
8809,471,2024-01-15,Completed,Mobile Money,21.45
8810,2135,2024-12-21,Completed,Bank Transfer,9.17
8811,275,2025-10-02,Completed,Bank Transfer,20.84
8812,1324,2024-08-31,Completed,Card,5.47
8813,1164,2025-06-10,Completed,Card,24.78
8814,602,2024-01-20,Completed,Bank Transfer,18.33
8815,1672,2024-03-20,Completed,Bank Transfer,11.9
8816,912,2025-08-12,Completed,Cash on Delivery,9.57
8817,124,2025-02-24,Completed,Mobile Money,18.34
8818,2286,2024-10-26,Cancelled,Bank Transfer,22.78
8819,1150,2024-05-14,Completed,Card,6.76
8820,1355,2024-12-22,Completed,Bank Transfer,23.16
8821,1126,2025-12-31,Completed,Bank Transfer,4.7
8822,312,2025-03-09,Completed,Mobile Money,8.52
8823,1660,2025-12-31,Completed,Cash on Delivery,18.59
8824,1924,2025-05-15,Completed,Card,9.9
8825,880,2025-09-23,Completed,PayPal,24.88
8826,312,2024-10-29,Completed,PayPal,5.1
8827,1624,2024-10-31,Completed,Card,24.2
8828,2328,2025-02-06,Cancelled,PayPal,15.32
8829,258,2025-01-25,Completed,Card,7.57
8830,2133,2024-09-18,Completed,Cash on Delivery,11.59
8831,711,2025-07-09,Completed,Cash on Delivery,13.52
8832,1047,2024-10-16,Completed,Bank Transfer,24.15
8833,1351,2025-04-14,Completed,Bank Transfer,13.6
8834,1145,2024-04-28,Completed,Card,16.08
8835,2010,2025-02-06,Completed,Mobile Money,2.93
8836,406,2025-11-15,Completed,Card,14.37
8837,21,2024-10-11,Completed,Card,9.39
8838,408,2024-11-07,Returned,Card,8.99
8839,1193,2025-08-24,Completed,Mobile Money,10.42
8840,270,2024-02-02,Completed,Card,13.32
8841,2293,2025-01-03,Completed,Cash on Delivery,6.25
8842,186,2025-12-06,Completed,Card,8.63
8843,757,2025-06-27,Completed,Bank Transfer,5.43
8844,1530,2025-06-29,Returned,PayPal,2.52
8845,59,2025-06-04,Completed,Bank Transfer,19.11
8846,880,2025-07-15,Completed,Card,13.67
8847,1226,2024-02-06,Completed,Card,17.59
8848,2109,2025-03-26,Completed,Card,24.46
8849,1793,2025-09-06,Completed,Mobile Money,6.4
8850,699,2025-10-01,Completed,PayPal,7.06
8851,2038,2025-05-28,Completed,Card,13.85
8852,397,2025-07-25,Completed,PayPal,8.06
8853,1489,2024-07-28,Completed,PayPal,3.0
8854,1089,2024-04-27,Completed,Card,10.9
8855,1710,2025-03-13,Completed,Bank Transfer,16.62
8856,1512,2024-05-31,Completed,Card,23.01
8857,2333,2024-01-23,Completed,Card,24.15
8858,1982,2024-02-19,Completed,Mobile Money,8.74
8859,332,2024-03-02,Completed,Bank Transfer,14.31
8860,771,2025-06-15,Completed,Bank Transfer,17.11
8861,965,2024-12-26,Completed,Bank Transfer,12.2
8862,412,2025-02-17,Completed,Card,6.94
8863,1782,2024-04-12,Completed,Mobile Money,8.86
8864,545,2025-09-16,Completed,Bank Transfer,23.2
8865,602,2024-10-18,Completed,Cash on Delivery,10.72
8866,1,2025-11-16,Completed,PayPal,23.92
8867,2349,2024-08-21,Returned,Mobile Money,10.02
8868,1195,2024-09-09,Completed,Bank Transfer,19.7
8869,736,2025-10-06,Completed,Card,17.42
8870,1218,2024-05-20,Completed,Bank Transfer,3.0
8871,1701,2025-02-06,Completed,Bank Transfer,3.58
8872,677,2025-03-29,Completed,Bank Transfer,18.09
8873,174,2024-10-14,Completed,Card,17.08
8874,2190,2025-06-29,Completed,Card,8.69
8875,2437,2024-05-29,Completed,Card,24.7
8876,700,2024-04-05,Completed,PayPal,22.59
8877,1848,2025-07-13,Completed,Mobile Money,11.12
8878,408,2024-04-09,Returned,PayPal,19.4
8879,723,2025-08-06,Completed,Bank Transfer,18.51
8880,1117,2024-05-20,Completed,Bank Transfer,16.76
8881,1198,2024-12-06,Completed,Bank Transfer,14.51
8882,635,2024-06-03,Completed,Card,22.88
8883,1711,2025-10-09,Completed,Card,22.56
8884,1567,2024-05-26,Completed,Card,18.43
8885,804,2024-04-10,Completed,Card,13.22
8886,2360,2025-07-13,Completed,Card,18.58
8887,316,2025-09-20,Completed,Card,13.65
8888,71,2024-04-08,Completed,Card,6.33
8889,401,2025-11-20,Completed,Bank Transfer,9.1
8890,1825,2025-03-16,Completed,Card,5.03
8891,740,2024-08-16,Completed,Bank Transfer,24.34
8892,2246,2025-11-09,Completed,Card,17.14
8893,192,2024-02-07,Completed,Cash on Delivery,18.01
8894,2131,2024-09-15,Completed,Card,14.17
8895,1071,2025-11-23,Completed,Bank Transfer,23.86
8896,102,2025-02-09,Completed,PayPal,10.96
8897,634,2025-01-01,Completed,Card,18.7
8898,940,2025-08-30,Completed,Card,13.16
8899,2062,2025-05-30,Completed,Card,19.27
8900,1490,2024-08-24,Completed,PayPal,13.83
8901,328,2024-03-27,Completed,Cash on Delivery,8.03
8902,17,2024-04-01,Returned,Card,14.39
8903,2113,2024-01-08,Completed,Card,11.47
8904,348,2025-11-18,Completed,Card,10.75
8905,1459,2025-02-13,Completed,PayPal,7.16
8906,1603,2025-12-09,Completed,Bank Transfer,3.21
8907,2168,2024-06-16,Completed,Card,7.59
8908,534,2024-10-10,Cancelled,Card,13.18
8909,647,2024-12-24,Completed,Card,24.43
8910,1328,2025-05-15,Completed,Card,14.9
8911,997,2024-11-24,Completed,Card,3.19
8912,2348,2024-12-08,Completed,Card,10.75
8913,96,2024-06-19,Completed,Card,12.27
8914,1653,2025-04-19,Completed,Cash on Delivery,24.5
8915,1174,2025-12-14,Cancelled,PayPal,3.5
8916,640,2025-02-20,Completed,Bank Transfer,19.55
8917,1515,2024-09-09,Completed,Mobile Money,21.73
8918,2481,2024-06-18,Completed,Card,7.73
8919,1413,2025-01-28,Completed,Card,14.77
8920,2377,2024-02-14,Completed,Bank Transfer,4.75
8921,1050,2024-09-23,Completed,Bank Transfer,13.62
8922,654,2025-05-14,Completed,Card,8.19
8923,514,2025-02-26,Completed,Card,17.07
8924,1623,2025-12-16,Completed,Card,23.88
8925,2284,2025-12-06,Completed,Card,5.87
8926,1906,2025-08-14,Completed,PayPal,14.01
8927,2286,2024-02-01,Completed,PayPal,10.57
8928,397,2024-08-22,Completed,Mobile Money,22.78
8929,886,2024-06-20,Completed,Card,20.26
8930,111,2024-12-10,Completed,Bank Transfer,23.72
8931,1052,2024-01-28,Completed,Card,10.6
8932,1989,2024-05-15,Completed,Card,2.7
8933,951,2024-11-15,Completed,Bank Transfer,18.29
8934,105,2024-07-27,Completed,Card,13.0
8935,1169,2024-11-26,Completed,Card,19.53
8936,1671,2024-06-29,Completed,PayPal,18.12
8937,315,2024-02-06,Cancelled,PayPal,12.25
8938,1472,2025-12-18,Completed,Mobile Money,19.68
8939,1794,2025-10-09,Cancelled,Card,18.41
8940,1434,2025-05-02,Completed,Card,12.64
8941,698,2025-05-06,Completed,Card,9.93
8942,108,2025-05-15,Completed,Card,2.71
8943,697,2025-10-23,Completed,Bank Transfer,16.28
8944,425,2025-11-19,Completed,Card,24.72
8945,6,2025-10-27,Completed,Card,2.99
8946,1695,2025-12-19,Completed,Bank Transfer,10.51
8947,2475,2025-01-02,Completed,PayPal,9.26
8948,668,2024-11-24,Completed,Bank Transfer,10.42
8949,1483,2025-08-21,Completed,Bank Transfer,23.71
8950,95,2024-12-08,Completed,Mobile Money,17.56
8951,1361,2024-02-13,Completed,PayPal,14.07
8952,1983,2024-12-01,Completed,Card,19.12
8953,1347,2025-11-21,Completed,PayPal,24.24
8954,2254,2024-05-21,Completed,Bank Transfer,22.06
8955,924,2024-03-24,Completed,Cash on Delivery,5.62
8956,417,2025-04-11,Completed,PayPal,6.51
8957,152,2024-11-13,Completed,Card,17.95
8958,1916,2025-06-13,Completed,Card,2.8
8959,1899,2025-10-09,Completed,Cash on Delivery,15.69
8960,186,2025-09-15,Completed,Card,18.16
8961,1968,2025-11-14,Completed,Card,20.77
8962,763,2024-08-01,Completed,Bank Transfer,4.19
8963,2346,2025-07-31,Completed,Card,11.35
8964,1979,2025-05-11,Completed,PayPal,17.62
8965,285,2024-01-22,Completed,Bank Transfer,21.78
8966,616,2024-05-23,Completed,Mobile Money,5.22
8967,2034,2025-04-29,Completed,Card,16.05
8968,8,2024-08-19,Completed,Bank Transfer,19.75
8969,414,2025-11-18,Returned,Cash on Delivery,20.1
8970,740,2025-02-02,Completed,Card,21.34
8971,1968,2025-04-16,Completed,Card,8.17
8972,202,2024-08-28,Completed,PayPal,24.63
8973,1860,2024-10-27,Completed,Bank Transfer,24.17
8974,611,2025-10-03,Completed,Bank Transfer,19.79
8975,359,2024-04-18,Completed,Card,20.86
8976,2424,2025-06-12,Completed,Card,19.37
8977,2263,2024-03-02,Completed,PayPal,9.84
8978,501,2025-06-14,Completed,Mobile Money,19.44
8979,1003,2024-02-17,Cancelled,Card,22.09
8980,2289,2024-02-19,Completed,Card,7.56
8981,1975,2025-12-13,Completed,Bank Transfer,19.47
8982,1332,2024-04-02,Completed,Card,18.92
8983,1569,2025-03-01,Completed,PayPal,5.67
8984,1591,2025-08-11,Completed,Bank Transfer,23.7
8985,772,2025-08-29,Completed,Card,13.97
8986,1083,2025-09-23,Completed,Card,19.77
8987,1753,2025-09-13,Completed,Card,5.14
8988,2378,2025-03-27,Completed,Card,17.18
8989,262,2025-12-01,Completed,Mobile Money,13.44
8990,2250,2024-03-07,Returned,Card,9.24
8991,730,2024-03-16,Completed,Card,16.65
8992,2052,2025-07-31,Completed,Mobile Money,10.29
8993,887,2025-10-20,Completed,Card,16.54
8994,533,2024-02-29,Completed,Card,17.43
8995,893,2024-06-18,Completed,Card,5.71
8996,739,2025-08-25,Completed,Card,4.0
8997,1395,2024-07-14,Completed,Card,17.03
8998,2213,2024-05-22,Completed,Card,11.92
8999,719,2025-07-23,Completed,Mobile Money,8.8
9000,1190,2025-07-16,Completed,Card,15.84
9001,2491,2024-10-05,Completed,Card,22.79
9002,2443,2025-01-26,Completed,Card,23.51
9003,249,2024-10-03,Completed,Card,21.7
9004,1599,2024-09-28,Completed,Bank Transfer,15.65
9005,1016,2025-11-22,Completed,Bank Transfer,16.02
9006,1289,2025-09-26,Completed,Card,4.94
9007,335,2025-09-14,Completed,Cash on Delivery,4.64
9008,567,2025-10-27,Completed,PayPal,3.48
9009,444,2024-05-05,Completed,Card,21.68
9010,1475,2024-12-11,Completed,Card,9.71
9011,1186,2025-06-21,Completed,Card,22.27
9012,1958,2024-08-22,Cancelled,Mobile Money,5.56
9013,1841,2024-04-30,Completed,PayPal,20.24
9014,2228,2024-11-22,Completed,PayPal,13.02
9015,374,2025-04-25,Completed,Card,22.56
9016,2168,2024-11-03,Completed,Mobile Money,8.99
9017,594,2024-09-25,Completed,Cash on Delivery,7.69
9018,1408,2025-10-17,Completed,Card,14.1
9019,560,2024-03-13,Completed,Card,13.7
9020,1816,2024-02-03,Completed,Bank Transfer,6.04
9021,408,2025-08-06,Completed,Card,7.6
9022,2267,2025-04-30,Completed,PayPal,6.59
9023,1344,2025-01-20,Completed,Bank Transfer,8.01
9024,55,2024-04-12,Completed,Bank Transfer,18.56
9025,2500,2024-03-14,Completed,Bank Transfer,21.24
9026,1577,2024-11-26,Completed,Cash on Delivery,12.68
9027,1170,2025-02-23,Completed,PayPal,10.31
9028,2315,2024-12-25,Completed,Bank Transfer,24.84
9029,836,2025-07-31,Completed,Bank Transfer,9.55
9030,1197,2025-02-08,Completed,Bank Transfer,9.5
9031,743,2025-01-09,Completed,PayPal,6.28
9032,41,2024-03-08,Completed,Mobile Money,13.58
9033,1800,2024-03-13,Completed,Mobile Money,14.16
9034,1668,2025-05-01,Completed,Card,15.18
9035,100,2025-08-24,Completed,Bank Transfer,9.19
9036,680,2025-06-26,Completed,Card,2.76
9037,2289,2025-01-03,Completed,Card,12.61
9038,950,2025-08-25,Completed,Card,15.5
9039,2376,2025-05-08,Completed,Bank Transfer,14.87
9040,1592,2024-02-04,Completed,Mobile Money,11.33
9041,1478,2025-12-30,Completed,Card,11.66
9042,1647,2024-04-13,Completed,Bank Transfer,5.37
9043,2017,2024-04-23,Completed,Mobile Money,8.13
9044,214,2024-02-01,Completed,Card,13.53
9045,1174,2025-09-06,Completed,Card,8.84
9046,500,2024-08-29,Completed,Card,10.39
9047,2495,2025-03-03,Completed,Bank Transfer,20.9
9048,328,2024-02-06,Completed,Card,5.07
9049,1470,2025-01-09,Completed,Card,19.49
9050,924,2025-12-22,Completed,Card,16.7
9051,398,2025-03-22,Completed,PayPal,19.13
9052,196,2024-05-30,Completed,Card,21.58
9053,203,2024-08-19,Completed,Card,20.61
9054,1254,2024-01-12,Completed,Cash on Delivery,9.25
9055,732,2025-05-16,Cancelled,Mobile Money,9.02
9056,203,2024-01-05,Completed,Card,11.94
9057,1171,2024-02-24,Completed,PayPal,11.61
9058,1903,2024-10-10,Completed,Bank Transfer,24.2
9059,705,2024-04-28,Completed,Card,9.5
9060,2260,2025-12-02,Completed,Mobile Money,20.77
9061,2359,2025-04-10,Completed,Bank Transfer,9.46
9062,1957,2025-04-28,Completed,Card,6.48
9063,1950,2025-10-31,Completed,Mobile Money,13.1
9064,240,2025-09-02,Completed,Bank Transfer,19.49
9065,2195,2025-07-31,Completed,Bank Transfer,23.13
9066,5,2024-04-13,Returned,Card,15.71
9067,1701,2024-06-25,Cancelled,Bank Transfer,17.95
9068,585,2025-02-09,Completed,Card,5.25
9069,860,2024-04-23,Completed,Bank Transfer,19.63
9070,921,2025-07-02,Completed,Cash on Delivery,18.28
9071,1459,2024-10-07,Completed,PayPal,22.49
9072,1884,2025-05-15,Completed,Card,7.49
9073,870,2024-04-03,Completed,Cash on Delivery,4.13
9074,768,2025-04-03,Completed,PayPal,24.12
9075,414,2025-07-03,Completed,Card,13.23
9076,572,2025-11-11,Cancelled,Card,5.66
9077,1277,2025-10-22,Completed,Card,5.18
9078,320,2024-04-16,Completed,Card,7.91
9079,2193,2024-10-23,Returned,Card,20.48
9080,202,2025-01-19,Completed,Bank Transfer,13.34
9081,330,2025-05-27,Completed,Mobile Money,6.1
9082,286,2025-10-26,Completed,Cash on Delivery,22.46
9083,2465,2025-05-22,Completed,PayPal,2.73
9084,2349,2025-11-06,Completed,Mobile Money,10.5
9085,1577,2025-04-20,Completed,Mobile Money,21.35
9086,15,2025-08-10,Completed,Card,14.51
9087,323,2025-04-02,Completed,Mobile Money,20.89
9088,580,2024-10-07,Cancelled,Mobile Money,24.19
9089,2105,2024-06-16,Completed,PayPal,6.65
9090,1030,2025-11-24,Completed,PayPal,10.0
9091,1717,2025-05-08,Completed,Card,18.47
9092,929,2024-04-30,Completed,Mobile Money,14.41
9093,602,2024-06-16,Completed,Card,9.85
9094,1552,2025-09-09,Completed,Mobile Money,20.63
9095,2393,2025-01-04,Completed,Card,19.27
9096,1632,2024-09-27,Completed,Card,14.44
9097,339,2025-11-08,Completed,Bank Transfer,22.41
9098,480,2025-06-27,Completed,PayPal,8.09
9099,717,2025-06-02,Completed,Card,20.48
9100,1364,2025-10-02,Completed,Card,4.27
9101,354,2025-01-04,Completed,Bank Transfer,19.55
9102,2376,2024-03-28,Completed,Mobile Money,16.02
9103,928,2025-10-13,Completed,Card,7.68
9104,731,2024-09-03,Completed,Card,11.97
9105,457,2025-10-12,Completed,Bank Transfer,14.51
9106,2142,2024-01-12,Completed,Bank Transfer,4.83
9107,794,2025-09-19,Returned,Card,4.37
9108,752,2024-02-21,Completed,PayPal,10.04
9109,2435,2024-06-20,Completed,Bank Transfer,5.07
9110,485,2024-02-27,Completed,Mobile Money,6.95
9111,1118,2025-09-09,Completed,Card,3.37
9112,1239,2025-02-11,Completed,Cash on Delivery,3.34
9113,2271,2024-09-09,Completed,Card,18.63
9114,1139,2024-09-18,Completed,Bank Transfer,3.46
9115,1503,2024-06-24,Completed,Card,18.87
9116,152,2025-04-27,Completed,Mobile Money,19.36
9117,740,2025-04-01,Completed,Bank Transfer,19.19
9118,1366,2024-06-23,Completed,Cash on Delivery,12.69
9119,688,2024-07-14,Completed,Card,20.91
9120,2179,2025-09-04,Completed,Card,13.56
9121,2349,2024-06-18,Completed,Cash on Delivery,18.19
9122,161,2024-01-08,Completed,Card,5.43
9123,375,2025-10-29,Completed,Card,9.7
9124,160,2024-09-04,Completed,Mobile Money,17.67
9125,1899,2024-06-02,Completed,Card,3.77
9126,538,2025-10-26,Completed,Card,17.58
9127,2193,2025-02-03,Completed,Mobile Money,18.63
9128,2355,2025-10-05,Completed,Bank Transfer,19.49
9129,1332,2024-11-19,Completed,Card,2.67
9130,1927,2024-03-14,Completed,Mobile Money,13.98
9131,899,2025-07-31,Completed,PayPal,18.42
9132,1640,2024-10-31,Completed,Bank Transfer,16.13
9133,623,2024-07-08,Completed,Cash on Delivery,13.66
9134,1197,2024-04-23,Completed,Card,22.84
9135,1599,2024-08-29,Completed,Card,15.3
9136,1206,2024-11-13,Completed,Bank Transfer,12.62
9137,528,2025-03-17,Completed,PayPal,24.19
9138,1243,2025-06-22,Completed,Mobile Money,18.23
9139,1332,2024-10-23,Completed,Bank Transfer,2.68
9140,1642,2025-07-29,Completed,Card,15.79
9141,1310,2025-10-05,Completed,Bank Transfer,13.93
9142,615,2024-05-13,Completed,Card,12.91
9143,2402,2024-12-10,Completed,Card,19.8
9144,1367,2024-01-29,Completed,Mobile Money,4.22
9145,1872,2024-02-04,Completed,Bank Transfer,11.91
9146,1535,2024-03-10,Completed,Card,17.45
9147,1090,2024-02-20,Returned,Cash on Delivery,4.97
9148,792,2024-09-21,Completed,Card,5.1
9149,1661,2025-02-03,Completed,Card,3.79
9150,354,2024-07-13,Completed,PayPal,10.73
9151,2258,2025-11-26,Completed,Bank Transfer,17.78
9152,297,2025-06-09,Completed,Mobile Money,7.88
9153,360,2025-08-01,Completed,Card,11.88
9154,680,2024-04-13,Cancelled,PayPal,12.53
9155,1018,2024-07-31,Completed,Card,2.84
9156,514,2024-11-28,Completed,Bank Transfer,20.61
9157,1954,2024-03-09,Completed,Bank Transfer,22.98
9158,220,2025-06-20,Completed,Cash on Delivery,14.03
9159,1978,2024-12-28,Completed,Card,9.12
9160,1253,2024-02-16,Completed,Bank Transfer,17.59
9161,950,2024-08-17,Completed,Card,6.08
9162,1924,2024-01-03,Completed,Card,4.35
9163,81,2024-09-21,Completed,Mobile Money,4.87
9164,2074,2024-11-06,Completed,Mobile Money,21.97
9165,2111,2024-11-01,Completed,Mobile Money,23.4
9166,2035,2024-04-02,Completed,PayPal,17.96
9167,338,2025-05-02,Completed,Mobile Money,5.29
9168,251,2024-06-11,Completed,Cash on Delivery,17.35
9169,434,2025-09-16,Completed,Mobile Money,4.61
9170,1917,2025-11-16,Completed,Bank Transfer,22.96
9171,1310,2024-02-10,Completed,PayPal,17.78
9172,2491,2024-09-26,Completed,Card,21.23
9173,1112,2025-05-26,Completed,Card,11.19
9174,301,2024-11-11,Completed,Card,15.57
9175,1527,2024-07-11,Completed,Card,24.61
9176,1873,2025-09-18,Completed,Card,3.87
9177,1012,2025-09-21,Completed,Bank Transfer,24.13
9178,509,2024-02-12,Completed,Card,11.56
9179,39,2024-11-17,Completed,Bank Transfer,21.81
9180,2393,2025-08-29,Completed,Bank Transfer,23.48
9181,960,2024-03-02,Completed,Card,9.99
9182,1836,2024-06-21,Completed,Mobile Money,7.33
9183,513,2024-02-09,Completed,Mobile Money,7.33
9184,41,2024-08-11,Completed,Bank Transfer,3.6
9185,202,2025-01-22,Completed,Card,7.81
9186,1012,2025-02-12,Returned,Card,16.28
9187,2495,2024-01-30,Completed,Card,13.76
9188,1600,2024-04-08,Completed,Bank Transfer,21.67
9189,1469,2024-02-10,Completed,PayPal,7.5
9190,814,2025-01-08,Completed,Bank Transfer,6.66
9191,2195,2025-09-21,Completed,Bank Transfer,14.05
9192,105,2025-08-07,Completed,Mobile Money,10.62
9193,147,2025-03-12,Completed,Bank Transfer,20.6
9194,900,2025-09-20,Completed,Card,23.78
9195,2149,2025-02-23,Completed,Bank Transfer,7.24
9196,814,2025-01-04,Returned,Card,24.36
9197,793,2024-01-30,Completed,Card,3.43
9198,302,2025-01-24,Cancelled,PayPal,13.77
9199,977,2024-03-18,Completed,Bank Transfer,11.78
9200,1777,2025-06-04,Completed,Cash on Delivery,23.49
9201,478,2025-06-25,Completed,Card,8.59
9202,417,2025-03-11,Completed,PayPal,8.06
9203,1434,2024-09-04,Completed,Bank Transfer,8.13
9204,2180,2025-08-12,Cancelled,Mobile Money,23.3
9205,1794,2025-02-18,Completed,Cash on Delivery,3.28
9206,851,2024-10-05,Completed,Card,21.79
9207,2066,2025-10-16,Completed,Mobile Money,16.05
9208,780,2024-06-11,Completed,Bank Transfer,3.31
9209,359,2024-03-16,Completed,PayPal,5.33
9210,228,2024-05-05,Completed,Bank Transfer,10.08
9211,12,2025-09-15,Completed,Bank Transfer,11.73
9212,480,2024-07-15,Completed,PayPal,24.53
9213,307,2024-01-23,Completed,Mobile Money,7.99
9214,475,2025-12-21,Completed,Cash on Delivery,9.22
9215,2301,2024-12-10,Completed,Bank Transfer,2.75
9216,445,2025-05-10,Completed,Card,11.12
9217,229,2025-04-08,Completed,Card,14.76
9218,1164,2025-01-19,Completed,Card,13.67
9219,102,2024-07-15,Completed,Cash on Delivery,16.33
9220,743,2025-10-14,Completed,Card,18.3
9221,1624,2024-12-13,Completed,Mobile Money,20.3
9222,632,2024-12-31,Completed,Mobile Money,17.33
9223,791,2024-04-26,Completed,PayPal,24.07
9224,778,2025-08-12,Completed,Card,12.69
9225,1540,2024-11-21,Completed,Mobile Money,19.59
9226,1622,2024-10-31,Completed,Bank Transfer,21.68
9227,464,2024-07-05,Completed,Bank Transfer,10.17
9228,1951,2024-05-13,Completed,Card,10.96
9229,1823,2024-03-09,Cancelled,Bank Transfer,10.84
9230,1475,2025-06-30,Completed,PayPal,4.14
9231,1744,2024-01-25,Completed,PayPal,5.21
9232,429,2024-06-16,Completed,Card,12.12
9233,1754,2024-04-26,Completed,Bank Transfer,21.44
9234,450,2025-09-25,Completed,Card,24.28
9235,1415,2025-09-11,Completed,PayPal,19.39
9236,2289,2024-06-09,Completed,Card,20.33
9237,1172,2025-08-27,Completed,Card,18.27
9238,1973,2024-09-10,Completed,Card,22.24
9239,1869,2025-03-31,Completed,Card,7.5
9240,317,2024-06-30,Completed,Mobile Money,14.66
9241,664,2025-03-12,Completed,Card,23.08
9242,1485,2024-03-16,Completed,Card,24.55
9243,675,2024-05-29,Completed,Mobile Money,23.47
9244,315,2024-12-03,Completed,Mobile Money,14.47
9245,896,2025-05-21,Completed,Bank Transfer,12.72
9246,1745,2025-03-21,Completed,Mobile Money,11.57
9247,995,2024-04-14,Completed,Bank Transfer,16.68
9248,859,2024-11-26,Completed,Bank Transfer,19.8
9249,1238,2024-09-08,Completed,Card,6.85
9250,1289,2024-08-09,Completed,Card,13.37
9251,2344,2024-06-22,Completed,Bank Transfer,18.98
9252,2034,2024-01-30,Completed,Mobile Money,3.36
9253,1325,2024-09-10,Returned,Bank Transfer,2.76
9254,87,2024-08-05,Completed,Card,14.16
9255,997,2025-02-09,Completed,Card,12.51
9256,1545,2025-08-02,Completed,PayPal,14.58
9257,1821,2024-05-15,Completed,Card,24.19
9258,909,2024-12-18,Completed,Mobile Money,17.89
9259,861,2025-08-23,Completed,Card,16.92
9260,305,2024-07-15,Completed,Card,5.76
9261,2190,2024-12-12,Completed,Card,7.2
9262,165,2024-01-31,Completed,Card,8.25
9263,855,2024-07-05,Cancelled,PayPal,10.87
9264,1208,2025-10-24,Completed,PayPal,8.33
9265,1207,2025-08-02,Completed,PayPal,6.25
9266,612,2025-12-01,Completed,Card,17.68
9267,553,2024-05-20,Completed,Bank Transfer,23.4
9268,2289,2025-04-30,Completed,Mobile Money,11.2
9269,274,2025-07-28,Completed,Card,8.54
9270,2350,2025-04-04,Completed,Cash on Delivery,13.97
9271,1386,2025-02-20,Completed,Card,11.69
9272,168,2024-07-07,Completed,Bank Transfer,17.81
9273,761,2025-07-07,Completed,Bank Transfer,11.07
9274,1113,2025-03-13,Completed,PayPal,21.34
9275,1540,2025-06-22,Completed,Cash on Delivery,6.93
9276,2371,2024-01-23,Completed,Bank Transfer,16.77
9277,1834,2024-05-01,Completed,Bank Transfer,12.93
9278,1322,2024-03-10,Completed,Bank Transfer,4.2
9279,361,2025-05-12,Completed,Card,11.13
9280,2280,2025-02-05,Completed,Card,8.64
9281,1104,2024-07-27,Completed,Bank Transfer,16.41
9282,601,2025-07-16,Completed,Bank Transfer,4.24
9283,73,2024-07-16,Completed,Card,15.0
9284,1743,2025-06-04,Completed,PayPal,24.48
9285,717,2024-08-22,Completed,Mobile Money,11.89
9286,2364,2024-10-19,Completed,Bank Transfer,17.26
9287,1147,2025-04-02,Completed,Card,23.12
9288,130,2024-01-17,Returned,Card,24.55
9289,838,2024-08-14,Completed,Card,7.38
9290,1325,2024-12-12,Completed,Card,22.27
9291,541,2025-05-04,Completed,Card,14.66
9292,2240,2025-06-09,Completed,Bank Transfer,24.25
9293,427,2025-06-01,Completed,Card,8.32
9294,996,2024-09-06,Completed,PayPal,6.98
9295,1986,2024-12-26,Completed,Mobile Money,9.56
9296,485,2024-11-21,Completed,Bank Transfer,5.84
9297,2399,2025-05-22,Completed,Card,12.75
9298,1347,2024-09-04,Completed,Card,24.07
9299,900,2024-03-11,Completed,Card,10.47
9300,513,2025-09-29,Completed,Card,22.27
9301,103,2025-05-10,Returned,Card,21.91
9302,460,2024-03-07,Completed,Card,21.59
9303,2405,2025-04-20,Completed,Cash on Delivery,4.3
9304,745,2025-04-13,Completed,PayPal,4.39
9305,1455,2024-09-13,Completed,Bank Transfer,11.56
9306,12,2025-04-13,Completed,Card,5.51
9307,209,2024-04-04,Completed,Bank Transfer,20.7
9308,12,2025-02-11,Completed,Bank Transfer,18.72
9309,2356,2025-10-16,Cancelled,Mobile Money,9.71
9310,888,2025-09-12,Completed,Bank Transfer,7.58
9311,2131,2024-01-17,Completed,Card,16.89
9312,805,2025-01-21,Returned,Card,10.97
9313,2364,2024-03-15,Completed,Bank Transfer,14.6
9314,1048,2025-07-27,Completed,Mobile Money,9.44
9315,1386,2025-08-27,Completed,Card,16.52
9316,95,2024-06-11,Completed,Mobile Money,10.22
9317,364,2024-12-27,Completed,Bank Transfer,21.75
9318,434,2025-11-14,Completed,Cash on Delivery,21.66
9319,24,2024-04-08,Completed,Card,10.6
9320,870,2025-09-24,Completed,Mobile Money,18.26
9321,300,2024-01-08,Completed,Card,11.32
9322,1469,2025-04-03,Completed,Card,17.25
9323,824,2024-04-07,Completed,Bank Transfer,21.8
9324,491,2025-01-24,Completed,Card,8.12
9325,117,2024-01-08,Completed,Card,10.99
9326,480,2025-03-10,Completed,Bank Transfer,4.91
9327,1722,2024-03-27,Completed,Card,12.8
9328,1622,2024-01-20,Completed,Card,19.91
9329,2339,2025-08-02,Completed,Cash on Delivery,12.67
9330,646,2024-04-26,Completed,Bank Transfer,21.03
9331,1907,2025-10-04,Completed,Mobile Money,20.21
9332,312,2024-01-03,Completed,Bank Transfer,7.25
9333,517,2025-10-04,Completed,Card,20.82
9334,2052,2024-04-15,Completed,Mobile Money,9.77
9335,1001,2025-03-25,Completed,Bank Transfer,17.29
9336,939,2024-05-28,Completed,Mobile Money,3.17
9337,2137,2024-03-03,Completed,Card,22.49
9338,259,2025-12-28,Completed,Card,10.15
9339,2159,2025-02-25,Completed,Card,20.75
9340,1899,2025-10-27,Completed,Card,8.91
9341,1733,2024-12-16,Completed,Bank Transfer,24.27
9342,2274,2024-11-21,Completed,Card,10.93
9343,925,2024-07-21,Completed,Cash on Delivery,23.43
9344,2465,2024-10-27,Completed,Cash on Delivery,5.45
9345,1654,2024-12-06,Completed,PayPal,5.94
9346,2041,2024-05-03,Completed,Card,11.13
9347,2147,2024-06-04,Returned,Card,23.17
9348,2316,2025-12-20,Completed,Card,5.28
9349,965,2025-03-23,Completed,Mobile Money,16.85
9350,394,2025-11-27,Completed,Bank Transfer,4.33
9351,477,2025-10-15,Completed,Bank Transfer,10.77
9352,2475,2025-12-03,Completed,Cash on Delivery,6.18
9353,2323,2024-10-06,Completed,Mobile Money,3.13
9354,1473,2024-12-11,Completed,Bank Transfer,6.45
9355,1313,2024-07-14,Completed,Bank Transfer,11.87
9356,1308,2024-07-14,Returned,Bank Transfer,4.75
9357,746,2025-08-17,Completed,Mobile Money,18.94
9358,384,2025-11-13,Completed,Card,7.12
9359,1030,2024-03-16,Completed,Card,9.61
9360,249,2024-01-01,Completed,Card,23.21
9361,673,2025-03-19,Cancelled,Bank Transfer,9.22
9362,837,2025-11-28,Returned,Bank Transfer,14.89
9363,2125,2025-04-01,Completed,Bank Transfer,7.48
9364,663,2025-10-31,Cancelled,Bank Transfer,17.63
9365,1399,2024-04-23,Completed,Mobile Money,24.68
9366,461,2025-10-02,Completed,Bank Transfer,9.08
9367,2074,2025-05-06,Completed,Mobile Money,6.06
9368,354,2024-11-19,Completed,Bank Transfer,19.04
9369,2168,2025-04-06,Returned,Card,13.97
9370,921,2024-11-19,Completed,Card,3.27
9371,147,2024-10-14,Completed,Card,23.86
9372,2249,2025-07-27,Completed,Card,12.21
9373,902,2024-05-16,Completed,PayPal,21.45
9374,1956,2025-10-22,Completed,PayPal,9.3
9375,373,2025-05-13,Completed,Bank Transfer,9.49
9376,1573,2025-12-13,Completed,Card,14.63
9377,2018,2024-05-12,Completed,Bank Transfer,23.27
9378,1602,2025-04-12,Completed,Mobile Money,11.33
9379,408,2025-08-28,Cancelled,PayPal,20.63
9380,558,2024-10-14,Completed,Card,5.78
9381,500,2025-08-26,Completed,Card,20.2
9382,1325,2024-05-12,Completed,PayPal,8.76
9383,641,2024-05-19,Completed,Cash on Delivery,3.81
9384,455,2024-12-19,Completed,PayPal,12.47
9385,965,2024-08-04,Completed,Bank Transfer,6.22
9386,2176,2024-07-13,Completed,Bank Transfer,16.78
9387,2348,2025-05-12,Completed,Card,21.1
9388,630,2024-10-15,Completed,Bank Transfer,19.66
9389,2333,2025-02-20,Completed,Card,15.13
9390,1898,2024-05-21,Returned,PayPal,5.32
9391,1369,2025-01-06,Completed,Cash on Delivery,3.51
9392,1042,2025-12-12,Completed,Cash on Delivery,19.96
9393,726,2024-04-30,Completed,Card,12.51
9394,2051,2025-06-23,Cancelled,Card,6.85
9395,871,2025-07-16,Completed,Card,13.57
9396,901,2024-12-16,Completed,Card,4.0
9397,2352,2025-02-19,Completed,Card,4.1
9398,569,2025-06-07,Completed,Card,12.63
9399,697,2024-04-30,Completed,Card,10.13
9400,1608,2025-02-09,Completed,Mobile Money,22.01
9401,2010,2024-07-20,Completed,PayPal,16.31
9402,657,2025-07-10,Completed,Mobile Money,22.98
9403,1699,2024-10-01,Completed,Mobile Money,14.28
9404,1357,2024-11-03,Completed,Mobile Money,19.28
9405,2454,2025-09-29,Completed,Bank Transfer,15.08
9406,1619,2025-04-19,Completed,Card,6.39
9407,2449,2025-10-21,Completed,Card,21.83
9408,2137,2025-03-19,Completed,PayPal,16.03
9409,1251,2024-12-11,Completed,Mobile Money,11.76
9410,461,2025-01-17,Completed,Mobile Money,21.75
9411,755,2025-12-18,Completed,Card,20.28
9412,332,2024-12-09,Completed,PayPal,10.29
9413,1540,2025-06-24,Completed,Bank Transfer,2.71
9414,729,2025-06-05,Completed,Bank Transfer,21.58
9415,752,2025-12-03,Completed,Bank Transfer,10.84
9416,127,2025-06-24,Completed,PayPal,11.78
9417,218,2024-03-02,Completed,Card,21.31
9418,2236,2025-08-07,Completed,Bank Transfer,12.02
9419,442,2025-09-25,Completed,PayPal,14.32
9420,1692,2024-03-21,Completed,Card,13.83
9421,2323,2024-12-26,Completed,Mobile Money,15.42
9422,567,2025-12-31,Completed,Bank Transfer,10.53
9423,1535,2025-05-28,Completed,Card,20.58
9424,690,2025-03-10,Completed,Card,21.77
9425,1206,2025-02-16,Completed,Mobile Money,16.05
9426,2074,2025-05-29,Completed,Bank Transfer,15.44
9427,998,2024-08-17,Completed,Card,2.62
9428,339,2025-11-09,Completed,Mobile Money,4.85
9429,994,2025-11-12,Completed,Bank Transfer,14.8
9430,191,2024-05-24,Completed,Card,17.62
9431,2468,2024-11-05,Completed,PayPal,22.68
9432,31,2025-04-30,Completed,Cash on Delivery,4.76
9433,1043,2024-08-18,Completed,Card,19.87
9434,395,2025-12-28,Completed,PayPal,13.74
9435,1316,2025-08-27,Completed,Card,20.98
9436,926,2024-05-22,Completed,Card,3.64
9437,1206,2025-06-16,Completed,Bank Transfer,13.26
9438,142,2025-06-22,Completed,Mobile Money,9.94
9439,1631,2025-05-29,Completed,Cash on Delivery,9.71
9440,1306,2024-01-13,Completed,Card,19.78
9441,60,2024-04-10,Completed,Card,13.88
9442,270,2024-08-24,Completed,Bank Transfer,5.72
9443,1018,2024-11-16,Completed,Card,4.52
9444,545,2025-07-04,Completed,PayPal,15.57
9445,1680,2024-11-29,Returned,Card,6.54
9446,987,2024-10-31,Completed,Bank Transfer,3.26
9447,2214,2025-12-04,Completed,Bank Transfer,11.03
9448,2480,2024-02-21,Completed,Card,21.79
9449,1377,2025-03-27,Completed,PayPal,21.58
9450,1999,2025-12-19,Completed,Cash on Delivery,18.47
9451,1177,2025-03-21,Completed,Bank Transfer,23.74
9452,1465,2024-12-08,Returned,Mobile Money,9.62
9453,496,2024-05-09,Completed,Card,17.76
9454,1047,2024-09-17,Completed,Bank Transfer,2.98
9455,127,2025-05-06,Completed,Cash on Delivery,14.06
9456,1231,2025-12-08,Completed,PayPal,17.26
9457,320,2024-09-29,Completed,PayPal,21.89
9458,1691,2025-11-09,Completed,Mobile Money,12.35
9459,2202,2024-04-22,Completed,Card,21.88
9460,2235,2025-06-06,Completed,Card,11.14
9461,60,2025-06-02,Returned,Card,23.36
9462,227,2024-05-11,Completed,Card,3.68
9463,1372,2025-05-17,Cancelled,PayPal,16.64
9464,1231,2024-09-20,Completed,Mobile Money,20.68
9465,2197,2025-06-26,Completed,Mobile Money,15.54
9466,2324,2025-03-27,Completed,Card,16.42
9467,450,2024-02-22,Returned,Cash on Delivery,9.85
9468,2342,2024-01-27,Completed,Card,22.89
9469,1975,2025-11-26,Cancelled,Bank Transfer,16.34
9470,1325,2024-09-26,Completed,Bank Transfer,11.32
9471,1475,2025-11-03,Completed,Bank Transfer,20.88
9472,1409,2025-05-18,Completed,Card,16.45
9473,483,2024-04-27,Completed,Card,14.15
9474,1476,2024-05-01,Completed,Card,18.67
9475,2007,2025-11-01,Completed,Card,4.82
9476,229,2025-02-28,Completed,Card,12.02
9477,565,2025-10-05,Completed,PayPal,21.01
9478,787,2024-12-07,Completed,Bank Transfer,16.31
9479,935,2024-12-14,Completed,PayPal,12.56
9480,245,2025-05-03,Completed,Card,23.39
9481,1346,2024-03-09,Completed,Mobile Money,17.86
9482,990,2024-01-12,Completed,Card,16.99
9483,689,2024-05-26,Completed,Bank Transfer,4.39
9484,1662,2025-06-15,Completed,PayPal,6.04
9485,2249,2024-03-29,Completed,Bank Transfer,22.73
9486,804,2024-12-03,Completed,Mobile Money,16.98
9487,294,2025-09-15,Completed,PayPal,24.92
9488,1522,2024-05-31,Completed,Card,18.92
9489,933,2024-10-21,Completed,Bank Transfer,21.72
9490,1326,2025-04-13,Completed,PayPal,11.18
9491,2242,2024-02-13,Completed,Mobile Money,8.59
9492,1741,2024-10-15,Completed,Card,18.64
9493,1946,2024-08-24,Completed,Card,3.55
9494,584,2025-09-15,Completed,Mobile Money,3.2
9495,1399,2024-11-22,Completed,Bank Transfer,7.77
9496,1150,2024-03-25,Completed,PayPal,21.24
9497,1544,2025-12-18,Cancelled,Bank Transfer,14.8
9498,1252,2024-01-24,Completed,Card,19.71
9499,1342,2025-09-02,Completed,Card,10.45
9500,2448,2024-02-22,Completed,Bank Transfer,23.34
9501,2199,2025-03-30,Completed,Mobile Money,23.25
9502,1703,2025-07-11,Completed,Bank Transfer,23.75
9503,1945,2024-04-04,Completed,Card,6.16
9504,1733,2025-03-16,Completed,Mobile Money,2.69
9505,2282,2025-12-20,Completed,PayPal,23.18
9506,827,2024-12-21,Completed,Card,23.07
9507,407,2024-01-20,Completed,PayPal,19.97
9508,1749,2025-08-22,Completed,Bank Transfer,17.39
9509,1353,2024-11-07,Completed,Card,18.15
9510,1484,2024-02-25,Completed,Cash on Delivery,23.25
9511,111,2025-01-11,Cancelled,Bank Transfer,16.63
9512,711,2024-11-22,Completed,Card,18.36
9513,2122,2025-07-15,Completed,Card,4.51
9514,2376,2025-08-09,Completed,Cash on Delivery,4.48
9515,1307,2024-10-20,Completed,Mobile Money,7.32
9516,2247,2024-06-01,Completed,Card,13.74
9517,1198,2024-02-09,Completed,PayPal,9.35
9518,886,2024-11-17,Completed,Card,9.98
9519,270,2024-12-25,Completed,Card,13.98
9520,802,2025-12-01,Completed,Cash on Delivery,11.09
9521,223,2025-10-04,Completed,Card,15.15
9522,537,2025-12-15,Completed,Card,4.47
9523,1645,2024-10-27,Completed,Card,3.34
9524,532,2024-05-30,Completed,Cash on Delivery,9.81
9525,1670,2024-04-23,Completed,Card,24.11
9526,1552,2024-11-11,Completed,Bank Transfer,11.2
9527,1307,2024-07-23,Completed,Bank Transfer,22.75
9528,2079,2025-07-26,Cancelled,PayPal,22.64
9529,544,2024-09-10,Completed,Bank Transfer,6.23
9530,2287,2024-08-27,Completed,Mobile Money,12.25
9531,2052,2024-12-17,Completed,Bank Transfer,2.5
9532,2054,2024-03-16,Completed,PayPal,12.01
9533,765,2024-07-02,Completed,Bank Transfer,15.21
9534,1841,2024-01-14,Completed,Card,21.47
9535,2306,2024-06-15,Completed,Card,3.0
9536,510,2024-03-10,Completed,Bank Transfer,17.02
9537,1067,2025-06-24,Completed,Card,10.83
9538,2209,2025-07-22,Completed,Mobile Money,4.2
9539,1493,2024-01-10,Completed,PayPal,24.08
9540,899,2025-06-08,Completed,PayPal,7.15
9541,2354,2024-11-06,Returned,Bank Transfer,7.22
9542,769,2025-07-18,Completed,Cash on Delivery,15.19
9543,726,2025-03-18,Completed,Cash on Delivery,13.85
9544,173,2025-06-13,Completed,Bank Transfer,10.47
9545,460,2025-07-22,Completed,PayPal,15.06
9546,227,2024-03-11,Completed,Bank Transfer,23.83
9547,328,2025-07-31,Completed,Bank Transfer,8.55
9548,267,2025-07-13,Completed,Card,16.74
9549,1572,2025-11-25,Completed,Card,3.24
9550,569,2025-12-26,Completed,Mobile Money,23.03
9551,1174,2024-10-15,Completed,Bank Transfer,2.74
9552,371,2024-03-16,Completed,Mobile Money,24.76
9553,827,2024-10-14,Completed,Card,19.7
9554,17,2025-02-01,Completed,Card,11.14
9555,1657,2024-02-05,Completed,Card,21.81
9556,194,2024-06-22,Completed,Card,11.79
9557,2061,2025-01-01,Completed,Card,11.21
9558,2006,2024-02-15,Cancelled,Card,15.42
9559,1116,2024-12-05,Completed,Cash on Delivery,15.17
9560,2258,2024-10-12,Completed,Bank Transfer,15.55
9561,1609,2024-09-30,Completed,Mobile Money,18.35
9562,717,2024-08-12,Returned,Bank Transfer,6.66
9563,73,2025-05-03,Completed,Bank Transfer,11.98
9564,711,2024-11-21,Completed,Card,10.38
9565,1111,2024-01-29,Cancelled,Cash on Delivery,19.57
9566,346,2025-06-29,Completed,PayPal,16.57
9567,2089,2024-09-20,Completed,Bank Transfer,14.41
9568,2246,2025-12-21,Completed,Card,23.51
9569,1158,2025-10-24,Completed,Mobile Money,7.23
9570,2157,2025-01-02,Completed,Mobile Money,12.32
9571,668,2024-05-31,Completed,PayPal,16.31
9572,519,2024-01-15,Cancelled,Mobile Money,15.96
9573,732,2025-02-13,Returned,Bank Transfer,4.34
9574,1678,2024-08-23,Completed,Card,13.71
9575,1637,2024-11-04,Completed,Card,7.26
9576,673,2024-01-29,Completed,Card,10.62
9577,603,2024-10-14,Completed,Mobile Money,4.31
9578,1855,2025-09-21,Completed,Card,2.89
9579,216,2024-09-05,Completed,Bank Transfer,13.04
9580,1853,2024-03-14,Completed,Card,11.63
9581,478,2025-12-09,Completed,Card,21.13
9582,599,2024-02-19,Completed,Card,14.1
9583,586,2025-12-05,Completed,PayPal,9.0
9584,1937,2024-02-20,Completed,Mobile Money,10.37
9585,1363,2024-05-17,Cancelled,Card,6.64
9586,875,2024-09-13,Cancelled,PayPal,17.17
9587,375,2024-03-24,Completed,Card,9.32
9588,8,2025-05-01,Completed,Bank Transfer,9.72
9589,10,2025-05-16,Completed,Card,12.23
9590,102,2025-07-27,Completed,Mobile Money,5.01
9591,1677,2024-12-02,Completed,Mobile Money,18.09
9592,741,2024-08-06,Completed,Card,3.21
9593,1455,2025-09-07,Completed,Mobile Money,6.66
9594,2490,2024-11-23,Completed,Card,11.09
9595,312,2025-04-08,Completed,Bank Transfer,12.41
9596,1176,2024-05-18,Completed,Card,24.27
9597,909,2025-07-03,Completed,Bank Transfer,24.65
9598,297,2025-07-07,Completed,PayPal,9.57
9599,300,2024-05-22,Completed,Cash on Delivery,10.06
9600,185,2024-08-08,Completed,Card,4.43
9601,315,2025-07-02,Completed,PayPal,7.51
9602,1552,2025-02-28,Completed,Mobile Money,10.57
9603,2261,2025-11-26,Completed,PayPal,5.46
9604,1170,2024-02-26,Completed,Cash on Delivery,5.8
9605,1959,2024-01-21,Completed,Mobile Money,21.01
9606,384,2025-03-10,Completed,Bank Transfer,19.84
9607,2134,2024-02-20,Completed,Card,5.68
9608,1623,2024-05-29,Completed,Card,11.13
9609,1434,2024-11-08,Completed,Bank Transfer,21.74
9610,2164,2025-05-10,Completed,Card,8.56
9611,1468,2024-08-22,Completed,Mobile Money,17.6
9612,546,2025-10-07,Completed,Card,5.05
9613,1116,2025-12-02,Completed,Mobile Money,11.78
9614,757,2025-02-07,Completed,Card,15.76
9615,448,2025-01-31,Completed,Card,9.58
9616,1039,2025-12-02,Completed,Mobile Money,17.35
9617,821,2024-05-28,Completed,Mobile Money,5.34
9618,1604,2025-07-19,Completed,Bank Transfer,10.73
9619,1798,2025-04-14,Completed,Mobile Money,6.34
9620,602,2024-08-15,Completed,Card,15.76
9621,1959,2025-09-10,Completed,Bank Transfer,4.04
9622,1045,2025-05-05,Completed,Card,7.08
9623,546,2024-09-22,Completed,Card,21.16
9624,105,2025-07-04,Completed,Card,16.61
9625,446,2024-12-30,Completed,Bank Transfer,18.88
9626,2303,2025-04-19,Completed,Bank Transfer,5.62
9627,1977,2024-10-27,Completed,Mobile Money,12.97
9628,762,2024-08-12,Completed,PayPal,9.97
9629,744,2025-12-13,Completed,Mobile Money,16.68
9630,76,2025-11-20,Completed,PayPal,21.52
9631,2361,2025-08-15,Completed,Cash on Delivery,13.8
9632,1170,2024-06-19,Completed,Mobile Money,20.04
9633,2315,2024-09-21,Completed,Card,2.76
9634,373,2025-10-04,Completed,Card,3.92
9635,1653,2025-04-09,Cancelled,PayPal,18.92
9636,1238,2025-11-27,Completed,Bank Transfer,15.28
9637,1173,2025-09-01,Completed,Bank Transfer,3.36
9638,2067,2025-05-24,Completed,Bank Transfer,13.69
9639,1133,2024-03-14,Completed,Cash on Delivery,15.41
9640,404,2025-12-13,Completed,Mobile Money,9.26
9641,888,2024-07-01,Completed,Card,17.76
9642,1499,2024-10-14,Completed,Card,13.62
9643,1900,2024-10-29,Completed,Card,10.02
9644,1794,2024-01-19,Completed,Card,17.78
9645,1520,2024-12-31,Completed,Mobile Money,12.0
9646,72,2025-04-02,Completed,Card,3.5
9647,2405,2025-03-11,Cancelled,Bank Transfer,4.94
9648,1663,2025-08-13,Completed,Mobile Money,17.96
9649,2067,2025-10-15,Completed,PayPal,24.88
9650,554,2024-04-12,Completed,Bank Transfer,6.52
9651,1601,2024-03-23,Completed,Bank Transfer,11.06
9652,478,2024-09-03,Completed,Card,5.99
9653,485,2025-06-25,Completed,Card,4.88
9654,614,2024-07-16,Completed,Card,22.88
9655,1631,2024-06-21,Completed,Bank Transfer,18.65
9656,2393,2025-05-25,Completed,PayPal,14.47
9657,380,2025-07-20,Completed,Card,21.01
9658,1848,2025-09-21,Completed,Bank Transfer,18.87
9659,229,2025-04-25,Completed,Card,5.63
9660,283,2024-10-31,Completed,Mobile Money,13.0
9661,1600,2024-12-17,Completed,Card,19.2
9662,1826,2024-04-02,Completed,PayPal,9.6
9663,2442,2024-08-10,Completed,Card,2.74
9664,1041,2025-01-19,Completed,Cash on Delivery,23.11
9665,877,2024-12-15,Completed,Bank Transfer,19.85
9666,2346,2024-06-14,Completed,Bank Transfer,3.5
9667,28,2024-06-02,Completed,Mobile Money,24.22
9668,1491,2024-09-11,Completed,PayPal,2.97
9669,254,2024-12-23,Completed,Cash on Delivery,15.0
9670,2342,2025-01-20,Completed,Card,17.8
9671,445,2024-06-02,Completed,Card,20.92
9672,1827,2025-05-20,Completed,Card,4.2
9673,1848,2025-08-17,Completed,Card,8.44
9674,1804,2024-05-14,Completed,Card,9.1
9675,2034,2025-02-26,Completed,Bank Transfer,3.81
9676,1945,2024-01-20,Completed,Card,18.16
9677,1818,2024-03-14,Completed,PayPal,21.75
9678,1733,2024-07-30,Completed,Mobile Money,17.41
9679,743,2025-03-01,Completed,PayPal,6.49
9680,291,2024-03-29,Completed,Mobile Money,7.93
9681,1230,2024-12-15,Completed,PayPal,20.06
9682,1638,2025-11-30,Completed,Cash on Delivery,21.94
9683,113,2025-04-19,Completed,Card,10.66
9684,18,2024-11-30,Completed,Mobile Money,6.18
9685,2202,2024-12-22,Completed,Bank Transfer,10.49
9686,1382,2025-12-30,Completed,Cash on Delivery,18.87
9687,2319,2024-07-02,Completed,Card,22.24
9688,219,2025-03-04,Cancelled,Card,4.13
9689,406,2025-03-19,Completed,Card,10.44
9690,1027,2025-01-09,Completed,Bank Transfer,19.91
9691,1144,2025-11-18,Completed,Bank Transfer,13.39
9692,1746,2025-10-19,Completed,PayPal,24.09
9693,2359,2025-06-07,Completed,Card,21.96
9694,1504,2024-04-17,Cancelled,Mobile Money,3.48
9695,900,2024-11-28,Completed,Card,24.74
9696,184,2025-07-06,Completed,Card,7.31
9697,688,2024-10-18,Completed,PayPal,19.54
9698,21,2025-06-28,Completed,Card,23.7
9699,2427,2025-01-15,Completed,Card,4.02
9700,374,2025-04-24,Completed,Card,21.03
9701,748,2024-11-25,Completed,Bank Transfer,17.88
9702,451,2024-04-09,Completed,Card,9.29
9703,2267,2025-02-28,Completed,Bank Transfer,15.96
9704,1098,2025-12-21,Completed,Cash on Delivery,22.48
9705,1971,2024-08-01,Completed,PayPal,2.92
9706,111,2025-10-16,Completed,Bank Transfer,13.42
9707,1572,2024-03-24,Completed,Card,7.73
9708,2066,2025-08-18,Completed,Card,10.29
9709,2361,2025-12-11,Cancelled,Card,8.67
9710,1127,2024-06-25,Completed,Cash on Delivery,16.51
9711,384,2024-05-06,Completed,Bank Transfer,24.6
9712,2102,2025-12-30,Completed,Card,17.38
9713,848,2025-02-20,Completed,Card,2.86
9714,2210,2025-07-08,Completed,Cash on Delivery,6.14
9715,1503,2025-10-31,Completed,PayPal,3.51
9716,2352,2024-04-10,Completed,Bank Transfer,21.96
9717,1558,2025-11-09,Completed,Card,9.2
9718,2379,2024-08-22,Completed,Mobile Money,19.14
9719,2039,2025-05-27,Completed,Card,4.97
9720,997,2025-03-16,Completed,Bank Transfer,21.53
9721,1994,2024-12-12,Returned,PayPal,10.01
9722,296,2025-02-22,Completed,Mobile Money,18.51
9723,792,2024-03-24,Completed,Card,11.5
9724,1886,2024-10-09,Completed,Card,17.22
9725,445,2025-07-14,Completed,PayPal,15.66
9726,623,2025-09-14,Completed,Card,4.14
9727,1465,2025-09-04,Completed,Card,16.92
9728,870,2025-07-20,Completed,Cash on Delivery,13.56
9729,136,2024-01-13,Completed,Mobile Money,22.0
9730,722,2025-12-08,Returned,Cash on Delivery,7.67
9731,1691,2025-11-01,Completed,Bank Transfer,5.09
9732,2448,2025-12-01,Completed,Card,2.67
9733,1504,2024-08-06,Completed,Bank Transfer,17.64
9734,1516,2025-03-22,Completed,Card,7.82
9735,1569,2025-01-16,Completed,Bank Transfer,13.31
9736,2499,2024-11-09,Completed,Mobile Money,10.04
9737,1613,2024-05-01,Completed,PayPal,3.33
9738,214,2025-10-03,Completed,Card,13.45
9739,2272,2024-05-12,Completed,Cash on Delivery,16.14
9740,2203,2024-07-12,Completed,Card,24.19
9741,1260,2025-02-14,Completed,Card,8.72
9742,603,2025-04-02,Completed,Card,17.04
9743,427,2025-09-04,Completed,Card,9.92
9744,101,2024-05-29,Completed,Card,21.29
9745,808,2025-05-31,Completed,Card,19.51
9746,1223,2025-08-17,Completed,PayPal,9.93
9747,2222,2025-06-16,Completed,Card,14.7
9748,1599,2025-11-07,Completed,Mobile Money,23.34
9749,938,2025-08-18,Completed,Bank Transfer,14.4
9750,870,2025-04-13,Completed,Card,21.5
9751,2011,2024-10-04,Completed,Mobile Money,10.16
9752,751,2025-09-18,Completed,PayPal,22.82
9753,103,2024-03-22,Completed,Bank Transfer,16.84
9754,748,2024-06-14,Completed,Card,18.36
9755,2119,2025-12-17,Completed,Bank Transfer,18.35
9756,1892,2025-08-20,Completed,Mobile Money,14.32
9757,239,2024-11-16,Completed,Cash on Delivery,14.26
9758,2289,2025-04-12,Completed,Bank Transfer,23.93
9759,123,2025-07-10,Completed,Bank Transfer,8.86
9760,1563,2025-10-25,Completed,Cash on Delivery,2.65
9761,504,2025-11-08,Completed,PayPal,9.79
9762,1599,2024-08-20,Completed,Card,9.42
9763,564,2024-03-27,Completed,Card,23.8
9764,2110,2024-02-23,Completed,PayPal,5.75
9765,973,2025-01-07,Completed,Card,4.69
9766,975,2025-11-09,Completed,PayPal,21.92
9767,623,2024-03-03,Completed,Card,6.52
9768,680,2024-04-19,Completed,Mobile Money,23.0
9769,227,2024-12-07,Completed,Cash on Delivery,8.84
9770,245,2025-07-04,Completed,PayPal,6.39
9771,2429,2025-01-13,Completed,Card,7.61
9772,1721,2024-08-31,Returned,Card,4.46
9773,246,2025-03-19,Completed,Card,8.37
9774,319,2025-05-18,Completed,Mobile Money,17.74
9775,1517,2024-08-03,Completed,Card,13.25
9776,2329,2024-09-19,Completed,Card,16.78
9777,2203,2024-01-23,Completed,Cash on Delivery,15.65
9778,40,2025-08-18,Completed,Card,17.0
9779,1896,2025-05-01,Completed,Card,16.16
9780,1472,2025-01-15,Completed,Bank Transfer,19.1
9781,501,2024-03-16,Completed,Bank Transfer,5.33
9782,2498,2024-11-06,Completed,Card,24.33
9783,27,2024-08-05,Cancelled,Mobile Money,10.66
9784,716,2025-03-08,Cancelled,Card,16.08
9785,2484,2024-10-09,Completed,Card,20.43
9786,2149,2025-05-22,Completed,PayPal,5.04
9787,1686,2024-01-14,Cancelled,Cash on Delivery,12.51
9788,2448,2025-05-24,Completed,Bank Transfer,20.45
9789,1587,2025-09-19,Completed,PayPal,14.76
9790,1683,2025-07-20,Completed,Card,8.1
9791,441,2024-03-15,Completed,Mobile Money,22.18
9792,525,2025-11-26,Completed,Mobile Money,14.41
9793,994,2024-11-20,Completed,Card,22.84
9794,732,2024-07-01,Completed,Cash on Delivery,4.33
9795,1413,2024-08-21,Completed,Card,21.31
9796,1859,2024-07-24,Completed,Card,23.05
9797,1754,2024-06-15,Completed,PayPal,7.29
9798,1923,2024-05-25,Completed,Mobile Money,13.63
9799,640,2025-03-31,Completed,Card,7.08
9800,2209,2025-02-25,Completed,Card,10.61
9801,2438,2025-12-10,Completed,Mobile Money,8.74
9802,2148,2024-09-27,Completed,Card,5.99
9803,1778,2025-08-25,Completed,PayPal,21.62
9804,434,2024-10-24,Completed,PayPal,22.28
9805,122,2024-07-11,Completed,Bank Transfer,7.46
9806,102,2025-01-11,Completed,Mobile Money,19.87
9807,1743,2024-02-19,Completed,Card,13.14
9808,1071,2024-05-31,Completed,Bank Transfer,6.75
9809,1047,2025-09-08,Completed,PayPal,7.25
9810,2465,2025-12-13,Completed,Card,8.86
9811,442,2024-02-24,Completed,Card,3.73
9812,461,2025-09-09,Completed,Card,13.96
9813,1107,2025-09-23,Completed,Cash on Delivery,21.16
9814,1587,2025-08-03,Completed,Card,21.67
9815,1272,2024-08-12,Returned,Mobile Money,17.73
9816,501,2024-12-06,Completed,Mobile Money,5.65
9817,1399,2025-08-26,Completed,Mobile Money,19.15
9818,2439,2025-06-16,Completed,Card,21.44
9819,522,2024-12-25,Completed,Cash on Delivery,24.62
9820,1041,2024-03-26,Completed,Card,6.0
9821,1878,2024-11-27,Completed,Cash on Delivery,2.59
9822,339,2024-06-29,Completed,Mobile Money,20.59
9823,770,2024-08-29,Completed,Bank Transfer,7.12
9824,2234,2025-04-09,Completed,Card,23.68
9825,1468,2025-05-01,Completed,Mobile Money,8.63
9826,1632,2025-05-23,Completed,Card,6.5
9827,1068,2025-08-14,Completed,Card,23.63
9828,2178,2024-06-30,Completed,Mobile Money,12.65
9829,209,2025-12-23,Completed,Bank Transfer,16.85
9830,15,2024-03-14,Completed,PayPal,22.53
9831,1552,2025-12-20,Completed,Bank Transfer,16.25
9832,2311,2024-04-12,Completed,Mobile Money,22.86
9833,1382,2024-12-06,Completed,Mobile Money,5.06
9834,414,2025-09-11,Completed,Card,19.19
9835,270,2025-06-07,Completed,Card,24.97
9836,1132,2024-04-11,Completed,Bank Transfer,5.96
9837,1911,2025-03-07,Completed,Card,4.56
9838,2454,2025-05-18,Completed,Cash on Delivery,14.82
9839,1356,2025-06-20,Completed,Card,3.09
9840,142,2024-11-29,Completed,Card,4.82
9841,148,2025-03-13,Cancelled,Cash on Delivery,18.43
9842,455,2025-02-10,Completed,PayPal,23.02
9843,827,2024-03-15,Completed,Card,7.06
9844,997,2024-05-10,Completed,Bank Transfer,12.08
9845,31,2025-08-16,Completed,Card,18.83
9846,133,2024-02-15,Completed,Card,18.75
9847,2226,2024-07-15,Completed,Card,3.82
9848,549,2025-01-05,Completed,PayPal,8.42
9849,748,2025-12-10,Completed,PayPal,12.68
9850,1256,2024-04-17,Completed,Cash on Delivery,8.71
9851,513,2025-11-03,Completed,Card,20.12
9852,2041,2024-02-24,Completed,Cash on Delivery,14.17
9853,832,2025-12-08,Completed,Mobile Money,17.95
9854,2264,2025-12-01,Completed,Mobile Money,15.93
9855,1859,2025-01-03,Returned,Bank Transfer,15.81
9856,1876,2025-06-26,Completed,PayPal,2.66
9857,646,2025-03-12,Completed,Mobile Money,7.99
9858,2442,2024-12-19,Completed,Bank Transfer,3.2
9859,2294,2024-09-14,Completed,Mobile Money,11.43
9860,168,2024-07-01,Completed,Card,9.16
9861,1430,2025-05-24,Completed,Card,22.52
9862,686,2025-11-20,Completed,Card,23.45
9863,1343,2024-08-01,Completed,Card,14.36
9864,1969,2025-03-14,Completed,Mobile Money,18.07
9865,694,2024-05-06,Completed,Bank Transfer,8.53
9866,2332,2025-02-03,Completed,Card,5.57
9867,2379,2025-04-11,Returned,Bank Transfer,22.77
9868,1794,2025-11-17,Completed,Bank Transfer,14.02
9869,1642,2024-07-27,Completed,Card,6.29
9870,2119,2024-02-22,Completed,Card,15.46
9871,255,2024-12-11,Completed,Card,19.68
9872,885,2024-01-10,Completed,Cash on Delivery,17.47
9873,1310,2025-02-19,Completed,Mobile Money,11.66
9874,2328,2024-11-29,Returned,Card,2.91
9875,46,2024-06-10,Completed,Card,22.07
9876,1390,2024-09-08,Completed,Card,21.48
9877,1552,2025-07-13,Completed,Card,11.8
9878,13,2024-12-24,Completed,Card,6.53
9879,169,2025-06-07,Returned,Card,16.4
9880,397,2024-05-16,Completed,Card,3.4
9881,579,2024-01-24,Completed,Card,18.96
9882,1163,2024-04-13,Completed,Mobile Money,6.98
9883,2297,2024-04-02,Completed,Card,3.9
9884,74,2024-10-28,Completed,Bank Transfer,14.79
9885,1710,2025-12-05,Completed,Cash on Delivery,19.56
9886,23,2025-03-15,Completed,Mobile Money,13.42
9887,1629,2024-01-25,Completed,PayPal,21.74
9888,1084,2025-06-11,Completed,Bank Transfer,16.43
9889,938,2025-12-11,Completed,Card,15.59
9890,2075,2024-11-06,Completed,Mobile Money,3.23
9891,1907,2025-09-02,Completed,Card,19.5
9892,624,2024-02-05,Completed,Bank Transfer,13.69
9893,15,2024-03-29,Completed,Bank Transfer,20.98
9894,267,2024-07-14,Cancelled,Card,10.88
9895,1366,2024-01-05,Completed,Bank Transfer,22.92
9896,2209,2025-10-04,Completed,Card,24.42
9897,1164,2025-12-17,Completed,Card,3.47
9898,533,2024-08-20,Completed,Cash on Delivery,22.88
9899,244,2024-01-25,Completed,Card,9.41
9900,2473,2025-10-30,Completed,Card,4.4
9901,1552,2024-05-14,Cancelled,Card,18.63
9902,2332,2025-04-19,Completed,PayPal,9.85
9903,2359,2025-06-17,Completed,Bank Transfer,8.58
9904,2111,2024-02-18,Completed,Card,19.69
9905,1634,2025-06-29,Completed,Card,2.73
9906,1233,2025-04-18,Completed,Card,17.37
9907,264,2024-11-07,Completed,PayPal,8.66
9908,1809,2024-07-28,Completed,Card,12.54
9909,209,2024-04-26,Completed,Mobile Money,15.94
9910,2073,2025-02-03,Completed,Bank Transfer,14.25
9911,668,2024-07-22,Completed,Card,20.53
9912,1877,2024-12-10,Completed,Mobile Money,6.63
9913,1098,2024-12-17,Completed,Card,22.18
9914,1654,2024-06-13,Cancelled,Bank Transfer,2.88
9915,1570,2025-01-15,Completed,Cash on Delivery,6.87
9916,202,2024-11-19,Completed,Card,14.73
9917,2288,2024-08-06,Completed,Card,7.32
9918,505,2024-03-28,Completed,Card,17.6
9919,789,2024-12-21,Completed,Card,15.06
9920,2000,2025-11-20,Completed,Cash on Delivery,13.05
9921,977,2024-09-01,Completed,Card,24.15
9922,1059,2024-05-12,Completed,Bank Transfer,7.94
9923,1865,2024-11-28,Completed,Card,8.63
9924,1270,2025-11-16,Completed,Mobile Money,7.31
9925,857,2024-08-13,Completed,PayPal,6.69
9926,704,2024-09-22,Completed,Card,11.26
9927,1409,2024-03-07,Completed,Card,20.38
9928,322,2024-10-31,Completed,Mobile Money,7.16
9929,680,2024-05-31,Completed,Bank Transfer,22.9
9930,2393,2024-12-20,Completed,Card,9.46
9931,1571,2024-11-22,Completed,Card,10.23
9932,2473,2025-01-10,Completed,Card,20.89
9933,2443,2025-03-19,Completed,Cash on Delivery,20.08
9934,847,2025-11-04,Completed,Card,20.56
9935,1926,2025-10-01,Completed,Card,24.23
9936,1619,2024-12-22,Completed,Card,23.14
9937,1726,2024-08-25,Completed,Card,10.77
9938,421,2024-09-02,Completed,Bank Transfer,5.1
9939,989,2025-03-02,Completed,Bank Transfer,20.98
9940,2334,2025-01-12,Completed,Card,2.65
9941,1052,2025-04-05,Completed,Mobile Money,13.53
9942,1797,2024-05-08,Completed,Card,5.28
9943,1226,2025-10-26,Completed,Cash on Delivery,14.49
9944,2480,2025-11-23,Completed,Mobile Money,6.88
9945,1336,2025-03-10,Completed,PayPal,5.09
9946,166,2024-09-04,Completed,Card,8.6
9947,886,2025-04-28,Completed,Mobile Money,14.75
9948,973,2024-04-19,Completed,PayPal,9.22
9949,522,2024-01-10,Completed,Bank Transfer,17.43
9950,2035,2024-09-05,Completed,Bank Transfer,12.15
9951,1394,2025-04-24,Completed,Bank Transfer,19.32
9952,1593,2024-01-26,Completed,Bank Transfer,18.73
9953,2274,2025-04-15,Completed,Card,24.67
9954,2070,2025-01-30,Completed,Bank Transfer,23.17
9955,186,2025-10-14,Completed,Cash on Delivery,6.03
9956,1839,2024-01-22,Completed,Card,24.22
9957,2156,2024-06-12,Completed,Bank Transfer,8.57
9958,580,2024-09-28,Completed,Mobile Money,15.31
9959,407,2025-10-22,Completed,Bank Transfer,13.84
9960,2391,2025-07-17,Completed,Cash on Delivery,24.95
9961,812,2024-12-08,Completed,Card,5.1
9962,1202,2024-08-21,Returned,Mobile Money,24.61
9963,2414,2025-12-25,Completed,Card,11.83
9964,853,2024-12-05,Completed,Card,17.47
9965,223,2024-11-14,Completed,Card,9.78
9966,495,2024-03-13,Completed,Bank Transfer,10.99
9967,1527,2024-07-07,Completed,Card,9.36
9968,113,2025-02-01,Completed,Mobile Money,6.48
9969,789,2025-11-28,Completed,Bank Transfer,9.19
9970,2119,2025-06-11,Completed,Card,19.02
9971,1587,2024-04-11,Completed,PayPal,12.48
9972,2359,2024-11-06,Completed,Card,4.01
9973,2054,2025-04-15,Completed,Bank Transfer,14.74
9974,2393,2024-11-03,Returned,Mobile Money,17.22
9975,1388,2024-11-26,Completed,Bank Transfer,22.17
9976,1474,2024-09-10,Completed,Mobile Money,7.73
9977,1745,2025-07-02,Completed,Cash on Delivery,12.09
9978,2435,2024-09-20,Completed,Bank Transfer,17.1
9979,925,2025-08-13,Completed,Card,13.7
9980,1724,2025-12-01,Completed,Cash on Delivery,5.9
9981,1059,2025-04-24,Completed,Cash on Delivery,2.85
9982,1782,2024-02-22,Completed,Mobile Money,14.53
9983,508,2025-04-20,Completed,Card,11.2
9984,4,2024-09-16,Completed,Bank Transfer,13.6
9985,667,2024-04-06,Completed,Card,12.17
9986,2187,2025-08-19,Completed,Card,11.43
9987,814,2025-11-05,Cancelled,Card,6.44
9988,485,2024-06-22,Completed,Card,10.91
9989,154,2024-01-09,Completed,Card,13.82
9990,2097,2025-10-09,Completed,Mobile Money,24.48
9991,1340,2024-08-10,Completed,Card,8.26
9992,1797,2024-07-18,Completed,Card,5.28
9993,2490,2025-10-11,Completed,Bank Transfer,22.53
9994,1734,2025-04-10,Completed,Card,7.66
9995,2049,2025-11-18,Completed,Mobile Money,23.06
9996,1847,2024-06-13,Completed,Card,8.35
9997,624,2024-01-22,Completed,Card,18.83
9998,1547,2024-02-13,Completed,PayPal,9.55
9999,21,2025-10-30,Completed,Bank Transfer,24.41
10000,804,2024-04-11,Completed,Card,8.25
