order_item_id,order_id,product_id,quantity,discount
1,1,13,2,0.0
2,2,66,1,0.05
3,3,76,2,0.0
4,4,27,1,0.05
5,5,47,3,0.0
6,5,71,2,0.02
7,5,40,1,0.05
8,6,33,1,0.0
9,7,29,1,0.0
10,7,27,2,0.15
11,8,52,1,0.0
12,8,54,3,0.0
13,8,65,1,0.0
14,9,41,3,0.0
15,9,19,1,0.0
16,10,86,1,0.0
17,11,88,2,0.0
18,12,5,1,0.1
19,13,47,2,0.0
20,14,5,1,0.05
21,14,77,1,0.1
22,15,1,3,0.0
23,15,61,3,0.02
24,16,40,2,0.05
25,17,93,1,0.1
26,17,31,1,0.05
27,18,9,2,0.0
28,18,12,1,0.02
29,18,10,1,0.05
30,18,23,1,0.0
31,19,40,1,0.0
32,20,53,2,0.0
33,21,62,1,0.0
34,21,20,1,0.0
35,21,19,1,0.0
36,22,25,1,0.0
37,22,13,1,0.0
38,22,68,1,0.1
39,23,92,1,0.05
40,23,65,1,0.0
41,24,38,1,0.1
42,24,59,3,0.0
43,25,90,3,0.05
44,25,41,1,0.0
45,25,79,2,0.0
46,26,18,2,0.0
47,27,80,1,0.0
48,28,58,1,0.02
49,28,26,1,0.05
50,28,4,2,0.02
51,28,55,1,0.15
52,29,94,1,0.0
53,29,59,1,0.0
54,30,37,1,0.05
55,30,7,1,0.1
56,31,11,2,0.05
57,32,25,3,0.02
58,32,44,2,0.02
59,32,66,1,0.0
60,32,20,2,0.0
61,32,49,1,0.02
62,33,60,1,0.0
63,33,76,1,0.0
64,34,86,1,0.0
65,35,37,1,0.05
66,36,70,2,0.05
67,36,40,1,0.0
68,37,21,1,0.0
69,37,20,2,0.0
70,37,43,1,0.0
71,38,71,1,0.02
72,39,73,1,0.02
73,39,91,3,0.1
74,39,28,1,0.0
75,39,84,1,0.0
76,39,68,3,0.0
77,40,89,1,0.0
78,41,31,3,0.0
79,41,34,4,0.05
80,42,22,2,0.0
81,42,50,1,0.02
82,43,9,1,0.02
83,44,47,1,0.05
84,44,34,2,0.02
85,44,89,1,0.0
86,45,48,4,0.0
87,46,81,2,0.05
88,46,53,2,0.0
89,47,54,1,0.02
90,47,29,1,0.0
91,48,22,4,0.02
92,48,4,1,0.0
93,48,60,3,0.1
94,48,58,1,0.0
95,48,70,2,0.0
96,49,48,2,0.02
97,49,42,1,0.05
98,50,90,1,0.1
99,51,33,1,0.0
100,51,44,1,0.02
101,51,29,1,0.0
102,52,36,1,0.05
103,52,65,1,0.0
104,52,77,2,0.0
105,53,79,4,0.05
106,54,86,2,0.0
107,55,91,1,0.0
108,56,45,1,0.1
109,57,66,3,0.0
110,58,29,2,0.05
111,58,66,2,0.0
112,58,65,2,0.02
113,59,87,1,0.02
114,59,34,3,0.15
115,59,42,1,0.0
116,59,78,1,0.1
117,60,60,2,0.0
118,60,74,1,0.0
119,60,2,1,0.0
120,60,50,1,0.15
121,61,59,1,0.0
122,61,44,1,0.0
123,61,67,1,0.02
124,62,66,1,0.0
125,62,45,1,0.0
126,63,68,2,0.15
127,63,1,1,0.0
128,64,92,2,0.05
129,65,79,2,0.0
130,66,79,1,0.1
131,67,9,2,0.0
132,67,31,1,0.05
133,68,72,2,0.02
134,69,23,3,0.0
135,70,24,1,0.0
136,70,70,2,0.1
137,71,47,1,0.02
138,71,20,1,0.0
139,72,25,1,0.1
140,73,40,2,0.0
141,74,74,3,0.0
142,74,7,2,0.02
143,75,20,1,0.1
144,75,8,3,0.0
145,76,23,1,0.0
146,76,21,1,0.15
147,77,50,1,0.0
148,78,95,1,0.0
149,79,32,2,0.02
150,79,73,1,0.0
151,79,49,1,0.1
152,80,62,3,0.15
153,80,77,2,0.1
154,81,93,1,0.0
155,81,40,2,0.0
156,81,78,1,0.02
157,81,48,1,0.1
158,82,38,1,0.0
159,83,40,2,0.0
160,83,56,1,0.0
161,84,90,2,0.0
162,85,4,1,0.02
163,85,54,2,0.1
164,86,32,1,0.0
165,86,45,1,0.05
166,86,39,1,0.0
167,87,56,1,0.1
168,87,94,1,0.05
169,88,8,2,0.02
170,88,85,1,0.15
171,88,52,1,0.05
172,89,86,3,0.0
173,90,92,1,0.02
174,90,40,1,0.0
175,90,49,1,0.1
176,91,42,1,0.05
177,91,76,1,0.0
178,91,82,1,0.0
179,91,58,1,0.0
180,92,57,1,0.05
181,92,9,2,0.1
182,92,84,1,0.0
183,93,50,3,0.05
184,94,51,2,0.0
185,94,78,2,0.0
186,94,75,1,0.0
187,94,74,1,0.02
188,95,54,2,0.02
189,95,68,3,0.0
190,96,83,3,0.0
191,96,95,1,0.1
192,97,18,1,0.05
193,97,5,1,0.0
194,97,25,1,0.0
195,97,9,1,0.1
196,98,46,1,0.0
197,98,4,1,0.0
198,99,57,1,0.0
199,100,92,2,0.0
200,101,10,1,0.0
201,102,23,1,0.0
202,103,41,2,0.0
203,103,36,4,0.05
204,104,89,1,0.05
205,105,19,2,0.02
206,106,69,1,0.0
207,106,40,2,0.05
208,106,43,1,0.0
209,106,17,1,0.05
210,107,18,1,0.02
211,108,15,1,0.0
212,108,7,3,0.05
213,109,55,1,0.1
214,110,8,1,0.02
215,110,51,2,0.05
216,110,36,1,0.05
217,111,87,1,0.0
218,111,49,1,0.0
219,112,89,2,0.0
220,113,1,1,0.02
221,114,93,1,0.02
222,115,67,2,0.05
223,115,69,3,0.0
224,115,11,1,0.0
225,116,61,1,0.0
226,116,47,3,0.0
227,117,28,1,0.05
228,118,35,3,0.0
229,119,62,1,0.0
230,120,95,1,0.1
231,120,26,2,0.0
232,121,39,1,0.15
233,121,44,3,0.0
234,122,51,1,0.0
235,122,3,4,0.05
236,123,10,1,0.02
237,124,39,1,0.02
238,124,66,1,0.0
239,125,39,1,0.0
240,125,76,1,0.0
241,125,42,1,0.0
242,125,93,3,0.0
243,126,3,1,0.0
244,126,30,1,0.05
245,126,45,2,0.0
246,127,4,1,0.05
247,127,48,1,0.0
248,127,93,1,0.02
249,127,84,1,0.0
250,127,25,1,0.0
251,128,84,1,0.05
252,128,43,1,0.0
253,128,75,3,0.0
254,129,48,1,0.0
255,130,54,1,0.0
256,130,10,1,0.05
257,130,28,1,0.0
258,130,95,2,0.02
259,130,42,1,0.0
260,131,43,1,0.15
261,132,13,2,0.0
262,132,60,1,0.05
263,133,64,3,0.0
264,133,63,1,0.1
265,133,85,1,0.05
266,133,2,1,0.0
267,134,28,1,0.0
268,134,21,1,0.05
269,135,51,2,0.0
270,136,41,1,0.02
271,137,30,1,0.05
272,137,16,1,0.1
273,137,34,1,0.0
274,137,42,1,0.0
275,137,12,2,0.0
276,138,24,3,0.05
277,139,94,1,0.0
278,140,82,1,0.0
279,140,12,1,0.0
280,141,67,1,0.0
281,141,33,1,0.0
282,141,69,1,0.02
283,141,53,1,0.05
284,142,64,1,0.0
285,143,49,1,0.0
286,144,92,1,0.0
287,145,40,1,0.02
288,146,62,2,0.0
289,146,36,1,0.02
290,146,7,1,0.05
291,147,5,1,0.0
292,147,46,1,0.1
293,148,91,1,0.0
294,149,37,1,0.02
295,150,56,1,0.0
296,151,10,1,0.05
297,152,1,3,0.05
298,152,5,2,0.02
299,152,59,3,0.05
300,153,22,1,0.05
301,153,61,2,0.02
302,154,59,1,0.0
303,155,9,1,0.02
304,156,45,1,0.02
305,156,68,2,0.05
306,156,34,1,0.05
307,156,57,2,0.0
308,157,51,2,0.05
309,158,37,1,0.05
310,159,42,1,0.0
311,160,48,1,0.0
312,160,36,1,0.02
313,161,44,2,0.05
314,162,30,1,0.05
315,162,70,1,0.0
316,163,93,1,0.02
317,164,94,1,0.0
318,165,38,1,0.0
319,165,81,1,0.0
320,166,95,1,0.05
321,166,53,4,0.0
322,166,52,1,0.0
323,167,57,3,0.1
324,168,10,3,0.0
325,168,15,2,0.0
326,169,22,2,0.0
327,170,55,2,0.0
328,171,87,3,0.0
329,172,87,1,0.02
330,173,35,1,0.02
331,173,71,1,0.0
332,173,43,1,0.02
333,173,91,1,0.02
334,174,90,1,0.1
335,175,76,4,0.05
336,175,4,2,0.02
337,175,34,2,0.0
338,175,22,1,0.05
339,176,51,1,0.0
340,177,57,1,0.05
341,178,88,1,0.05
342,178,90,1,0.02
343,178,55,1,0.0
344,179,4,1,0.02
345,179,3,1,0.05
346,179,45,1,0.1
347,180,82,1,0.0
348,180,17,2,0.0
349,180,53,1,0.0
350,180,70,1,0.05
351,181,63,2,0.0
352,181,57,1,0.0
353,181,45,1,0.0
354,181,24,4,0.1
355,182,18,1,0.05
356,183,21,2,0.05
357,183,28,1,0.02
358,184,39,1,0.0
359,185,47,1,0.02
360,185,28,1,0.0
361,185,31,2,0.0
362,186,39,1,0.0
363,186,70,1,0.0
364,186,64,1,0.1
365,187,10,1,0.0
366,188,58,2,0.05
367,188,3,2,0.1
368,189,35,3,0.0
369,189,62,1,0.0
370,189,10,2,0.05
371,189,5,2,0.1
372,190,42,1,0.0
373,191,54,1,0.0
374,191,78,1,0.02
375,191,64,1,0.0
376,191,5,1,0.0
377,192,5,2,0.0
378,193,15,2,0.05
379,194,29,1,0.0
380,195,63,1,0.0
381,196,86,1,0.1
382,196,39,1,0.02
383,197,20,2,0.05
384,198,35,1,0.0
385,199,1,2,0.0
386,200,55,1,0.0
387,200,17,2,0.0
388,201,18,2,0.0
389,201,47,1,0.0
390,202,28,1,0.05
391,202,19,2,0.1
392,202,76,2,0.0
393,203,33,1,0.02
394,203,74,2,0.05
395,203,1,2,0.0
396,204,90,4,0.0
397,205,26,1,0.1
398,206,73,1,0.0
399,207,93,3,0.0
400,208,92,1,0.0
401,208,64,2,0.02
402,208,10,1,0.0
403,209,21,1,0.1
404,210,57,1,0.0
405,210,37,1,0.0
406,210,81,1,0.0
407,211,61,1,0.02
408,211,55,1,0.0
409,212,15,3,0.0
410,213,77,1,0.0
411,214,33,2,0.05
412,215,32,2,0.0
413,216,83,1,0.05
414,216,76,1,0.1
415,216,14,2,0.02
416,217,65,3,0.0
417,217,14,1,0.1
418,217,62,3,0.0
419,218,47,3,0.0
420,219,24,1,0.02
421,220,84,4,0.0
422,221,77,2,0.05
423,222,58,1,0.0
424,222,69,1,0.0
425,223,15,1,0.0
426,224,1,2,0.05
427,224,19,2,0.05
428,224,31,1,0.0
429,225,62,1,0.0
430,226,2,1,0.0
431,226,84,1,0.0
432,227,55,2,0.1
433,227,65,1,0.05
434,228,75,1,0.0
435,228,91,1,0.05
436,229,38,1,0.0
437,230,91,1,0.0
438,230,22,2,0.05
439,231,45,1,0.0
440,232,32,1,0.02
441,232,92,1,0.02
442,233,45,1,0.05
443,233,26,2,0.05
444,234,17,1,0.0
445,235,38,1,0.05
446,236,94,1,0.0
447,236,41,2,0.1
448,236,60,1,0.05
449,237,23,2,0.0
450,237,80,1,0.05
451,238,8,1,0.02
452,239,77,2,0.1
453,240,17,1,0.1
454,240,67,1,0.1
455,241,33,1,0.05
456,241,35,1,0.0
457,242,14,1,0.05
458,242,13,1,0.05
459,242,54,1,0.1
460,243,34,2,0.05
461,243,2,2,0.05
462,244,28,2,0.0
463,245,43,1,0.0
464,245,65,1,0.05
465,245,2,2,0.0
466,246,54,3,0.0
467,247,69,1,0.0
468,248,25,1,0.05
469,249,16,3,0.02
470,250,12,1,0.15
471,251,73,2,0.05
472,251,11,1,0.1
473,252,1,1,0.0
474,252,5,1,0.1
475,253,26,3,0.0
476,253,5,2,0.02
477,254,4,1,0.05
478,255,24,2,0.05
479,256,70,2,0.02
480,256,19,1,0.02
481,256,32,2,0.0
482,257,12,1,0.0
483,258,30,2,0.15
484,259,44,1,0.0
485,260,71,1,0.0
486,261,28,1,0.0
487,261,1,1,0.0
488,262,12,2,0.0
489,263,25,1,0.1
490,263,22,1,0.0
491,264,40,1,0.0
492,264,89,3,0.0
493,264,32,2,0.15
494,264,86,1,0.0
495,265,72,1,0.02
496,266,52,1,0.0
497,267,87,2,0.0
498,268,81,3,0.02
499,268,26,2,0.0
500,268,86,1,0.0
501,268,69,1,0.05
502,269,23,1,0.0
503,270,51,3,0.0
504,270,58,1,0.1
505,271,41,1,0.1
506,272,57,1,0.02
507,272,44,1,0.0
508,273,57,2,0.02
509,274,45,1,0.0
510,274,39,1,0.02
511,274,44,1,0.0
512,275,89,1,0.02
513,276,7,1,0.0
514,276,12,1,0.0
515,276,1,1,0.1
516,277,33,1,0.1
517,277,74,1,0.05
518,277,4,2,0.0
519,278,88,3,0.05
520,279,60,2,0.0
521,279,14,1,0.0
522,279,49,1,0.0
523,279,17,1,0.0
524,279,62,1,0.0
525,280,15,1,0.02
526,280,35,1,0.0
527,280,44,4,0.0
528,280,2,1,0.0
529,281,89,1,0.0
530,282,75,1,0.0
531,282,15,1,0.0
532,283,79,1,0.15
533,284,39,1,0.0
534,285,73,1,0.0
535,286,90,2,0.0
536,287,32,1,0.0
537,288,56,1,0.02
538,288,5,2,0.0
539,289,16,1,0.0
540,289,46,1,0.0
541,290,85,2,0.0
542,291,54,1,0.0
543,291,6,1,0.0
544,291,66,3,0.0
545,292,45,2,0.0
546,293,89,2,0.15
547,293,76,1,0.0
548,293,55,2,0.0
549,293,49,1,0.1
550,294,4,1,0.1
551,294,32,1,0.05
552,294,21,1,0.02
553,295,2,1,0.0
554,296,93,2,0.0
555,297,68,1,0.0
556,298,75,1,0.0
557,299,69,2,0.05
558,299,18,1,0.0
559,300,90,1,0.05
560,301,19,1,0.0
561,301,28,1,0.0
562,301,18,1,0.05
563,302,63,1,0.0
564,303,19,1,0.0
565,304,54,3,0.02
566,304,33,2,0.1
567,305,84,1,0.0
568,306,89,4,0.0
569,307,31,3,0.0
570,308,34,2,0.02
571,308,50,1,0.0
572,308,83,1,0.0
573,309,29,1,0.05
574,310,70,1,0.0
575,310,52,3,0.0
576,311,11,3,0.0
577,311,82,3,0.05
578,312,59,1,0.02
579,313,31,1,0.02
580,313,19,1,0.05
581,314,45,3,0.1
582,314,6,4,0.02
583,315,38,1,0.0
584,315,4,1,0.02
585,316,48,1,0.0
586,316,34,2,0.02
587,316,1,2,0.02
588,317,56,1,0.05
589,318,94,1,0.05
590,318,85,3,0.1
591,319,4,2,0.1
592,319,27,1,0.0
593,319,21,1,0.05
594,320,51,1,0.0
595,320,85,1,0.0
596,320,2,1,0.0
597,321,1,3,0.0
598,321,42,1,0.1
599,321,64,1,0.1
600,321,27,3,0.0
601,322,49,2,0.0
602,323,14,1,0.05
603,324,26,2,0.02
604,325,20,2,0.05
605,325,78,2,0.02
606,325,14,1,0.0
607,326,64,2,0.02
608,327,45,2,0.0
609,327,93,1,0.02
610,328,36,1,0.0
611,328,44,1,0.15
612,328,8,1,0.0
613,328,14,3,0.0
614,328,31,2,0.05
615,329,3,1,0.05
616,329,17,2,0.02
617,330,44,1,0.05
618,330,11,1,0.0
619,331,6,1,0.02
620,331,58,1,0.05
621,331,76,1,0.1
622,332,54,3,0.0
623,332,88,1,0.1
624,333,3,1,0.1
625,334,82,1,0.0
626,335,74,3,0.0
627,336,22,1,0.0
628,337,2,1,0.0
629,338,45,2,0.0
630,338,77,1,0.1
631,338,76,2,0.0
632,339,14,2,0.0
633,339,52,4,0.05
634,340,50,1,0.15
635,341,47,1,0.02
636,341,71,1,0.05
637,341,69,3,0.0
638,341,36,2,0.1
639,341,96,1,0.0
640,342,89,1,0.02
641,343,1,1,0.02
642,344,63,1,0.05
643,344,41,2,0.02
644,345,77,2,0.02
645,346,73,4,0.15
646,346,75,1,0.0
647,346,44,1,0.1
648,346,10,1,0.1
649,346,84,1,0.02
650,347,55,1,0.0
651,347,23,2,0.02
652,348,48,1,0.1
653,348,13,1,0.02
654,349,80,4,0.0
655,349,78,2,0.05
656,349,34,1,0.15
657,350,46,2,0.1
658,350,43,1,0.05
659,351,36,1,0.02
660,352,14,2,0.0
661,353,87,1,0.02
662,354,78,1,0.0
663,355,87,3,0.0
664,356,25,1,0.0
665,357,47,2,0.02
666,358,15,1,0.0
667,358,58,1,0.02
668,359,51,3,0.0
669,359,78,1,0.1
670,359,85,1,0.02
671,359,33,1,0.0
672,359,21,2,0.02
673,360,81,2,0.0
674,361,57,1,0.0
675,361,70,1,0.0
676,362,61,1,0.05
677,362,4,1,0.0
678,362,26,2,0.05
679,363,8,1,0.0
680,363,41,1,0.0
681,363,43,3,0.05
682,363,74,1,0.1
683,364,86,1,0.05
684,365,76,3,0.02
685,366,14,1,0.05
686,366,12,1,0.0
687,366,46,1,0.1
688,367,61,1,0.05
689,367,9,1,0.0
690,368,64,2,0.15
691,369,20,1,0.05
692,370,47,1,0.0
693,370,6,1,0.05
694,370,22,1,0.0
695,370,57,1,0.0
696,370,25,1,0.0
697,371,31,2,0.15
698,372,23,3,0.0
699,372,8,1,0.0
700,372,28,1,0.0
701,372,26,1,0.05
702,373,28,2,0.02
703,373,90,1,0.0
704,374,73,2,0.1
705,375,48,1,0.0
706,375,3,1,0.0
707,375,66,3,0.0
708,376,68,1,0.02
709,377,63,1,0.02
710,378,70,2,0.02
711,378,10,3,0.05
712,378,37,1,0.02
713,378,63,1,0.02
714,378,66,2,0.05
715,379,30,1,0.02
716,380,70,3,0.02
717,381,38,1,0.1
718,382,10,3,0.02
719,382,95,1,0.0
720,382,69,1,0.05
721,383,41,1,0.02
722,383,83,1,0.0
723,383,16,1,0.05
724,384,72,1,0.02
725,385,17,1,0.0
726,386,31,1,0.02
727,387,16,1,0.15
728,387,7,1,0.1
729,387,85,1,0.0
730,387,70,2,0.05
731,388,54,1,0.05
732,388,73,1,0.05
733,389,60,1,0.02
734,389,4,1,0.05
735,390,16,2,0.1
736,391,69,1,0.15
737,391,59,2,0.0
738,391,77,1,0.02
739,392,17,1,0.0
740,392,96,1,0.02
741,393,57,1,0.0
742,393,63,2,0.02
743,393,51,1,0.0
744,394,81,2,0.05
745,394,70,3,0.02
746,395,1,3,0.05
747,395,83,1,0.0
748,395,33,1,0.0
749,396,86,4,0.05
750,396,36,1,0.05
751,396,32,1,0.0
752,397,43,2,0.0
753,398,29,1,0.0
754,398,45,3,0.1
755,398,79,1,0.0
756,399,37,3,0.05
757,399,1,1,0.02
758,400,6,1,0.05
759,400,67,2,0.02
760,400,21,3,0.0
761,401,22,2,0.0
762,401,63,1,0.02
763,401,67,3,0.0
764,402,83,4,0.1
765,403,44,1,0.05
766,403,72,2,0.0
767,403,18,1,0.0
768,404,95,1,0.05
769,404,37,3,0.1
770,405,63,2,0.1
771,406,3,1,0.0
772,406,27,1,0.0
773,406,13,1,0.1
774,407,44,3,0.05
775,408,37,3,0.0
776,408,87,3,0.1
777,409,64,2,0.0
778,409,32,3,0.1
779,410,62,2,0.02
780,410,52,2,0.0
781,410,67,1,0.1
782,410,92,2,0.0
783,411,77,4,0.0
784,412,13,1,0.0
785,412,48,2,0.05
786,413,25,1,0.15
787,413,41,2,0.1
788,414,84,3,0.1
789,415,30,1,0.0
790,416,69,1,0.1
791,417,85,1,0.0
792,417,23,1,0.0
793,417,76,1,0.0
794,417,74,1,0.0
795,418,55,2,0.05
796,419,39,1,0.02
797,420,96,3,0.0
798,421,33,1,0.1
799,421,80,2,0.05
800,421,37,2,0.05
801,422,79,2,0.15
802,422,7,1,0.15
803,422,5,1,0.0
804,422,80,1,0.0
805,422,71,2,0.0
806,423,38,4,0.05
807,423,93,2,0.1
808,423,45,1,0.02
809,423,8,2,0.0
810,424,78,1,0.0
811,425,80,1,0.02
812,426,81,1,0.1
813,427,46,2,0.15
814,427,16,3,0.05
815,427,68,1,0.0
816,428,53,3,0.1
817,429,48,3,0.05
818,430,23,1,0.05
819,430,43,2,0.0
820,431,26,2,0.1
821,432,23,1,0.1
822,433,77,1,0.05
823,434,55,2,0.0
824,435,43,1,0.0
825,436,4,1,0.02
826,437,45,1,0.0
827,437,43,1,0.0
828,438,84,2,0.0
829,438,5,1,0.02
830,439,88,2,0.05
831,439,68,1,0.0
832,439,67,3,0.15
833,440,18,1,0.0
834,440,67,1,0.0
835,441,72,1,0.0
836,442,84,1,0.0
837,443,76,1,0.05
838,443,5,1,0.0
839,443,77,1,0.0
840,443,43,1,0.02
841,444,65,1,0.02
842,444,23,2,0.02
843,444,6,3,0.0
844,445,35,3,0.02
845,445,86,1,0.02
846,445,72,2,0.0
847,445,15,1,0.0
848,446,24,1,0.02
849,447,81,1,0.0
850,448,89,1,0.0
851,448,8,2,0.0
852,448,31,2,0.15
853,449,40,1,0.05
854,449,45,1,0.02
855,450,70,1,0.02
856,450,84,2,0.1
857,450,22,3,0.05
858,451,40,1,0.02
859,452,89,1,0.15
860,452,11,2,0.0
861,453,26,2,0.05
862,453,21,1,0.0
863,453,23,2,0.02
864,454,54,2,0.05
865,454,20,1,0.02
866,455,70,1,0.0
867,455,31,1,0.1
868,455,25,1,0.02
869,455,40,1,0.02
870,455,24,2,0.1
871,456,77,1,0.0
872,456,7,1,0.02
873,456,23,1,0.05
874,456,85,1,0.02
875,456,36,2,0.02
876,457,61,1,0.02
877,457,78,2,0.0
878,458,68,1,0.1
879,458,13,1,0.02
880,458,40,1,0.02
881,458,75,1,0.02
882,459,6,2,0.05
883,460,92,3,0.02
884,460,62,2,0.1
885,461,29,1,0.05
886,461,16,1,0.0
887,461,82,3,0.1
888,461,93,1,0.0
889,462,20,3,0.05
890,463,81,1,0.1
891,463,9,2,0.0
892,463,94,1,0.0
893,464,4,2,0.0
894,464,53,2,0.0
895,465,9,1,0.15
896,466,58,3,0.05
897,466,69,4,0.0
898,467,15,2,0.1
899,468,79,2,0.0
900,468,40,2,0.0
901,469,14,3,0.0
902,470,31,1,0.15
903,471,19,1,0.05
904,471,11,1,0.02
905,472,70,1,0.02
906,472,67,1,0.0
907,473,94,2,0.02
908,474,66,2,0.02
909,475,17,1,0.0
910,475,25,3,0.0
911,476,86,1,0.02
912,477,89,1,0.1
913,478,60,1,0.02
914,479,42,1,0.02
915,479,11,1,0.05
916,480,61,1,0.0
917,480,4,1,0.0
918,481,60,4,0.0
919,481,62,1,0.0
920,481,61,3,0.0
921,482,38,2,0.02
922,483,96,1,0.0
923,484,82,1,0.0
924,485,71,1,0.0
925,485,94,2,0.05
926,486,63,4,0.02
927,486,55,1,0.1
928,486,13,1,0.1
929,487,77,1,0.05
930,487,11,2,0.0
931,488,71,1,0.0
932,489,42,3,0.0
933,489,40,1,0.0
934,489,25,1,0.05
935,490,63,2,0.0
936,491,51,1,0.05
937,492,18,1,0.0
938,492,21,1,0.0
939,492,15,1,0.02
940,492,63,1,0.0
941,493,62,2,0.1
942,493,16,2,0.0
943,494,44,1,0.0
944,495,32,2,0.02
945,495,23,1,0.0
946,495,3,1,0.0
947,496,86,1,0.15
948,497,90,2,0.05
949,498,27,1,0.0
950,499,8,1,0.05
951,500,90,1,0.05
952,500,68,2,0.0
953,500,77,1,0.0
954,501,78,1,0.15
955,501,46,1,0.0
956,501,90,1,0.02
957,501,84,1,0.02
958,502,77,1,0.0
959,502,45,2,0.1
960,503,41,1,0.0
961,504,31,1,0.02
962,504,39,1,0.02
963,504,68,1,0.05
964,504,47,1,0.0
965,505,60,1,0.05
966,505,51,2,0.02
967,506,91,2,0.02
968,506,11,1,0.05
969,507,17,1,0.0
970,507,52,1,0.02
971,508,78,1,0.0
972,509,63,1,0.02
973,509,80,1,0.1
974,510,36,1,0.1
975,511,28,1,0.0
976,512,1,2,0.0
977,513,52,4,0.1
978,514,76,2,0.05
979,514,33,3,0.1
980,514,77,2,0.02
981,514,90,2,0.0
982,514,96,2,0.02
983,515,62,2,0.0
984,515,6,1,0.02
985,516,58,1,0.05
986,516,82,1,0.05
987,516,27,1,0.0
988,516,73,3,0.0
989,516,44,1,0.0
990,517,27,2,0.0
991,517,6,2,0.05
992,517,3,1,0.05
993,517,69,2,0.02
994,517,13,3,0.0
995,518,93,2,0.0
996,519,80,2,0.02
997,519,57,2,0.0
998,520,57,1,0.0
999,521,30,2,0.0
1000,522,21,2,0.0
1001,523,20,4,0.0
1002,523,66,2,0.0
1003,523,63,2,0.02
1004,524,24,1,0.05
1005,525,16,1,0.1
1006,525,70,1,0.0
1007,525,21,1,0.0
1008,525,94,3,0.0
1009,526,40,2,0.0
1010,526,78,2,0.05
1011,527,7,2,0.05
1012,527,1,2,0.0
1013,528,83,1,0.05
1014,529,68,1,0.0
1015,529,96,1,0.02
1016,529,63,3,0.0
1017,529,44,4,0.0
1018,530,76,1,0.0
1019,531,91,3,0.1
1020,531,41,1,0.02
1021,531,37,3,0.02
1022,532,6,1,0.0
1023,533,49,1,0.02
1024,533,35,1,0.0
1025,534,78,2,0.1
1026,534,24,2,0.1
1027,535,1,2,0.0
1028,536,44,1,0.0
1029,537,67,1,0.0
1030,538,52,2,0.05
1031,539,35,1,0.05
1032,539,34,1,0.0
1033,540,20,1,0.0
1034,540,17,2,0.05
1035,540,9,2,0.02
1036,541,62,2,0.0
1037,541,37,1,0.05
1038,541,39,1,0.0
1039,542,89,2,0.0
1040,542,75,2,0.0
1041,542,84,1,0.0
1042,543,44,4,0.0
1043,543,4,1,0.0
1044,544,91,2,0.0
1045,545,72,1,0.0
1046,546,44,1,0.05
1047,546,92,1,0.0
1048,546,18,2,0.05
1049,547,52,3,0.0
1050,548,16,1,0.1
1051,549,34,1,0.1
1052,549,81,2,0.05
1053,549,85,2,0.02
1054,550,10,1,0.0
1055,551,51,1,0.02
1056,551,81,4,0.02
1057,552,53,1,0.0
1058,552,95,1,0.0
1059,553,76,1,0.05
1060,554,28,3,0.0
1061,554,70,1,0.05
1062,554,29,2,0.0
1063,554,80,1,0.0
1064,554,92,3,0.1
1065,555,75,4,0.0
1066,555,77,4,0.0
1067,556,35,1,0.1
1068,557,12,2,0.1
1069,558,23,1,0.02
1070,558,63,2,0.02
1071,558,84,1,0.15
1072,559,80,4,0.0
1073,559,61,1,0.05
1074,560,81,4,0.15
1075,560,80,1,0.0
1076,560,54,1,0.0
1077,560,65,1,0.0
1078,561,13,1,0.1
1079,562,91,1,0.05
1080,563,3,1,0.05
1081,564,24,3,0.0
1082,565,53,1,0.15
1083,565,60,1,0.0
1084,565,87,2,0.1
1085,566,53,1,0.05
1086,566,40,1,0.0
1087,566,82,1,0.0
1088,566,69,2,0.05
1089,567,11,1,0.0
1090,568,58,2,0.05
1091,568,20,3,0.0
1092,569,65,2,0.0
1093,569,36,1,0.0
1094,570,53,2,0.0
1095,571,88,3,0.0
1096,572,37,1,0.0
1097,572,92,4,0.05
1098,572,71,2,0.05
1099,572,76,2,0.02
1100,573,42,4,0.0
1101,574,24,1,0.05
1102,574,15,1,0.05
1103,574,51,1,0.1
1104,575,85,1,0.0
1105,575,33,1,0.0
1106,575,7,1,0.1
1107,576,10,3,0.1
1108,577,35,1,0.0
1109,578,7,1,0.0
1110,579,4,3,0.0
1111,579,95,2,0.1
1112,580,81,1,0.02
1113,581,47,1,0.05
1114,581,63,1,0.15
1115,581,8,1,0.02
1116,582,37,1,0.0
1117,583,73,1,0.0
1118,584,92,3,0.0
1119,584,96,1,0.0
1120,584,79,3,0.05
1121,584,23,3,0.0
1122,585,83,2,0.0
1123,585,49,2,0.0
1124,585,41,1,0.05
1125,586,69,3,0.0
1126,587,69,2,0.0
1127,588,12,1,0.05
1128,589,82,1,0.02
1129,589,68,1,0.0
1130,589,64,1,0.0
1131,589,18,1,0.0
1132,589,38,2,0.0
1133,590,96,2,0.02
1134,590,85,1,0.0
1135,591,20,1,0.05
1136,591,10,1,0.1
1137,591,75,1,0.0
1138,591,39,1,0.1
1139,591,19,1,0.0
1140,592,3,4,0.02
1141,593,7,1,0.02
1142,593,5,3,0.02
1143,593,23,1,0.02
1144,593,39,1,0.0
1145,593,63,1,0.0
1146,594,89,1,0.0
1147,595,45,1,0.0
1148,596,45,2,0.0
1149,597,66,1,0.0
1150,598,68,1,0.0
1151,598,19,1,0.15
1152,598,70,1,0.02
1153,599,34,2,0.15
1154,599,58,2,0.05
1155,600,90,2,0.0
1156,601,35,2,0.0
1157,602,29,1,0.05
1158,603,96,2,0.05
1159,603,52,2,0.05
1160,604,80,1,0.02
1161,605,72,2,0.0
1162,605,87,4,0.02
1163,606,41,1,0.02
1164,606,91,1,0.0
1165,606,6,1,0.02
1166,606,31,1,0.0
1167,607,32,1,0.0
1168,607,50,2,0.0
1169,607,68,1,0.05
1170,608,10,1,0.02
1171,608,79,1,0.0
1172,608,42,1,0.05
1173,608,16,1,0.02
1174,609,41,3,0.0
1175,610,34,2,0.05
1176,611,11,1,0.0
1177,611,29,3,0.02
1178,611,22,2,0.0
1179,611,25,1,0.0
1180,612,21,1,0.05
1181,613,4,1,0.0
1182,614,20,2,0.05
1183,614,44,2,0.05
1184,614,68,1,0.02
1185,614,15,1,0.05
1186,614,70,1,0.05
1187,615,45,1,0.05
1188,616,6,3,0.02
1189,617,17,1,0.0
1190,618,57,1,0.0
1191,618,87,1,0.0
1192,618,51,2,0.02
1193,619,14,1,0.1
1194,619,86,2,0.0
1195,620,28,3,0.05
1196,621,69,1,0.05
1197,622,1,2,0.0
1198,623,6,3,0.02
1199,623,40,1,0.0
1200,624,76,4,0.02
1201,625,55,1,0.0
1202,626,7,2,0.02
1203,627,38,2,0.02
1204,628,54,2,0.02
1205,629,56,2,0.0
1206,629,71,3,0.0
1207,630,21,3,0.1
1208,630,49,1,0.02
1209,631,12,2,0.1
1210,631,33,2,0.0
1211,631,40,1,0.02
1212,631,82,2,0.05
1213,632,11,1,0.05
1214,632,56,1,0.1
1215,633,83,1,0.0
1216,634,65,1,0.05
1217,634,82,2,0.0
1218,634,37,3,0.02
1219,635,59,1,0.1
1220,635,33,4,0.0
1221,635,21,1,0.05
1222,635,27,3,0.02
1223,636,96,1,0.15
1224,636,60,1,0.0
1225,637,68,1,0.05
1226,637,24,2,0.05
1227,637,63,1,0.0
1228,637,91,1,0.0
1229,637,93,2,0.02
1230,638,16,1,0.0
1231,638,61,1,0.05
1232,638,62,1,0.0
1233,639,73,3,0.0
1234,640,9,1,0.0
1235,641,7,1,0.05
1236,642,62,1,0.05
1237,642,32,1,0.0
1238,643,85,1,0.02
1239,644,55,1,0.0
1240,644,57,1,0.0
1241,645,23,1,0.05
1242,646,62,3,0.15
1243,646,3,1,0.02
1244,647,31,2,0.0
1245,647,67,1,0.0
1246,648,22,2,0.0
1247,648,85,1,0.05
1248,648,63,1,0.05
1249,648,45,1,0.0
1250,649,76,3,0.1
1251,650,44,1,0.02
1252,650,30,1,0.05
1253,651,40,1,0.0
1254,652,62,3,0.05
1255,652,93,1,0.0
1256,652,48,1,0.02
1257,653,85,1,0.15
1258,653,67,3,0.05
1259,653,83,1,0.0
1260,654,87,1,0.1
1261,654,14,2,0.02
1262,654,70,3,0.0
1263,655,66,2,0.0
1264,655,17,1,0.02
1265,655,12,1,0.0
1266,656,56,1,0.05
1267,657,4,1,0.0
1268,658,92,1,0.05
1269,658,89,1,0.15
1270,658,74,2,0.0
1271,659,11,1,0.02
1272,660,83,1,0.0
1273,661,68,1,0.05
1274,661,47,2,0.05
1275,662,33,3,0.0
1276,662,62,1,0.0
1277,663,15,1,0.0
1278,664,33,2,0.0
1279,664,46,2,0.02
1280,665,15,1,0.02
1281,666,10,2,0.05
1282,666,73,2,0.0
1283,666,11,3,0.02
1284,667,71,2,0.0
1285,667,27,2,0.0
1286,667,94,1,0.02
1287,667,21,3,0.05
1288,668,37,1,0.1
1289,668,33,1,0.02
1290,668,92,2,0.0
1291,668,16,2,0.1
1292,669,28,2,0.0
1293,670,88,2,0.0
1294,670,51,1,0.02
1295,670,21,1,0.0
1296,670,45,2,0.0
1297,671,39,1,0.05
1298,672,65,1,0.02
1299,673,40,1,0.0
1300,673,38,4,0.0
1301,674,42,1,0.05
1302,675,21,2,0.02
1303,676,9,2,0.0
1304,676,78,1,0.02
1305,677,85,1,0.0
1306,677,95,1,0.0
1307,678,36,1,0.0
1308,679,67,1,0.05
1309,679,51,1,0.05
1310,679,45,1,0.02
1311,680,95,1,0.0
1312,681,81,2,0.0
1313,681,67,1,0.1
1314,681,39,1,0.0
1315,681,43,2,0.02
1316,682,56,2,0.0
1317,682,19,1,0.02
1318,682,20,3,0.05
1319,683,29,2,0.05
1320,683,42,4,0.02
1321,683,77,2,0.05
1322,684,8,1,0.02
1323,684,49,4,0.05
1324,684,55,2,0.0
1325,685,54,1,0.0
1326,685,28,3,0.0
1327,686,38,1,0.05
1328,686,63,2,0.05
1329,686,32,1,0.05
1330,686,84,1,0.1
1331,687,82,1,0.0
1332,687,34,1,0.02
1333,687,60,3,0.05
1334,688,56,1,0.02
1335,688,43,3,0.0
1336,689,26,1,0.0
1337,689,55,2,0.0
1338,690,41,1,0.05
1339,691,9,3,0.0
1340,692,76,1,0.0
1341,693,91,2,0.05
1342,693,79,1,0.1
1343,694,21,1,0.02
1344,694,61,3,0.0
1345,695,64,1,0.1
1346,695,17,1,0.1
1347,696,47,1,0.0
1348,696,78,1,0.05
1349,696,70,1,0.05
1350,697,41,1,0.15
1351,697,28,2,0.0
1352,698,66,1,0.0
1353,698,71,1,0.0
1354,699,64,1,0.0
1355,700,55,3,0.02
1356,700,17,3,0.05
1357,701,68,1,0.1
1358,702,61,1,0.1
1359,702,80,1,0.0
1360,703,67,2,0.0
1361,703,92,1,0.05
1362,704,52,4,0.02
1363,704,73,1,0.0
1364,705,76,1,0.02
1365,706,51,1,0.0
1366,706,85,1,0.0
1367,706,58,2,0.0
1368,707,10,2,0.1
1369,708,20,3,0.05
1370,708,21,1,0.02
1371,708,44,2,0.0
1372,708,96,1,0.02
1373,709,54,1,0.15
1374,709,82,2,0.05
1375,710,46,2,0.02
1376,710,26,1,0.0
1377,710,10,2,0.0
1378,711,81,1,0.02
1379,712,15,2,0.0
1380,712,50,2,0.0
1381,712,14,1,0.02
1382,712,69,2,0.05
1383,713,58,1,0.0
1384,714,27,1,0.0
1385,715,24,1,0.02
1386,715,74,1,0.0
1387,715,68,1,0.05
1388,715,6,2,0.0
1389,716,10,2,0.05
1390,716,12,1,0.05
1391,717,90,1,0.02
1392,717,48,2,0.02
1393,717,93,1,0.0
1394,717,92,1,0.05
1395,717,52,2,0.05
1396,718,22,1,0.0
1397,719,74,2,0.05
1398,719,88,1,0.0
1399,719,25,2,0.0
1400,720,33,1,0.05
1401,721,58,1,0.0
1402,721,28,1,0.05
1403,721,57,2,0.02
1404,721,53,1,0.0
1405,722,84,1,0.0
1406,722,76,1,0.0
1407,723,62,1,0.0
1408,723,40,2,0.0
1409,724,85,2,0.05
1410,725,69,1,0.05
1411,726,18,1,0.0
1412,726,48,1,0.0
1413,726,25,1,0.05
1414,727,42,1,0.05
1415,727,3,1,0.0
1416,728,49,1,0.15
1417,729,1,2,0.05
1418,729,23,3,0.0
1419,730,40,3,0.05
1420,730,49,1,0.0
1421,731,41,1,0.0
1422,731,65,1,0.0
1423,732,40,1,0.1
1424,733,53,1,0.02
1425,734,94,2,0.0
1426,734,56,2,0.0
1427,735,37,4,0.0
1428,736,29,1,0.1
1429,736,42,1,0.1
1430,737,7,2,0.1
1431,738,72,1,0.0
1432,739,44,1,0.05
1433,740,36,2,0.05
1434,740,40,2,0.15
1435,741,70,3,0.02
1436,741,61,2,0.0
1437,742,69,2,0.1
1438,742,86,1,0.0
1439,742,2,1,0.02
1440,743,74,1,0.05
1441,744,6,1,0.02
1442,745,6,1,0.0
1443,745,12,1,0.0
1444,745,68,1,0.0
1445,745,63,1,0.02
1446,746,54,2,0.0
1447,746,32,1,0.05
1448,746,88,1,0.05
1449,746,35,1,0.02
1450,746,30,1,0.05
1451,747,42,3,0.05
1452,747,46,1,0.05
1453,748,67,1,0.0
1454,749,74,2,0.0
1455,750,81,2,0.1
1456,750,93,2,0.02
1457,750,44,1,0.02
1458,750,23,2,0.0
1459,751,73,2,0.0
1460,752,5,1,0.1
1461,753,87,1,0.05
1462,754,76,1,0.15
1463,754,53,2,0.1
1464,754,29,1,0.0
1465,755,12,1,0.02
1466,756,61,1,0.0
1467,757,88,3,0.05
1468,757,70,1,0.0
1469,758,13,2,0.0
1470,759,67,2,0.0
1471,760,48,1,0.0
1472,761,30,1,0.05
1473,761,85,3,0.1
1474,761,13,2,0.0
1475,762,16,1,0.02
1476,763,43,1,0.1
1477,763,1,1,0.02
1478,763,42,1,0.02
1479,764,77,1,0.0
1480,765,84,1,0.0
1481,765,93,1,0.0
1482,766,54,1,0.02
1483,766,79,1,0.0
1484,767,10,1,0.0
1485,767,33,1,0.0
1486,767,6,2,0.0
1487,768,56,1,0.0
1488,768,34,3,0.05
1489,768,93,2,0.05
1490,768,96,1,0.0
1491,769,55,2,0.0
1492,770,57,1,0.0
1493,771,68,2,0.05
1494,771,47,3,0.1
1495,772,92,2,0.05
1496,772,3,3,0.05
1497,772,32,1,0.02
1498,772,82,2,0.05
1499,773,12,1,0.0
1500,773,17,2,0.15
1501,774,15,3,0.0
1502,775,79,2,0.0
1503,775,37,2,0.1
1504,776,51,4,0.0
1505,776,23,1,0.05
1506,776,29,3,0.05
1507,777,37,2,0.05
1508,777,60,1,0.02
1509,778,38,3,0.0
1510,779,58,2,0.0
1511,779,54,1,0.1
1512,779,65,1,0.15
1513,779,67,1,0.0
1514,779,4,2,0.05
1515,780,45,2,0.02
1516,781,79,1,0.02
1517,781,61,1,0.02
1518,782,50,1,0.02
1519,783,71,4,0.1
1520,783,70,1,0.0
1521,784,40,2,0.0
1522,784,38,1,0.02
1523,785,39,1,0.0
1524,786,29,1,0.1
1525,786,79,2,0.15
1526,787,40,1,0.0
1527,787,80,2,0.02
1528,788,48,1,0.1
1529,789,52,1,0.0
1530,790,36,3,0.0
1531,790,20,2,0.02
1532,790,19,1,0.1
1533,790,38,1,0.05
1534,791,84,1,0.0
1535,791,95,1,0.05
1536,792,60,2,0.1
1537,793,11,1,0.0
1538,793,21,2,0.0
1539,794,64,1,0.1
1540,794,24,1,0.0
1541,795,70,2,0.05
1542,796,34,2,0.02
1543,797,61,1,0.05
1544,797,7,3,0.0
1545,798,14,3,0.02
1546,798,42,2,0.05
1547,799,25,1,0.1
1548,800,83,1,0.02
1549,801,63,3,0.0
1550,801,61,1,0.02
1551,802,61,1,0.02
1552,802,30,1,0.0
1553,802,60,1,0.05
1554,803,57,1,0.0
1555,803,91,1,0.02
1556,804,14,1,0.0
1557,805,22,2,0.02
1558,806,35,2,0.0
1559,806,6,1,0.02
1560,806,39,1,0.0
1561,807,47,2,0.1
1562,808,72,1,0.02
1563,809,59,2,0.05
1564,809,73,1,0.05
1565,809,92,1,0.05
1566,810,83,1,0.1
1567,811,20,1,0.15
1568,812,85,1,0.0
1569,813,71,1,0.05
1570,813,87,1,0.02
1571,813,82,2,0.0
1572,814,86,1,0.05
1573,815,24,2,0.02
1574,816,10,1,0.02
1575,817,7,1,0.05
1576,818,84,1,0.0
1577,819,96,1,0.05
1578,819,74,1,0.05
1579,820,56,3,0.0
1580,820,66,1,0.0
1581,820,73,1,0.1
1582,820,69,1,0.0
1583,821,50,1,0.0
1584,822,52,2,0.0
1585,822,95,2,0.02
1586,823,90,3,0.0
1587,823,61,1,0.0
1588,824,66,2,0.0
1589,824,58,3,0.02
1590,824,86,1,0.1
1591,825,95,1,0.05
1592,826,89,3,0.0
1593,827,28,1,0.0
1594,827,38,2,0.0
1595,827,40,1,0.02
1596,828,12,1,0.0
1597,828,1,1,0.0
1598,828,55,2,0.0
1599,829,55,2,0.0
1600,830,84,1,0.0
1601,830,1,3,0.1
1602,830,92,2,0.0
1603,830,46,1,0.02
1604,831,8,2,0.0
1605,832,58,1,0.05
1606,833,40,2,0.02
1607,834,38,1,0.1
1608,835,46,1,0.0
1609,835,60,2,0.0
1610,836,10,1,0.0
1611,837,24,2,0.0
1612,837,6,1,0.02
1613,838,78,4,0.0
1614,839,54,1,0.02
1615,839,72,1,0.02
1616,840,17,1,0.05
1617,841,27,3,0.0
1618,842,92,1,0.0
1619,842,22,1,0.02
1620,842,70,1,0.05
1621,842,85,3,0.0
1622,843,66,2,0.0
1623,843,52,1,0.05
1624,843,90,1,0.02
1625,844,33,1,0.0
1626,844,36,1,0.0
1627,844,60,1,0.02
1628,844,66,1,0.0
1629,845,50,1,0.1
1630,846,1,1,0.1
1631,847,5,2,0.02
1632,848,94,1,0.0
1633,849,12,4,0.05
1634,850,8,1,0.0
1635,850,55,1,0.05
1636,851,28,1,0.05
1637,851,69,2,0.02
1638,851,78,1,0.05
1639,852,70,1,0.0
1640,853,57,1,0.0
1641,854,76,2,0.02
1642,855,37,1,0.0
1643,856,17,2,0.0
1644,856,66,2,0.0
1645,857,90,1,0.1
1646,857,65,3,0.05
1647,858,35,1,0.0
1648,858,24,1,0.0
1649,859,40,1,0.02
1650,859,18,2,0.0
1651,860,38,1,0.05
1652,860,66,1,0.02
1653,861,37,1,0.0
1654,862,10,4,0.02
1655,863,1,1,0.02
1656,864,45,1,0.0
1657,865,63,1,0.02
1658,865,95,2,0.05
1659,865,94,1,0.05
1660,866,57,1,0.05
1661,867,38,1,0.05
1662,867,82,4,0.02
1663,867,61,1,0.0
1664,868,89,2,0.0
1665,868,73,1,0.05
1666,869,40,1,0.02
1667,869,21,1,0.05
1668,870,90,1,0.05
1669,870,16,1,0.0
1670,870,71,1,0.1
1671,870,20,4,0.05
1672,870,41,4,0.02
1673,871,10,3,0.0
1674,872,23,1,0.0
1675,873,4,2,0.0
1676,874,42,1,0.02
1677,874,44,1,0.15
1678,874,36,1,0.0
1679,875,45,2,0.0
1680,876,44,1,0.1
1681,876,74,3,0.02
1682,877,2,1,0.05
1683,878,53,1,0.02
1684,878,72,2,0.0
1685,878,24,1,0.0
1686,878,22,1,0.0
1687,879,76,1,0.0
1688,880,31,3,0.0
1689,880,75,1,0.05
1690,880,67,1,0.0
1691,881,76,1,0.0
1692,881,10,1,0.0
1693,881,42,1,0.05
1694,881,46,1,0.02
1695,882,67,1,0.0
1696,883,80,1,0.0
1697,884,6,2,0.02
1698,884,38,1,0.02
1699,885,56,1,0.05
1700,885,43,1,0.1
1701,885,67,3,0.0
1702,885,77,1,0.15
1703,885,48,2,0.0
1704,886,30,1,0.1
1705,887,25,1,0.02
1706,887,29,1,0.05
1707,888,27,2,0.0
1708,889,64,1,0.02
1709,889,46,1,0.02
1710,889,21,1,0.05
1711,889,93,1,0.0
1712,889,54,2,0.0
1713,890,28,1,0.05
1714,891,1,2,0.0
1715,892,38,1,0.0
1716,893,51,1,0.02
1717,893,20,1,0.0
1718,894,35,3,0.0
1719,895,94,2,0.0
1720,896,62,2,0.05
1721,896,7,2,0.0
1722,897,40,1,0.1
1723,898,18,3,0.0
1724,898,14,2,0.0
1725,898,46,2,0.05
1726,898,16,1,0.05
1727,899,38,2,0.02
1728,900,13,1,0.1
1729,901,59,2,0.0
1730,901,56,2,0.0
1731,902,82,1,0.0
1732,903,52,1,0.0
1733,904,8,1,0.0
1734,904,36,1,0.0
1735,905,24,2,0.05
1736,906,40,2,0.02
1737,906,10,2,0.0
1738,907,33,1,0.05
1739,908,93,4,0.15
1740,909,84,2,0.0
1741,909,59,1,0.02
1742,909,1,2,0.0
1743,909,26,1,0.0
1744,910,14,1,0.0
1745,911,27,2,0.05
1746,911,84,3,0.0
1747,911,57,2,0.0
1748,912,87,1,0.1
1749,913,74,1,0.05
1750,914,4,1,0.1
1751,915,7,1,0.0
1752,916,64,1,0.0
1753,917,94,1,0.02
1754,918,31,4,0.05
1755,918,35,1,0.05
1756,919,55,1,0.05
1757,920,38,1,0.0
1758,921,52,1,0.02
1759,922,3,2,0.02
1760,922,35,1,0.1
1761,923,22,1,0.0
1762,924,93,2,0.05
1763,925,17,1,0.15
1764,926,37,1,0.0
1765,927,26,1,0.1
1766,927,73,2,0.02
1767,928,73,1,0.02
1768,929,62,1,0.05
1769,929,11,3,0.02
1770,929,41,1,0.0
1771,929,14,1,0.05
1772,930,36,1,0.0
1773,931,67,1,0.05
1774,932,94,1,0.05
1775,932,7,1,0.0
1776,933,60,1,0.02
1777,934,19,1,0.1
1778,934,42,1,0.1
1779,934,69,1,0.1
1780,935,47,2,0.0
1781,935,67,1,0.02
1782,935,8,1,0.02
1783,936,49,1,0.05
1784,937,26,1,0.0
1785,938,35,1,0.05
1786,939,12,1,0.05
1787,939,50,1,0.02
1788,939,76,2,0.0
1789,940,9,1,0.05
1790,941,4,1,0.05
1791,941,80,2,0.05
1792,941,22,1,0.0
1793,941,60,2,0.02
1794,942,4,1,0.0
1795,943,86,1,0.05
1796,944,37,3,0.1
1797,945,2,1,0.0
1798,945,66,1,0.0
1799,946,65,4,0.02
1800,947,2,3,0.02
1801,947,74,2,0.0
1802,948,65,2,0.05
1803,948,80,1,0.02
1804,948,93,1,0.0
1805,949,39,1,0.0
1806,950,30,1,0.1
1807,950,89,1,0.15
1808,950,37,1,0.0
1809,951,43,1,0.0
1810,952,63,1,0.0
1811,952,33,3,0.05
1812,953,52,1,0.05
1813,953,4,1,0.0
1814,953,34,1,0.0
1815,954,89,2,0.1
1816,954,25,1,0.0
1817,955,47,1,0.1
1818,956,89,3,0.0
1819,956,81,2,0.0
1820,957,80,1,0.1
1821,957,53,3,0.1
1822,957,37,1,0.0
1823,957,57,1,0.1
1824,958,51,1,0.15
1825,958,13,1,0.0
1826,959,7,1,0.05
1827,960,46,1,0.0
1828,961,68,1,0.0
1829,962,23,1,0.05
1830,963,96,3,0.1
1831,963,12,2,0.0
1832,964,3,1,0.0
1833,965,5,2,0.05
1834,966,84,1,0.02
1835,966,21,1,0.0
1836,966,68,2,0.05
1837,966,42,1,0.02
1838,967,82,1,0.0
1839,968,9,2,0.0
1840,968,4,1,0.05
1841,969,15,2,0.0
1842,970,75,3,0.0
1843,971,56,1,0.02
1844,972,67,3,0.0
1845,973,90,2,0.0
1846,973,65,1,0.02
1847,973,38,1,0.05
1848,973,54,2,0.1
1849,974,2,1,0.05
1850,974,29,2,0.05
1851,974,33,2,0.0
1852,975,33,1,0.0
1853,976,72,2,0.0
1854,977,82,2,0.0
1855,977,29,1,0.05
1856,977,21,2,0.05
1857,978,31,1,0.0
1858,978,64,3,0.0
1859,978,29,1,0.0
1860,979,13,1,0.05
1861,979,27,1,0.0
1862,979,92,2,0.05
1863,979,90,2,0.1
1864,979,21,2,0.1
1865,980,9,2,0.0
1866,981,1,3,0.02
1867,982,67,1,0.1
1868,982,14,1,0.0
1869,983,83,2,0.15
1870,983,26,1,0.02
1871,983,64,1,0.05
1872,984,8,4,0.05
1873,984,53,2,0.02
1874,984,10,3,0.0
1875,985,51,1,0.02
1876,985,10,1,0.02
1877,986,7,1,0.05
1878,987,38,1,0.02
1879,988,69,1,0.02
1880,988,71,1,0.0
1881,989,38,2,0.0
1882,990,3,1,0.0
1883,991,94,1,0.05
1884,991,2,1,0.05
1885,992,60,1,0.02
1886,992,94,1,0.0
1887,992,30,1,0.0
1888,993,73,1,0.0
1889,994,5,1,0.0
1890,995,31,1,0.1
1891,995,78,1,0.0
1892,996,65,1,0.0
1893,997,45,2,0.0
1894,998,31,2,0.02
1895,999,4,2,0.15
1896,1000,32,1,0.05
1897,1000,84,1,0.0
1898,1000,42,1,0.05
1899,1001,47,3,0.0
1900,1002,79,1,0.02
1901,1002,16,1,0.05
1902,1002,26,1,0.0
1903,1003,93,2,0.02
1904,1003,9,1,0.1
1905,1003,87,1,0.05
1906,1004,83,1,0.15
1907,1004,69,1,0.0
1908,1004,43,1,0.1
1909,1004,8,1,0.02
1910,1005,15,1,0.0
1911,1005,7,1,0.0
1912,1006,25,1,0.0
1913,1006,80,1,0.0
1914,1007,26,1,0.02
1915,1007,92,2,0.0
1916,1007,90,1,0.0
1917,1008,71,1,0.02
1918,1009,78,3,0.15
1919,1009,39,1,0.0
1920,1010,93,1,0.02
1921,1010,83,1,0.0
1922,1010,24,1,0.1
1923,1010,75,1,0.0
1924,1011,11,1,0.0
1925,1012,54,1,0.0
1926,1012,80,2,0.02
1927,1012,47,2,0.02
1928,1013,67,2,0.0
1929,1013,59,2,0.1
1930,1013,10,3,0.15
1931,1014,89,2,0.1
1932,1014,42,1,0.15
1933,1015,7,1,0.0
1934,1016,30,1,0.0
1935,1017,84,1,0.02
1936,1017,53,1,0.0
1937,1017,31,1,0.0
1938,1017,40,1,0.0
1939,1018,1,2,0.0
1940,1018,88,1,0.0
1941,1019,34,2,0.0
1942,1020,66,1,0.05
1943,1021,40,1,0.1
1944,1022,43,1,0.15
1945,1022,35,1,0.05
1946,1022,10,1,0.0
1947,1022,64,2,0.0
1948,1023,94,2,0.05
1949,1023,8,2,0.05
1950,1024,23,3,0.0
1951,1024,89,1,0.1
1952,1024,31,3,0.05
1953,1025,45,1,0.05
1954,1025,24,1,0.0
1955,1025,89,1,0.0
1956,1026,75,1,0.1
1957,1027,94,1,0.05
1958,1028,77,3,0.0
1959,1028,92,2,0.02
1960,1028,18,2,0.0
1961,1029,52,1,0.0
1962,1029,6,1,0.0
1963,1029,42,1,0.02
1964,1030,32,2,0.1
1965,1030,68,1,0.05
1966,1031,19,1,0.0
1967,1031,64,1,0.05
1968,1031,31,2,0.02
1969,1032,19,3,0.02
1970,1032,40,1,0.0
1971,1032,34,1,0.0
1972,1033,52,1,0.0
1973,1034,1,1,0.0
1974,1034,9,2,0.0
1975,1035,85,2,0.0
1976,1036,62,1,0.0
1977,1037,84,2,0.02
1978,1038,53,1,0.0
1979,1038,74,1,0.0
1980,1039,43,1,0.1
1981,1039,85,1,0.0
1982,1039,51,1,0.02
1983,1040,55,1,0.1
1984,1040,96,1,0.02
1985,1040,32,3,0.0
1986,1041,96,1,0.02
1987,1042,52,3,0.0
1988,1042,65,3,0.0
1989,1043,59,1,0.1
1990,1043,36,1,0.02
1991,1043,37,4,0.0
1992,1044,87,2,0.0
1993,1044,77,2,0.02
1994,1045,82,2,0.1
1995,1045,91,2,0.0
1996,1046,19,1,0.1
1997,1047,67,1,0.05
1998,1048,50,3,0.02
1999,1049,5,2,0.0
2000,1049,16,2,0.1
2001,1050,32,1,0.15
2002,1051,88,1,0.05
2003,1051,17,2,0.0
2004,1051,6,1,0.0
2005,1051,69,2,0.0
2006,1052,88,1,0.05
2007,1053,75,2,0.02
2008,1053,92,1,0.05
2009,1053,44,2,0.02
2010,1054,77,2,0.05
2011,1055,39,1,0.0
2012,1055,87,3,0.0
2013,1056,35,2,0.05
2014,1057,11,1,0.05
2015,1058,43,1,0.02
2016,1058,56,2,0.0
2017,1059,92,1,0.0
2018,1060,38,2,0.02
2019,1060,16,1,0.05
2020,1061,76,1,0.02
2021,1061,50,1,0.0
2022,1062,5,1,0.0
2023,1062,57,1,0.0
2024,1063,47,1,0.0
2025,1064,56,3,0.0
2026,1065,49,2,0.1
2027,1065,6,2,0.02
2028,1066,13,1,0.05
2029,1066,64,1,0.05
2030,1066,22,1,0.0
2031,1066,25,1,0.0
2032,1066,27,1,0.0
2033,1067,23,1,0.0
2034,1067,66,1,0.05
2035,1068,54,1,0.0
2036,1069,63,2,0.0
2037,1069,35,1,0.05
2038,1070,72,2,0.0
2039,1070,16,1,0.02
2040,1070,54,1,0.05
2041,1070,6,2,0.1
2042,1070,78,1,0.1
2043,1071,67,1,0.0
2044,1071,45,1,0.0
2045,1071,10,2,0.02
2046,1071,75,1,0.05
2047,1072,81,1,0.02
2048,1072,63,1,0.0
2049,1072,91,1,0.15
2050,1072,33,1,0.1
2051,1073,53,1,0.05
2052,1074,24,1,0.02
2053,1074,81,1,0.0
2054,1075,45,1,0.0
2055,1076,18,1,0.05
2056,1077,33,3,0.1
2057,1078,6,3,0.02
2058,1079,50,1,0.05
2059,1079,20,1,0.1
2060,1079,31,1,0.02
2061,1079,8,1,0.0
2062,1079,95,2,0.05
2063,1080,46,1,0.02
2064,1081,5,1,0.0
2065,1081,90,2,0.02
2066,1081,43,1,0.02
2067,1081,16,1,0.05
2068,1082,89,1,0.02
2069,1082,42,1,0.05
2070,1083,20,1,0.0
2071,1083,55,1,0.02
2072,1083,33,1,0.0
2073,1084,56,1,0.02
2074,1084,30,1,0.0
2075,1084,74,2,0.02
2076,1084,28,1,0.02
2077,1085,90,2,0.0
2078,1086,30,1,0.0
2079,1087,52,1,0.05
2080,1087,47,2,0.0
2081,1088,74,1,0.05
2082,1089,38,1,0.0
2083,1089,30,1,0.0
2084,1090,65,1,0.1
2085,1091,64,3,0.02
2086,1092,63,2,0.02
2087,1092,89,1,0.0
2088,1092,59,1,0.0
2089,1093,61,1,0.15
2090,1093,44,2,0.02
2091,1094,77,1,0.05
2092,1095,14,1,0.0
2093,1096,17,1,0.05
2094,1096,71,1,0.02
2095,1097,7,1,0.0
2096,1097,96,3,0.0
2097,1098,84,1,0.0
2098,1099,17,2,0.0
2099,1099,33,3,0.0
2100,1100,39,1,0.1
2101,1100,44,1,0.0
2102,1101,41,3,0.0
2103,1101,30,2,0.0
2104,1102,18,1,0.0
2105,1103,67,1,0.0
2106,1103,56,2,0.05
2107,1104,96,2,0.0
2108,1105,69,1,0.05
2109,1106,71,1,0.0
2110,1106,61,1,0.0
2111,1107,63,3,0.1
2112,1107,53,3,0.02
2113,1107,85,1,0.05
2114,1108,79,1,0.02
2115,1109,69,1,0.0
2116,1110,53,2,0.05
2117,1111,75,1,0.0
2118,1111,51,2,0.02
2119,1112,89,1,0.05
2120,1113,90,1,0.05
2121,1113,10,1,0.1
2122,1114,43,1,0.0
2123,1115,45,1,0.0
2124,1115,43,1,0.0
2125,1115,78,1,0.0
2126,1115,59,1,0.1
2127,1115,62,3,0.15
2128,1116,74,1,0.15
2129,1117,28,1,0.0
2130,1117,35,3,0.15
2131,1118,67,1,0.0
2132,1118,1,1,0.02
2133,1118,4,1,0.05
2134,1119,60,1,0.1
2135,1120,2,2,0.02
2136,1121,16,1,0.0
2137,1121,21,2,0.0
2138,1122,48,2,0.0
2139,1122,84,2,0.0
2140,1122,78,1,0.0
2141,1122,40,1,0.0
2142,1123,16,1,0.0
2143,1124,25,2,0.0
2144,1125,44,1,0.02
2145,1126,35,2,0.05
2146,1127,50,1,0.02
2147,1128,17,2,0.02
2148,1129,49,1,0.05
2149,1129,32,1,0.1
2150,1129,28,1,0.05
2151,1130,20,2,0.0
2152,1131,55,1,0.0
2153,1131,13,2,0.1
2154,1131,29,1,0.0
2155,1132,11,3,0.0
2156,1133,15,1,0.15
2157,1133,62,1,0.0
2158,1134,52,2,0.0
2159,1135,35,1,0.02
2160,1135,7,2,0.0
2161,1135,20,1,0.0
2162,1135,52,1,0.0
2163,1136,52,3,0.05
2164,1137,93,2,0.05
2165,1138,59,1,0.02
2166,1139,73,1,0.05
2167,1140,71,1,0.02
2168,1141,61,2,0.0
2169,1141,54,1,0.0
2170,1142,36,1,0.1
2171,1142,7,2,0.15
2172,1143,60,2,0.1
2173,1144,22,1,0.0
2174,1145,30,1,0.05
2175,1145,16,1,0.02
2176,1146,87,1,0.0
2177,1146,39,1,0.1
2178,1146,14,1,0.0
2179,1147,24,2,0.02
2180,1147,49,1,0.02
2181,1148,33,2,0.05
2182,1149,34,2,0.02
2183,1149,72,1,0.1
2184,1150,9,1,0.1
2185,1151,27,1,0.02
2186,1151,23,3,0.05
2187,1152,3,1,0.0
2188,1153,96,1,0.1
2189,1153,80,1,0.1
2190,1153,33,1,0.0
2191,1154,65,3,0.1
2192,1154,23,2,0.05
2193,1154,27,1,0.0
2194,1154,78,3,0.0
2195,1155,49,2,0.0
2196,1156,17,1,0.05
2197,1156,69,1,0.0
2198,1157,16,2,0.0
2199,1158,5,4,0.0
2200,1159,31,1,0.0
2201,1159,47,3,0.0
2202,1159,91,1,0.0
2203,1159,11,1,0.0
2204,1159,20,2,0.02
2205,1160,61,2,0.05
2206,1160,92,1,0.02
2207,1160,82,1,0.0
2208,1160,21,1,0.05
2209,1161,60,1,0.0
2210,1162,25,2,0.0
2211,1162,83,1,0.02
2212,1163,50,2,0.02
2213,1163,73,2,0.0
2214,1164,60,1,0.0
2215,1164,72,1,0.02
2216,1165,10,1,0.0
2217,1165,11,3,0.0
2218,1166,57,2,0.0
2219,1167,35,1,0.0
2220,1168,26,2,0.0
2221,1169,95,1,0.05
2222,1170,13,1,0.05
2223,1170,31,3,0.05
2224,1171,32,1,0.05
2225,1172,83,1,0.0
2226,1173,33,1,0.0
2227,1174,73,1,0.1
2228,1174,94,1,0.0
2229,1174,43,1,0.15
2230,1175,62,3,0.02
2231,1176,55,1,0.0
2232,1176,69,1,0.0
2233,1176,18,3,0.15
2234,1176,65,1,0.05
2235,1177,2,1,0.05
2236,1178,22,2,0.0
2237,1178,3,1,0.02
2238,1179,52,4,0.0
2239,1179,50,1,0.0
2240,1179,92,1,0.05
2241,1180,6,2,0.0
2242,1180,63,1,0.0
2243,1181,1,1,0.02
2244,1181,15,1,0.0
2245,1181,32,1,0.15
2246,1181,29,1,0.0
2247,1182,32,1,0.05
2248,1183,44,4,0.1
2249,1184,44,1,0.0
2250,1184,61,1,0.0
2251,1185,81,1,0.0
2252,1186,7,2,0.0
2253,1187,25,1,0.02
2254,1188,52,1,0.0
2255,1188,59,3,0.0
2256,1188,94,1,0.1
2257,1189,44,2,0.02
2258,1190,81,1,0.0
2259,1191,95,1,0.0
2260,1192,20,2,0.1
2261,1193,10,3,0.0
2262,1193,92,1,0.0
2263,1194,28,1,0.02
2264,1195,70,2,0.0
2265,1195,20,1,0.0
2266,1196,67,1,0.0
2267,1196,73,1,0.0
2268,1197,54,2,0.15
2269,1197,13,1,0.0
2270,1198,10,3,0.05
2271,1199,57,1,0.0
2272,1199,16,2,0.0
2273,1200,34,3,0.05
2274,1200,54,1,0.05
2275,1201,82,1,0.0
2276,1202,7,4,0.0
2277,1202,52,1,0.0
2278,1203,84,2,0.1
2279,1204,32,1,0.0
2280,1204,16,2,0.05
2281,1205,69,1,0.0
2282,1205,30,1,0.05
2283,1205,12,3,0.0
2284,1206,10,1,0.0
2285,1207,95,1,0.0
2286,1208,77,1,0.0
2287,1208,25,1,0.0
2288,1209,1,4,0.05
2289,1210,59,3,0.05
2290,1210,10,1,0.0
2291,1210,60,1,0.05
2292,1211,40,2,0.0
2293,1211,88,1,0.05
2294,1212,64,1,0.0
2295,1212,37,1,0.0
2296,1212,41,1,0.0
2297,1212,8,1,0.05
2298,1213,1,1,0.05
2299,1214,37,1,0.0
2300,1215,41,2,0.0
2301,1216,56,3,0.05
2302,1216,72,2,0.0
2303,1217,19,1,0.0
2304,1218,55,1,0.05
2305,1219,50,1,0.02
2306,1220,40,2,0.0
2307,1220,72,1,0.1
2308,1221,12,2,0.02
2309,1221,65,1,0.15
2310,1221,55,2,0.0
2311,1221,81,1,0.1
2312,1222,3,1,0.0
2313,1223,29,1,0.0
2314,1224,84,3,0.0
2315,1224,85,2,0.05
2316,1224,50,1,0.0
2317,1225,77,1,0.0
2318,1225,60,3,0.0
2319,1226,47,1,0.0
2320,1226,93,1,0.0
2321,1226,89,4,0.0
2322,1227,65,2,0.0
2323,1227,47,1,0.0
2324,1227,71,1,0.0
2325,1227,38,2,0.15
2326,1228,18,2,0.0
2327,1229,63,1,0.02
2328,1229,30,1,0.05
2329,1229,89,1,0.0
2330,1230,81,1,0.0
2331,1231,54,2,0.0
2332,1231,91,2,0.1
2333,1231,55,2,0.05
2334,1232,6,1,0.0
2335,1232,90,2,0.05
2336,1233,86,3,0.0
2337,1234,54,1,0.0
2338,1234,13,2,0.05
2339,1235,16,1,0.05
2340,1235,39,1,0.0
2341,1236,57,2,0.1
2342,1236,58,1,0.05
2343,1237,13,1,0.02
2344,1237,12,1,0.0
2345,1237,14,1,0.0
2346,1238,32,2,0.02
2347,1239,53,1,0.0
2348,1240,87,3,0.05
2349,1241,81,2,0.0
2350,1241,28,3,0.0
2351,1241,80,2,0.0
2352,1242,66,1,0.0
2353,1242,62,1,0.0
2354,1242,60,2,0.0
2355,1242,64,1,0.1
2356,1243,72,2,0.1
2357,1244,75,1,0.05
2358,1245,38,1,0.0
2359,1245,89,1,0.05
2360,1246,46,1,0.0
2361,1246,42,1,0.0
2362,1247,22,3,0.0
2363,1248,74,1,0.02
2364,1249,80,1,0.05
2365,1249,2,1,0.02
2366,1249,11,3,0.02
2367,1250,64,1,0.02
2368,1250,73,2,0.0
2369,1250,89,1,0.02
2370,1250,79,2,0.02
2371,1251,78,4,0.0
2372,1252,87,3,0.0
2373,1252,25,1,0.0
2374,1252,59,1,0.05
2375,1252,79,1,0.0
2376,1252,86,2,0.02
2377,1253,94,1,0.05
2378,1254,53,1,0.02
2379,1255,73,1,0.0
2380,1256,43,2,0.0
2381,1256,71,1,0.0
2382,1256,74,1,0.1
2383,1256,26,4,0.0
2384,1257,30,1,0.0
2385,1257,82,2,0.0
2386,1257,78,1,0.0
2387,1257,7,1,0.0
2388,1258,4,2,0.0
2389,1258,41,3,0.05
2390,1258,28,4,0.02
2391,1258,79,1,0.05
2392,1259,80,2,0.05
2393,1259,54,2,0.0
2394,1260,18,1,0.15
2395,1261,24,2,0.0
2396,1261,79,1,0.05
2397,1262,63,1,0.0
2398,1263,16,3,0.0
2399,1263,15,2,0.0
2400,1264,88,3,0.02
2401,1264,2,3,0.0
2402,1265,53,3,0.0
2403,1266,10,1,0.0
2404,1267,82,2,0.1
2405,1267,26,2,0.05
2406,1267,53,1,0.15
2407,1267,57,1,0.0
2408,1268,83,1,0.02
2409,1268,33,1,0.02
2410,1269,43,1,0.1
2411,1269,45,3,0.05
2412,1269,82,1,0.0
2413,1269,25,1,0.0
2414,1270,71,1,0.1
2415,1271,28,3,0.0
2416,1272,18,1,0.1
2417,1273,51,1,0.15
2418,1273,2,1,0.0
2419,1274,28,2,0.0
2420,1275,30,1,0.0
2421,1276,10,2,0.0
2422,1277,66,1,0.05
2423,1277,34,1,0.05
2424,1277,53,3,0.0
2425,1278,31,1,0.1
2426,1278,14,4,0.1
2427,1279,51,1,0.05
2428,1280,12,1,0.0
2429,1280,7,1,0.1
2430,1281,85,1,0.0
2431,1282,88,1,0.0
2432,1283,19,3,0.1
2433,1284,74,1,0.0
2434,1285,10,3,0.0
2435,1286,52,1,0.05
2436,1287,61,1,0.0
2437,1287,82,2,0.0
2438,1288,5,3,0.0
2439,1289,41,2,0.02
2440,1289,42,2,0.0
2441,1289,10,1,0.05
2442,1289,35,2,0.0
2443,1290,85,2,0.0
2444,1290,58,2,0.0
2445,1291,67,3,0.05
2446,1291,20,1,0.02
2447,1292,77,2,0.0
2448,1293,33,1,0.05
2449,1293,10,2,0.02
2450,1293,6,1,0.0
2451,1294,79,2,0.02
2452,1294,47,1,0.0
2453,1294,52,1,0.0
2454,1295,10,1,0.0
2455,1296,66,1,0.0
2456,1296,47,1,0.15
2457,1297,91,1,0.0
2458,1297,95,1,0.0
2459,1298,35,1,0.02
2460,1298,18,1,0.0
2461,1298,74,1,0.05
2462,1299,63,2,0.02
2463,1299,58,2,0.0
2464,1299,90,3,0.02
2465,1299,26,2,0.0
2466,1300,22,1,0.0
2467,1300,44,1,0.0
2468,1301,77,1,0.02
2469,1301,19,3,0.05
2470,1301,63,2,0.1
2471,1301,13,1,0.05
2472,1302,9,2,0.1
2473,1302,53,1,0.15
2474,1302,87,1,0.1
2475,1302,22,1,0.0
2476,1303,52,1,0.05
2477,1304,85,2,0.0
2478,1305,2,1,0.02
2479,1306,22,1,0.0
2480,1306,77,1,0.0
2481,1307,46,1,0.0
2482,1307,11,1,0.0
2483,1307,10,1,0.05
2484,1307,18,1,0.0
2485,1308,30,2,0.0
2486,1309,61,1,0.02
2487,1310,42,1,0.02
2488,1310,76,2,0.1
2489,1310,71,2,0.02
2490,1310,43,4,0.05
2491,1311,81,1,0.02
2492,1311,82,1,0.05
2493,1312,21,1,0.0
2494,1313,30,3,0.02
2495,1314,57,1,0.0
2496,1315,67,1,0.0
2497,1315,77,1,0.1
2498,1315,71,1,0.15
2499,1316,61,3,0.0
2500,1316,35,1,0.0
2501,1316,8,2,0.0
2502,1317,83,3,0.1
2503,1317,2,1,0.0
2504,1318,11,2,0.0
2505,1319,79,1,0.0
2506,1319,24,1,0.0
2507,1320,31,2,0.02
2508,1320,94,1,0.0
2509,1320,59,2,0.1
2510,1321,67,1,0.0
2511,1322,15,2,0.0
2512,1322,70,2,0.1
2513,1323,28,1,0.02
2514,1323,45,1,0.05
2515,1324,51,2,0.0
2516,1324,40,2,0.1
2517,1325,92,1,0.0
2518,1326,16,2,0.0
2519,1326,53,2,0.1
2520,1327,90,1,0.15
2521,1327,37,1,0.0
2522,1327,11,2,0.1
2523,1328,15,1,0.02
2524,1329,20,1,0.0
2525,1330,3,1,0.05
2526,1331,67,1,0.0
2527,1332,63,2,0.02
2528,1333,80,2,0.0
2529,1334,34,3,0.0
2530,1335,48,1,0.05
2531,1336,26,1,0.02
2532,1336,86,1,0.05
2533,1336,17,1,0.15
2534,1337,8,1,0.02
2535,1337,22,1,0.02
2536,1338,70,3,0.05
2537,1338,65,4,0.02
2538,1339,15,1,0.15
2539,1339,4,1,0.02
2540,1340,35,1,0.0
2541,1341,35,1,0.02
2542,1341,13,1,0.0
2543,1341,45,1,0.0
2544,1342,84,1,0.0
2545,1343,51,1,0.05
2546,1344,54,1,0.05
2547,1345,33,1,0.0
2548,1345,82,3,0.0
2549,1345,58,2,0.0
2550,1345,6,1,0.0
2551,1346,18,1,0.05
2552,1346,37,2,0.1
2553,1347,89,1,0.0
2554,1347,11,1,0.1
2555,1347,19,1,0.0
2556,1348,61,1,0.0
2557,1349,55,3,0.02
2558,1349,44,1,0.05
2559,1349,40,1,0.02
2560,1350,92,1,0.1
2561,1350,46,1,0.02
2562,1350,41,1,0.05
2563,1350,70,2,0.05
2564,1350,28,1,0.0
2565,1351,53,2,0.0
2566,1351,69,1,0.15
2567,1351,65,1,0.02
2568,1352,41,2,0.05
2569,1353,9,4,0.0
2570,1354,53,1,0.0
2571,1355,78,3,0.0
2572,1356,45,1,0.02
2573,1357,44,1,0.02
2574,1357,9,2,0.0
2575,1358,79,2,0.0
2576,1359,88,1,0.0
2577,1360,73,1,0.1
2578,1361,62,1,0.02
2579,1362,66,2,0.0
2580,1363,21,1,0.05
2581,1363,36,1,0.05
2582,1364,3,2,0.0
2583,1364,89,1,0.02
2584,1364,31,1,0.0
2585,1365,3,1,0.0
2586,1366,93,1,0.02
2587,1366,39,1,0.02
2588,1367,56,3,0.05
2589,1367,41,1,0.02
2590,1368,5,1,0.05
2591,1369,8,1,0.0
2592,1370,52,2,0.0
2593,1371,59,1,0.02
2594,1371,30,1,0.02
2595,1372,55,3,0.0
2596,1372,77,2,0.0
2597,1373,75,3,0.0
2598,1373,96,1,0.02
2599,1373,24,1,0.0
2600,1373,4,2,0.0
2601,1373,23,1,0.0
2602,1374,91,1,0.15
2603,1374,7,1,0.1
2604,1375,56,1,0.0
2605,1375,95,1,0.02
2606,1375,7,1,0.05
2607,1375,93,1,0.05
2608,1376,62,2,0.0
2609,1376,31,2,0.0
2610,1377,86,1,0.1
2611,1378,29,1,0.02
2612,1379,27,1,0.05
2613,1380,88,1,0.0
2614,1381,44,1,0.0
2615,1381,71,1,0.1
2616,1382,91,2,0.05
2617,1382,62,2,0.0
2618,1383,20,1,0.15
2619,1383,58,1,0.1
2620,1383,8,1,0.05
2621,1384,20,1,0.0
2622,1384,17,1,0.0
2623,1384,69,1,0.05
2624,1385,61,3,0.0
2625,1386,34,1,0.05
2626,1386,49,2,0.05
2627,1387,2,2,0.15
2628,1387,78,2,0.0
2629,1388,93,2,0.02
2630,1388,78,2,0.0
2631,1388,87,1,0.0
2632,1389,45,2,0.0
2633,1389,79,1,0.02
2634,1390,40,1,0.0
2635,1391,77,1,0.0
2636,1391,14,2,0.0
2637,1392,94,1,0.0
2638,1392,12,1,0.0
2639,1392,57,1,0.05
2640,1393,12,3,0.02
2641,1393,70,1,0.15
2642,1393,35,1,0.02
2643,1393,74,2,0.1
2644,1393,91,1,0.1
2645,1394,26,1,0.0
2646,1395,70,2,0.05
2647,1395,28,2,0.0
2648,1396,21,1,0.02
2649,1397,83,2,0.0
2650,1398,82,2,0.0
2651,1399,83,1,0.02
2652,1400,94,2,0.0
2653,1401,42,1,0.0
2654,1402,15,3,0.0
2655,1402,85,2,0.05
2656,1403,18,1,0.0
2657,1404,48,3,0.02
2658,1404,90,2,0.1
2659,1404,92,3,0.02
2660,1405,95,3,0.0
2661,1406,17,1,0.0
2662,1406,30,1,0.05
2663,1406,24,1,0.0
2664,1407,13,1,0.0
2665,1407,55,1,0.0
2666,1407,31,1,0.0
2667,1407,59,2,0.05
2668,1408,59,1,0.02
2669,1408,77,4,0.0
2670,1409,60,1,0.0
2671,1409,58,4,0.05
2672,1409,54,1,0.05
2673,1410,65,1,0.0
2674,1410,13,1,0.05
2675,1410,7,1,0.05
2676,1411,52,1,0.05
2677,1411,12,1,0.0
2678,1411,82,2,0.0
2679,1412,74,1,0.0
2680,1413,85,2,0.0
2681,1413,9,1,0.0
2682,1414,13,2,0.0
2683,1415,45,2,0.0
2684,1415,80,1,0.0
2685,1416,33,3,0.02
2686,1417,71,1,0.0
2687,1417,55,4,0.15
2688,1418,7,3,0.05
2689,1418,79,1,0.0
2690,1418,35,2,0.0
2691,1418,86,1,0.1
2692,1419,3,1,0.0
2693,1420,84,2,0.0
2694,1421,60,2,0.0
2695,1421,24,2,0.0
2696,1422,83,4,0.05
2697,1422,37,3,0.05
2698,1423,29,1,0.1
2699,1423,64,1,0.15
2700,1424,40,3,0.0
2701,1424,74,1,0.0
2702,1425,92,1,0.0
2703,1426,22,2,0.05
2704,1426,84,2,0.1
2705,1426,67,1,0.0
2706,1426,73,1,0.0
2707,1426,7,2,0.02
2708,1427,4,3,0.02
2709,1428,65,3,0.05
2710,1429,47,2,0.0
2711,1429,63,2,0.0
2712,1429,76,2,0.0
2713,1430,54,1,0.0
2714,1431,55,1,0.0
2715,1431,67,1,0.0
2716,1432,84,1,0.0
2717,1432,16,2,0.0
2718,1433,62,1,0.1
2719,1433,68,1,0.0
2720,1434,15,1,0.05
2721,1435,40,3,0.0
2722,1435,11,2,0.05
2723,1436,73,2,0.15
2724,1437,48,2,0.05
2725,1438,87,3,0.05
2726,1438,93,1,0.0
2727,1438,58,3,0.05
2728,1439,80,2,0.02
2729,1439,92,3,0.1
2730,1439,5,1,0.0
2731,1439,95,1,0.0
2732,1440,86,3,0.0
2733,1441,43,1,0.1
2734,1442,46,1,0.05
2735,1443,51,1,0.02
2736,1444,10,1,0.05
2737,1444,80,3,0.15
2738,1445,37,2,0.0
2739,1445,23,1,0.1
2740,1446,80,1,0.0
2741,1447,80,1,0.05
2742,1448,62,1,0.0
2743,1449,71,1,0.0
2744,1449,6,1,0.05
2745,1450,95,1,0.02
2746,1450,40,1,0.0
2747,1450,26,1,0.0
2748,1450,30,1,0.15
2749,1450,42,1,0.0
2750,1451,92,1,0.0
2751,1452,41,1,0.1
2752,1452,78,2,0.0
2753,1452,14,1,0.0
2754,1453,47,2,0.0
2755,1453,4,1,0.0
2756,1454,38,1,0.0
2757,1455,48,1,0.1
2758,1455,25,2,0.0
2759,1455,95,2,0.02
2760,1455,50,1,0.1
2761,1455,78,1,0.0
2762,1456,62,1,0.15
2763,1457,31,2,0.1
2764,1457,46,1,0.02
2765,1458,54,1,0.0
2766,1459,48,1,0.02
2767,1460,88,3,0.0
2768,1460,51,3,0.0
2769,1461,76,2,0.15
2770,1462,4,3,0.05
2771,1463,27,1,0.0
2772,1463,17,1,0.02
2773,1463,5,1,0.02
2774,1464,66,2,0.02
2775,1465,68,1,0.05
2776,1466,15,1,0.0
2777,1467,14,3,0.05
2778,1467,67,1,0.05
2779,1467,85,1,0.02
2780,1468,61,1,0.0
2781,1469,87,2,0.02
2782,1470,23,1,0.15
2783,1470,84,1,0.0
2784,1470,55,3,0.0
2785,1471,53,2,0.0
2786,1471,42,1,0.05
2787,1471,84,1,0.0
2788,1471,13,2,0.05
2789,1472,80,1,0.02
2790,1473,55,1,0.02
2791,1474,47,1,0.02
2792,1474,48,3,0.0
2793,1475,27,3,0.0
2794,1475,38,1,0.1
2795,1476,64,3,0.0
2796,1476,75,1,0.0
2797,1476,78,1,0.05
2798,1477,74,1,0.0
2799,1477,87,1,0.0
2800,1478,67,1,0.0
2801,1479,89,2,0.1
2802,1479,95,1,0.0
2803,1479,45,1,0.05
2804,1480,41,3,0.05
2805,1481,54,1,0.0
2806,1482,38,1,0.0
2807,1482,10,2,0.05
2808,1483,59,1,0.15
2809,1483,67,1,0.05
2810,1484,87,1,0.05
2811,1485,96,1,0.0
2812,1485,32,2,0.02
2813,1485,18,2,0.1
2814,1486,68,1,0.02
2815,1487,48,2,0.05
2816,1487,45,2,0.05
2817,1488,36,1,0.0
2818,1488,54,1,0.05
2819,1488,71,1,0.1
2820,1488,66,1,0.05
2821,1489,25,1,0.02
2822,1489,70,2,0.02
2823,1489,76,2,0.05
2824,1489,31,1,0.05
2825,1490,38,2,0.0
2826,1491,90,1,0.0
2827,1491,39,3,0.0
2828,1492,6,1,0.0
2829,1492,13,3,0.02
2830,1493,40,3,0.02
2831,1494,68,2,0.05
2832,1494,39,1,0.15
2833,1494,87,2,0.05
2834,1495,1,2,0.0
2835,1495,33,2,0.0
2836,1496,5,2,0.15
2837,1496,70,4,0.0
2838,1497,56,1,0.0
2839,1498,85,2,0.0
2840,1498,67,1,0.0
2841,1499,7,1,0.0
2842,1500,42,2,0.0
2843,1500,96,1,0.02
2844,1501,81,1,0.0
2845,1501,76,2,0.0
2846,1501,29,2,0.05
2847,1502,71,1,0.05
2848,1503,61,1,0.02
2849,1503,43,1,0.02
2850,1504,48,2,0.0
2851,1504,53,1,0.0
2852,1505,31,1,0.05
2853,1506,90,2,0.0
2854,1506,25,2,0.0
2855,1506,41,1,0.0
2856,1507,67,1,0.02
2857,1508,21,3,0.15
2858,1508,66,2,0.02
2859,1509,16,1,0.05
2860,1510,90,3,0.05
2861,1510,60,2,0.0
2862,1510,28,4,0.0
2863,1511,32,4,0.0
2864,1512,87,3,0.05
2865,1512,35,2,0.1
2866,1513,69,1,0.05
2867,1514,55,1,0.0
2868,1514,31,2,0.02
2869,1514,80,1,0.0
2870,1514,34,1,0.0
2871,1515,9,1,0.05
2872,1516,74,1,0.0
2873,1516,83,1,0.0
2874,1516,91,2,0.0
2875,1516,17,1,0.15
2876,1516,72,3,0.0
2877,1517,94,1,0.0
2878,1518,39,2,0.0
2879,1519,58,1,0.0
2880,1519,89,3,0.0
2881,1519,35,2,0.1
2882,1520,79,3,0.02
2883,1521,5,1,0.0
2884,1521,75,1,0.0
2885,1522,34,1,0.02
2886,1522,70,1,0.1
2887,1522,2,2,0.05
2888,1523,64,2,0.05
2889,1524,92,1,0.0
2890,1525,42,2,0.0
2891,1525,65,1,0.1
2892,1525,44,2,0.05
2893,1525,46,2,0.0
2894,1526,46,1,0.02
2895,1526,63,1,0.0
2896,1527,25,1,0.02
2897,1528,77,1,0.1
2898,1528,22,1,0.02
2899,1529,15,1,0.02
2900,1529,78,1,0.02
2901,1530,13,4,0.02
2902,1531,74,1,0.0
2903,1531,5,1,0.1
2904,1531,9,4,0.0
2905,1531,72,1,0.05
2906,1532,37,1,0.0
2907,1533,3,1,0.0
2908,1533,58,1,0.15
2909,1534,69,2,0.02
2910,1534,67,1,0.05
2911,1534,42,1,0.0
2912,1534,25,2,0.1
2913,1535,44,2,0.05
2914,1535,37,1,0.0
2915,1535,26,1,0.0
2916,1536,93,2,0.15
2917,1537,13,1,0.0
2918,1537,32,1,0.05
2919,1537,16,1,0.0
2920,1538,12,2,0.02
2921,1538,75,2,0.0
2922,1538,55,1,0.0
2923,1538,83,1,0.1
2924,1539,6,1,0.0
2925,1539,29,1,0.0
2926,1540,58,2,0.02
2927,1540,75,3,0.0
2928,1540,40,1,0.1
2929,1540,54,1,0.1
2930,1541,2,1,0.0
2931,1541,40,1,0.05
2932,1541,68,2,0.02
2933,1542,58,1,0.0
2934,1543,68,1,0.0
2935,1543,93,1,0.05
2936,1543,7,2,0.02
2937,1544,76,1,0.0
2938,1544,28,1,0.0
2939,1544,40,1,0.05
2940,1545,38,4,0.0
2941,1545,62,1,0.05
2942,1546,50,2,0.05
2943,1547,26,1,0.15
2944,1547,79,1,0.0
2945,1547,41,2,0.02
2946,1548,56,2,0.02
2947,1549,88,1,0.0
2948,1550,7,2,0.0
2949,1551,18,1,0.0
2950,1552,24,2,0.05
2951,1553,21,1,0.0
2952,1554,48,1,0.02
2953,1555,40,1,0.02
2954,1556,67,4,0.05
2955,1557,86,1,0.0
2956,1557,68,2,0.1
2957,1557,41,1,0.05
2958,1557,73,1,0.02
2959,1558,85,2,0.0
2960,1559,29,1,0.0
2961,1559,3,2,0.0
2962,1559,31,3,0.0
2963,1560,46,1,0.0
2964,1561,49,3,0.0
2965,1562,31,1,0.0
2966,1562,34,3,0.0
2967,1562,88,3,0.0
2968,1563,62,1,0.0
2969,1564,30,1,0.0
2970,1564,42,1,0.0
2971,1564,55,1,0.0
2972,1564,31,1,0.02
2973,1564,61,1,0.0
2974,1565,91,2,0.15
2975,1566,58,4,0.05
2976,1567,72,2,0.0
2977,1568,74,3,0.0
2978,1569,23,2,0.05
2979,1570,32,1,0.05
2980,1570,67,3,0.0
2981,1570,21,1,0.0
2982,1571,56,3,0.0
2983,1571,79,2,0.0
2984,1572,10,2,0.05
2985,1573,11,3,0.0
2986,1574,9,3,0.0
2987,1574,23,1,0.0
2988,1575,42,3,0.0
2989,1575,10,1,0.0
2990,1575,3,4,0.02
2991,1575,16,3,0.1
2992,1575,11,1,0.05
2993,1576,39,1,0.0
2994,1577,50,3,0.0
2995,1578,41,1,0.1
2996,1578,71,3,0.1
2997,1578,72,1,0.0
2998,1579,90,2,0.05
2999,1579,62,2,0.0
3000,1580,51,1,0.1
3001,1581,44,3,0.0
3002,1582,15,2,0.02
3003,1583,48,2,0.0
3004,1584,56,1,0.0
3005,1584,79,1,0.15
3006,1584,68,2,0.05
3007,1585,22,2,0.05
3008,1585,16,4,0.02
3009,1585,35,1,0.1
3010,1586,74,2,0.0
3011,1586,61,1,0.0
3012,1586,84,1,0.0
3013,1586,63,1,0.0
3014,1587,67,1,0.05
3015,1587,92,2,0.02
3016,1587,90,1,0.0
3017,1588,8,1,0.1
3018,1588,48,3,0.05
3019,1589,55,3,0.0
3020,1589,20,1,0.15
3021,1589,51,1,0.1
3022,1589,35,1,0.1
3023,1590,47,2,0.02
3024,1590,88,2,0.02
3025,1590,75,4,0.02
3026,1590,2,2,0.0
3027,1591,27,3,0.0
3028,1591,12,1,0.05
3029,1592,48,3,0.1
3030,1592,76,1,0.0
3031,1593,15,3,0.0
3032,1593,56,1,0.0
3033,1594,30,1,0.0
3034,1595,90,1,0.0
3035,1595,11,2,0.0
3036,1595,57,1,0.15
3037,1595,21,2,0.0
3038,1596,13,1,0.0
3039,1597,56,2,0.02
3040,1597,31,1,0.0
3041,1597,81,1,0.0
3042,1598,32,1,0.05
3043,1598,21,2,0.0
3044,1598,45,1,0.0
3045,1599,14,1,0.0
3046,1600,1,1,0.02
3047,1601,3,2,0.02
3048,1602,15,2,0.02
3049,1603,40,1,0.1
3050,1604,1,1,0.0
3051,1604,94,1,0.05
3052,1605,74,1,0.02
3053,1606,39,1,0.0
3054,1606,48,3,0.0
3055,1607,70,1,0.0
3056,1607,80,1,0.15
3057,1607,20,1,0.0
3058,1607,51,1,0.0
3059,1608,4,2,0.0
3060,1608,46,1,0.0
3061,1608,27,3,0.1
3062,1608,7,1,0.1
3063,1609,41,1,0.0
3064,1609,63,1,0.0
3065,1610,82,2,0.0
3066,1610,43,1,0.02
3067,1610,91,2,0.1
3068,1611,72,2,0.1
3069,1611,4,1,0.0
3070,1611,6,1,0.0
3071,1612,88,2,0.0
3072,1612,49,1,0.1
3073,1612,96,3,0.05
3074,1613,76,1,0.02
3075,1614,32,3,0.02
3076,1614,49,2,0.05
3077,1614,92,3,0.05
3078,1615,10,3,0.02
3079,1615,88,1,0.02
3080,1615,84,3,0.0
3081,1615,64,3,0.0
3082,1615,68,1,0.0
3083,1616,47,4,0.1
3084,1617,81,2,0.0
3085,1618,10,4,0.02
3086,1618,38,2,0.05
3087,1618,70,3,0.0
3088,1619,58,2,0.05
3089,1619,74,1,0.0
3090,1620,75,2,0.0
3091,1621,71,1,0.0
3092,1621,2,2,0.0
3093,1622,5,1,0.02
3094,1623,68,2,0.0
3095,1623,38,3,0.0
3096,1623,77,1,0.05
3097,1624,12,1,0.05
3098,1624,28,2,0.0
3099,1625,70,1,0.05
3100,1626,17,1,0.0
3101,1627,88,4,0.0
3102,1628,5,2,0.0
3103,1629,85,1,0.0
3104,1630,30,1,0.1
3105,1631,85,1,0.0
3106,1632,35,1,0.0
3107,1633,95,2,0.0
3108,1634,33,2,0.1
3109,1635,31,1,0.0
3110,1636,49,2,0.0
3111,1637,62,1,0.05
3112,1637,12,1,0.0
3113,1638,53,1,0.02
3114,1639,81,3,0.02
3115,1640,71,1,0.0
3116,1640,28,1,0.02
3117,1640,54,1,0.0
3118,1640,12,1,0.02
3119,1641,79,1,0.05
3120,1642,46,1,0.0
3121,1642,57,1,0.0
3122,1643,2,1,0.02
3123,1643,39,3,0.0
3124,1644,80,2,0.02
3125,1644,93,1,0.02
3126,1644,50,1,0.0
3127,1644,81,1,0.0
3128,1645,2,2,0.0
3129,1645,9,2,0.02
3130,1646,11,1,0.0
3131,1646,51,1,0.0
3132,1646,40,2,0.02
3133,1647,95,3,0.02
3134,1647,59,1,0.0
3135,1647,78,2,0.02
3136,1648,74,1,0.0
3137,1648,94,1,0.02
3138,1649,52,4,0.05
3139,1650,50,1,0.0
3140,1651,63,2,0.05
3141,1652,31,1,0.02
3142,1653,44,1,0.1
3143,1653,4,1,0.0
3144,1654,1,1,0.0
3145,1655,38,1,0.15
3146,1655,87,2,0.0
3147,1655,16,2,0.0
3148,1656,57,1,0.05
3149,1656,95,1,0.0
3150,1656,36,2,0.0
3151,1657,55,2,0.0
3152,1658,12,1,0.0
3153,1658,94,3,0.0
3154,1658,91,2,0.0
3155,1659,5,2,0.1
3156,1659,16,1,0.05
3157,1660,63,1,0.05
3158,1661,7,1,0.05
3159,1661,57,1,0.0
3160,1662,13,1,0.0
3161,1662,92,3,0.0
3162,1662,18,1,0.0
3163,1663,20,1,0.0
3164,1664,23,1,0.0
3165,1665,27,1,0.02
3166,1665,52,1,0.02
3167,1665,7,1,0.05
3168,1666,66,2,0.0
3169,1666,95,3,0.1
3170,1667,44,1,0.02
3171,1668,78,2,0.05
3172,1668,65,3,0.0
3173,1669,44,1,0.0
3174,1669,16,1,0.0
3175,1670,50,1,0.05
3176,1670,48,1,0.15
3177,1671,62,1,0.0
3178,1672,37,3,0.02
3179,1672,25,2,0.1
3180,1672,14,1,0.0
3181,1673,17,1,0.02
3182,1674,20,4,0.05
3183,1674,7,1,0.02
3184,1674,65,1,0.0
3185,1674,82,1,0.15
3186,1674,81,1,0.0
3187,1675,51,1,0.15
3188,1675,32,1,0.1
3189,1676,89,2,0.0
3190,1677,70,1,0.02
3191,1677,26,2,0.05
3192,1678,18,1,0.0
3193,1678,45,1,0.02
3194,1679,58,2,0.1
3195,1679,62,3,0.05
3196,1680,4,1,0.0
3197,1681,83,1,0.05
3198,1682,50,3,0.0
3199,1683,39,1,0.0
3200,1684,83,1,0.0
3201,1684,68,1,0.0
3202,1684,92,1,0.05
3203,1685,11,3,0.0
3204,1685,19,2,0.05
3205,1686,73,1,0.1
3206,1687,38,3,0.05
3207,1687,19,1,0.0
3208,1688,21,1,0.0
3209,1688,9,3,0.15
3210,1689,6,1,0.05
3211,1690,60,2,0.05
3212,1691,81,3,0.0
3213,1692,42,1,0.05
3214,1692,96,2,0.02
3215,1692,92,4,0.0
3216,1693,70,2,0.05
3217,1694,6,1,0.0
3218,1694,95,1,0.0
3219,1695,34,1,0.0
3220,1696,24,1,0.02
3221,1696,56,1,0.0
3222,1697,95,1,0.0
3223,1697,73,1,0.0
3224,1697,41,2,0.02
3225,1698,77,1,0.15
3226,1699,19,1,0.0
3227,1699,58,3,0.05
3228,1699,78,2,0.0
3229,1699,31,1,0.0
3230,1700,62,1,0.0
3231,1701,83,3,0.05
3232,1702,8,1,0.0
3233,1702,56,1,0.0
3234,1703,82,1,0.0
3235,1704,47,2,0.1
3236,1705,68,1,0.05
3237,1706,35,1,0.0
3238,1707,94,1,0.0
3239,1707,85,1,0.02
3240,1707,12,2,0.0
3241,1708,58,2,0.0
3242,1708,59,2,0.0
3243,1708,5,1,0.02
3244,1709,35,1,0.02
3245,1709,60,1,0.02
3246,1709,5,2,0.05
3247,1710,75,1,0.02
3248,1710,90,1,0.05
3249,1711,78,1,0.02
3250,1711,85,2,0.0
3251,1712,15,1,0.02
3252,1712,28,1,0.0
3253,1713,41,1,0.0
3254,1713,2,2,0.0
3255,1713,17,4,0.05
3256,1713,9,1,0.1
3257,1713,30,3,0.0
3258,1714,80,2,0.05
3259,1714,67,1,0.0
3260,1714,73,1,0.0
3261,1715,73,1,0.02
3262,1715,19,3,0.0
3263,1716,32,4,0.0
3264,1716,3,2,0.02
3265,1717,84,1,0.0
3266,1718,64,1,0.0
3267,1719,66,1,0.05
3268,1719,58,1,0.0
3269,1719,27,1,0.0
3270,1720,28,1,0.1
3271,1721,40,1,0.1
3272,1721,74,1,0.02
3273,1722,71,1,0.1
3274,1722,26,1,0.0
3275,1723,79,1,0.0
3276,1723,7,2,0.0
3277,1723,67,4,0.05
3278,1723,91,1,0.0
3279,1724,31,2,0.05
3280,1725,25,1,0.05
3281,1726,73,1,0.05
3282,1726,65,3,0.05
3283,1727,11,1,0.0
3284,1727,5,2,0.0
3285,1728,21,3,0.1
3286,1729,44,2,0.15
3287,1729,25,2,0.02
3288,1729,43,1,0.0
3289,1729,59,1,0.05
3290,1730,96,1,0.15
3291,1731,1,2,0.0
3292,1731,44,4,0.0
3293,1732,11,1,0.1
3294,1732,34,1,0.1
3295,1732,65,2,0.0
3296,1733,92,1,0.02
3297,1733,33,1,0.02
3298,1733,37,1,0.0
3299,1733,13,1,0.02
3300,1734,27,1,0.0
3301,1734,21,2,0.02
3302,1734,44,2,0.02
3303,1735,94,2,0.0
3304,1735,87,1,0.0
3305,1735,43,1,0.0
3306,1736,87,1,0.0
3307,1736,33,2,0.05
3308,1737,16,1,0.02
3309,1737,38,1,0.1
3310,1737,11,2,0.0
3311,1738,92,2,0.0
3312,1739,69,2,0.0
3313,1739,22,1,0.05
3314,1740,19,1,0.0
3315,1741,95,2,0.15
3316,1742,42,1,0.0
3317,1742,76,1,0.05
3318,1743,37,1,0.05
3319,1744,51,1,0.0
3320,1745,47,4,0.02
3321,1746,12,1,0.02
3322,1746,34,2,0.0
3323,1747,39,2,0.0
3324,1747,19,2,0.0
3325,1747,44,3,0.15
3326,1747,6,2,0.0
3327,1748,5,4,0.1
3328,1749,58,1,0.02
3329,1750,34,2,0.0
3330,1751,87,3,0.0
3331,1752,52,1,0.1
3332,1753,14,2,0.0
3333,1754,9,1,0.0
3334,1755,47,2,0.0
3335,1755,36,1,0.0
3336,1755,66,2,0.0
3337,1755,92,1,0.0
3338,1756,69,2,0.0
3339,1756,79,1,0.05
3340,1756,58,1,0.0
3341,1756,81,2,0.02
3342,1756,91,1,0.05
3343,1757,32,1,0.1
3344,1758,27,2,0.0
3345,1759,18,4,0.0
3346,1760,14,1,0.0
3347,1760,73,2,0.0
3348,1761,60,1,0.1
3349,1761,72,1,0.0
3350,1762,38,2,0.0
3351,1763,30,1,0.05
3352,1763,59,2,0.1
3353,1764,89,3,0.0
3354,1765,91,1,0.05
3355,1765,36,2,0.0
3356,1765,16,3,0.02
3357,1765,67,1,0.02
3358,1765,72,1,0.0
3359,1766,42,4,0.02
3360,1766,75,2,0.05
3361,1767,39,1,0.0
3362,1768,45,3,0.1
3363,1768,46,2,0.0
3364,1768,32,2,0.1
3365,1769,93,3,0.0
3366,1770,63,1,0.1
3367,1770,79,1,0.05
3368,1771,55,1,0.05
3369,1771,1,1,0.05
3370,1772,94,1,0.0
3371,1772,52,2,0.05
3372,1773,39,1,0.1
3373,1773,40,2,0.0
3374,1774,84,1,0.02
3375,1775,57,1,0.02
3376,1775,63,1,0.02
3377,1776,37,3,0.0
3378,1777,38,3,0.1
3379,1778,33,3,0.0
3380,1778,78,2,0.02
3381,1779,86,2,0.0
3382,1780,33,2,0.05
3383,1780,22,1,0.0
3384,1780,46,2,0.1
3385,1781,14,1,0.0
3386,1781,75,1,0.1
3387,1782,20,1,0.02
3388,1783,80,3,0.0
3389,1784,64,2,0.0
3390,1784,77,1,0.0
3391,1784,84,3,0.05
3392,1784,21,1,0.0
3393,1784,38,1,0.0
3394,1785,64,1,0.0
3395,1785,92,1,0.0
3396,1785,58,2,0.02
3397,1786,57,1,0.05
3398,1786,9,2,0.0
3399,1786,22,1,0.05
3400,1787,82,1,0.02
3401,1787,8,2,0.0
3402,1787,78,1,0.0
3403,1788,55,1,0.02
3404,1789,56,1,0.0
3405,1789,86,2,0.0
3406,1789,73,3,0.0
3407,1789,37,3,0.0
3408,1789,65,1,0.0
3409,1790,40,2,0.0
3410,1790,79,2,0.0
3411,1791,44,3,0.0
3412,1791,52,3,0.05
3413,1791,18,1,0.0
3414,1792,66,1,0.0
3415,1793,52,1,0.0
3416,1793,86,1,0.05
3417,1794,41,3,0.05
3418,1795,3,1,0.0
3419,1795,12,1,0.15
3420,1795,42,2,0.0
3421,1795,58,1,0.0
3422,1795,81,1,0.0
3423,1796,56,1,0.0
3424,1796,20,1,0.0
3425,1797,85,1,0.1
3426,1798,66,4,0.0
3427,1798,15,1,0.0
3428,1799,59,3,0.05
3429,1799,74,1,0.1
3430,1800,17,1,0.0
3431,1800,70,1,0.0
3432,1800,37,1,0.0
3433,1801,1,1,0.05
3434,1802,43,3,0.0
3435,1803,31,2,0.0
3436,1804,82,1,0.1
3437,1804,44,1,0.0
3438,1805,42,1,0.1
3439,1806,42,2,0.15
3440,1807,40,1,0.0
3441,1808,81,2,0.0
3442,1809,30,3,0.0
3443,1810,36,3,0.05
3444,1810,58,1,0.05
3445,1810,5,1,0.0
3446,1811,37,1,0.1
3447,1811,60,3,0.05
3448,1812,42,1,0.0
3449,1813,30,1,0.05
3450,1814,49,1,0.1
3451,1815,8,1,0.0
3452,1815,96,2,0.05
3453,1816,32,3,0.0
3454,1816,57,1,0.1
3455,1816,81,1,0.02
3456,1816,33,3,0.1
3457,1816,19,1,0.05
3458,1817,54,1,0.1
3459,1818,42,1,0.0
3460,1818,46,4,0.02
3461,1819,16,1,0.1
3462,1820,63,1,0.0
3463,1821,15,3,0.1
3464,1821,94,2,0.0
3465,1822,83,4,0.02
3466,1823,56,2,0.05
3467,1824,34,1,0.1
3468,1825,42,1,0.02
3469,1826,41,2,0.05
3470,1826,6,1,0.1
3471,1827,39,1,0.0
3472,1827,3,1,0.1
3473,1828,56,2,0.05
3474,1828,32,1,0.05
3475,1829,10,2,0.05
3476,1829,28,2,0.0
3477,1829,50,2,0.0
3478,1830,20,1,0.05
3479,1831,96,2,0.0
3480,1832,96,1,0.0
3481,1832,15,2,0.0
3482,1833,39,3,0.0
3483,1833,69,1,0.05
3484,1834,68,1,0.15
3485,1834,19,1,0.0
3486,1834,63,1,0.0
3487,1834,14,1,0.1
3488,1835,79,1,0.02
3489,1836,51,4,0.1
3490,1836,74,1,0.0
3491,1836,82,1,0.1
3492,1836,72,1,0.0
3493,1837,75,1,0.0
3494,1837,10,1,0.1
3495,1838,9,2,0.15
3496,1838,94,2,0.0
3497,1838,43,1,0.02
3498,1838,27,1,0.02
3499,1839,47,1,0.0
3500,1839,24,3,0.1
3501,1840,24,1,0.0
3502,1840,73,1,0.05
3503,1841,96,2,0.0
3504,1842,96,2,0.02
3505,1843,40,1,0.02
3506,1843,79,2,0.02
3507,1844,86,1,0.0
3508,1844,84,1,0.0
3509,1844,32,3,0.05
3510,1844,62,1,0.0
3511,1845,50,1,0.0
3512,1846,50,1,0.05
3513,1847,15,1,0.0
3514,1847,39,3,0.0
3515,1848,94,1,0.15
3516,1848,52,1,0.05
3517,1848,44,2,0.05
3518,1848,57,1,0.0
3519,1849,66,1,0.02
3520,1849,84,1,0.05
3521,1850,56,2,0.02
3522,1850,37,2,0.02
3523,1850,95,1,0.02
3524,1851,78,4,0.05
3525,1852,86,4,0.0
3526,1852,1,1,0.1
3527,1852,75,1,0.0
3528,1853,31,1,0.0
3529,1853,85,2,0.05
3530,1853,94,2,0.0
3531,1854,43,3,0.0
3532,1855,96,2,0.0
3533,1855,55,1,0.0
3534,1855,36,1,0.02
3535,1856,59,3,0.0
3536,1857,70,1,0.02
3537,1857,74,1,0.0
3538,1858,95,1,0.02
3539,1859,96,2,0.0
3540,1859,7,1,0.05
3541,1859,55,1,0.0
3542,1860,57,1,0.0
3543,1860,93,1,0.02
3544,1861,30,1,0.05
3545,1862,31,2,0.02
3546,1863,13,2,0.0
3547,1864,79,2,0.02
3548,1864,4,1,0.02
3549,1865,4,1,0.0
3550,1866,18,3,0.0
3551,1866,47,1,0.0
3552,1867,88,3,0.05
3553,1868,75,2,0.1
3554,1868,30,1,0.0
3555,1868,15,1,0.15
3556,1869,79,1,0.15
3557,1869,74,1,0.0
3558,1869,87,1,0.0
3559,1870,61,1,0.05
3560,1870,56,1,0.02
3561,1871,49,2,0.0
3562,1871,85,1,0.0
3563,1872,53,1,0.0
3564,1873,96,1,0.05
3565,1873,78,1,0.05
3566,1873,47,1,0.02
3567,1873,50,1,0.0
3568,1874,10,2,0.05
3569,1875,76,1,0.05
3570,1876,35,1,0.0
3571,1877,55,1,0.1
3572,1877,41,3,0.1
3573,1877,72,1,0.05
3574,1877,1,1,0.0
3575,1878,70,1,0.0
3576,1878,10,1,0.0
3577,1879,24,1,0.0
3578,1879,66,3,0.02
3579,1880,78,1,0.02
3580,1881,79,1,0.1
3581,1881,19,3,0.02
3582,1882,15,1,0.1
3583,1882,59,1,0.0
3584,1883,78,1,0.0
3585,1884,74,1,0.05
3586,1885,10,2,0.1
3587,1885,71,1,0.0
3588,1885,9,1,0.0
3589,1886,41,2,0.0
3590,1887,22,1,0.02
3591,1888,21,3,0.05
3592,1889,1,2,0.0
3593,1889,14,2,0.1
3594,1890,69,1,0.0
3595,1891,9,2,0.1
3596,1892,5,2,0.05
3597,1892,74,1,0.0
3598,1893,7,1,0.02
3599,1893,11,3,0.0
3600,1894,33,1,0.0
3601,1895,75,1,0.02
3602,1896,82,1,0.0
3603,1897,66,3,0.0
3604,1898,32,2,0.02
3605,1899,4,1,0.05
3606,1899,48,1,0.15
3607,1899,53,1,0.0
3608,1900,53,1,0.0
3609,1901,16,1,0.02
3610,1902,83,1,0.05
3611,1902,23,2,0.05
3612,1902,13,1,0.05
3613,1902,54,1,0.05
3614,1903,2,2,0.05
3615,1903,37,1,0.0
3616,1904,30,1,0.0
3617,1905,52,2,0.02
3618,1905,67,2,0.15
3619,1906,96,1,0.0
3620,1906,59,1,0.02
3621,1907,25,1,0.1
3622,1907,79,1,0.0
3623,1908,92,1,0.0
3624,1908,82,1,0.0
3625,1909,69,1,0.05
3626,1910,22,1,0.0
3627,1910,5,1,0.0
3628,1910,9,2,0.0
3629,1910,23,1,0.02
3630,1911,16,1,0.0
3631,1911,36,1,0.15
3632,1912,3,1,0.0
3633,1912,23,1,0.0
3634,1912,67,1,0.0
3635,1913,62,4,0.0
3636,1913,59,1,0.02
3637,1914,80,2,0.05
3638,1915,14,3,0.0
3639,1916,74,3,0.0
3640,1917,44,1,0.0
3641,1917,15,4,0.0
3642,1918,69,3,0.0
3643,1918,85,4,0.05
3644,1919,49,1,0.02
3645,1920,3,1,0.02
3646,1921,96,1,0.02
3647,1922,45,1,0.05
3648,1922,40,1,0.0
3649,1922,28,2,0.02
3650,1923,48,1,0.15
3651,1924,59,1,0.0
3652,1924,85,1,0.0
3653,1924,76,3,0.05
3654,1925,95,2,0.15
3655,1925,71,1,0.02
3656,1925,17,1,0.0
3657,1926,60,2,0.0
3658,1926,39,1,0.0
3659,1926,86,1,0.0
3660,1926,40,1,0.0
3661,1927,90,2,0.05
3662,1928,40,1,0.0
3663,1929,5,1,0.05
3664,1929,58,3,0.02
3665,1929,16,3,0.0
3666,1930,50,1,0.1
3667,1930,12,2,0.0
3668,1931,48,2,0.15
3669,1932,50,1,0.05
3670,1932,35,1,0.0
3671,1932,40,3,0.0
3672,1932,95,1,0.1
3673,1932,33,3,0.05
3674,1933,68,1,0.0
3675,1934,72,2,0.0
3676,1934,54,1,0.0
3677,1935,80,1,0.02
3678,1935,32,1,0.05
3679,1936,52,2,0.0
3680,1937,9,2,0.15
3681,1938,61,3,0.0
3682,1938,86,1,0.02
3683,1939,65,1,0.0
3684,1939,13,1,0.05
3685,1939,55,1,0.0
3686,1940,73,1,0.0
3687,1940,93,2,0.0
3688,1941,38,4,0.02
3689,1942,82,4,0.05
3690,1942,64,1,0.05
3691,1942,43,3,0.0
3692,1943,86,2,0.02
3693,1943,52,1,0.0
3694,1944,78,1,0.02
3695,1945,62,1,0.0
3696,1945,37,2,0.02
3697,1945,72,1,0.0
3698,1945,38,4,0.05
3699,1945,70,2,0.0
3700,1946,75,1,0.0
3701,1946,40,1,0.02
3702,1946,1,1,0.0
3703,1947,91,1,0.0
3704,1947,4,1,0.0
3705,1948,95,2,0.05
3706,1949,12,3,0.0
3707,1950,32,2,0.0
3708,1951,91,1,0.05
3709,1951,51,1,0.0
3710,1952,28,3,0.1
3711,1952,19,2,0.0
3712,1952,71,1,0.0
3713,1952,8,1,0.0
3714,1952,31,2,0.0
3715,1953,46,1,0.0
3716,1953,73,1,0.05
3717,1953,91,1,0.02
3718,1953,41,3,0.0
3719,1954,53,1,0.0
3720,1954,48,3,0.0
3721,1955,61,1,0.0
3722,1956,58,1,0.0
3723,1956,50,2,0.0
3724,1957,85,3,0.05
3725,1958,20,3,0.05
3726,1958,33,2,0.02
3727,1958,39,3,0.05
3728,1959,15,1,0.0
3729,1959,60,3,0.05
3730,1959,31,4,0.0
3731,1959,9,1,0.02
3732,1960,52,2,0.0
3733,1961,84,1,0.0
3734,1962,77,1,0.02
3735,1962,5,1,0.02
3736,1962,18,3,0.0
3737,1963,10,2,0.0
3738,1963,65,1,0.0
3739,1964,45,1,0.05
3740,1964,88,3,0.1
3741,1964,15,1,0.0
3742,1965,24,4,0.02
3743,1966,56,1,0.0
3744,1967,85,4,0.0
3745,1968,52,1,0.1
3746,1968,85,3,0.1
3747,1969,37,1,0.05
3748,1969,4,2,0.0
3749,1969,72,1,0.05
3750,1970,73,1,0.0
3751,1970,93,1,0.0
3752,1971,60,2,0.0
3753,1972,12,1,0.0
3754,1973,85,1,0.0
3755,1974,81,1,0.02
3756,1974,59,3,0.0
3757,1974,6,1,0.02
3758,1974,53,1,0.02
3759,1974,42,1,0.0
3760,1975,73,1,0.02
3761,1976,83,1,0.0
3762,1976,31,1,0.0
3763,1977,85,3,0.0
3764,1977,55,4,0.0
3765,1977,90,1,0.1
3766,1978,6,1,0.0
3767,1978,7,2,0.1
3768,1978,79,1,0.05
3769,1978,96,1,0.02
3770,1978,53,1,0.0
3771,1979,17,1,0.1
3772,1980,69,1,0.05
3773,1981,5,1,0.0
3774,1981,94,1,0.0
3775,1981,11,1,0.1
3776,1982,22,3,0.02
3777,1983,83,3,0.0
3778,1984,10,3,0.0
3779,1984,70,1,0.05
3780,1985,44,1,0.02
3781,1986,49,1,0.0
3782,1987,59,1,0.02
3783,1987,11,3,0.0
3784,1988,26,2,0.05
3785,1989,6,2,0.02
3786,1990,27,1,0.05
3787,1991,8,1,0.15
3788,1991,52,1,0.0
3789,1992,11,1,0.0
3790,1993,7,3,0.0
3791,1994,84,1,0.02
3792,1994,24,2,0.0
3793,1995,56,2,0.0
3794,1996,15,2,0.0
3795,1996,42,1,0.02
3796,1997,66,1,0.05
3797,1998,62,1,0.05
3798,1999,55,2,0.02
3799,2000,66,2,0.0
3800,2000,32,1,0.0
3801,2001,38,1,0.0
3802,2002,42,1,0.02
3803,2003,67,1,0.0
3804,2003,88,1,0.0
3805,2003,9,1,0.0
3806,2003,12,1,0.1
3807,2004,58,1,0.0
3808,2004,1,1,0.02
3809,2005,72,3,0.02
3810,2006,13,1,0.0
3811,2006,31,1,0.0
3812,2007,29,3,0.02
3813,2008,25,1,0.1
3814,2008,59,1,0.0
3815,2009,75,1,0.02
3816,2009,79,2,0.0
3817,2009,21,2,0.02
3818,2010,13,1,0.0
3819,2010,15,1,0.0
3820,2011,84,2,0.02
3821,2012,9,1,0.0
3822,2013,9,1,0.0
3823,2014,81,1,0.0
3824,2014,34,4,0.02
3825,2014,30,1,0.0
3826,2015,77,1,0.0
3827,2015,87,2,0.1
3828,2015,47,3,0.0
3829,2016,20,1,0.0
3830,2016,45,2,0.02
3831,2017,38,2,0.15
3832,2017,11,1,0.0
3833,2018,84,3,0.0
3834,2018,73,1,0.0
3835,2019,63,2,0.0
3836,2020,39,1,0.0
3837,2021,26,3,0.0
3838,2022,44,1,0.02
3839,2022,37,3,0.1
3840,2023,8,1,0.05
3841,2023,38,1,0.02
3842,2023,70,3,0.05
3843,2024,33,1,0.02
3844,2025,12,1,0.02
3845,2025,89,1,0.02
3846,2026,3,4,0.05
3847,2026,43,2,0.1
3848,2026,18,1,0.05
3849,2026,78,2,0.0
3850,2027,90,1,0.1
3851,2027,89,2,0.0
3852,2027,53,1,0.0
3853,2028,33,2,0.02
3854,2028,10,3,0.0
3855,2029,63,3,0.0
3856,2029,17,1,0.05
3857,2030,81,1,0.05
3858,2031,59,2,0.02
3859,2032,48,1,0.0
3860,2032,65,3,0.0
3861,2033,25,1,0.0
3862,2033,27,1,0.0
3863,2034,39,1,0.0
3864,2034,94,2,0.0
3865,2035,33,2,0.0
3866,2035,60,1,0.0
3867,2036,93,2,0.05
3868,2036,46,1,0.0
3869,2037,6,1,0.0
3870,2037,82,2,0.05
3871,2037,21,2,0.0
3872,2037,18,1,0.0
3873,2037,66,1,0.02
3874,2038,71,1,0.02
3875,2039,43,1,0.0
3876,2039,13,2,0.0
3877,2040,23,2,0.02
3878,2041,45,1,0.05
3879,2041,64,1,0.1
3880,2041,58,1,0.0
3881,2042,89,1,0.1
3882,2042,25,1,0.02
3883,2042,32,1,0.0
3884,2043,22,1,0.05
3885,2043,15,2,0.02
3886,2043,68,1,0.0
3887,2043,96,1,0.05
3888,2044,69,2,0.0
3889,2044,93,1,0.05
3890,2045,67,1,0.02
3891,2046,3,1,0.0
3892,2046,47,1,0.0
3893,2047,91,2,0.1
3894,2048,73,1,0.1
3895,2049,86,2,0.0
3896,2050,26,2,0.0
3897,2050,15,1,0.0
3898,2051,80,1,0.1
3899,2052,60,4,0.02
3900,2053,17,2,0.15
3901,2054,39,1,0.0
3902,2054,50,1,0.0
3903,2054,44,1,0.02
3904,2055,62,4,0.0
3905,2055,41,2,0.0
3906,2056,68,1,0.02
3907,2056,65,1,0.05
3908,2056,41,1,0.0
3909,2057,94,1,0.02
3910,2058,8,1,0.02
3911,2058,91,1,0.02
3912,2058,36,1,0.02
3913,2059,76,2,0.0
3914,2059,53,1,0.0
3915,2060,73,1,0.05
3916,2060,15,1,0.1
3917,2060,83,1,0.02
3918,2061,50,3,0.1
3919,2061,69,1,0.05
3920,2061,35,3,0.0
3921,2062,51,1,0.0
3922,2063,16,1,0.0
3923,2064,77,2,0.1
3924,2065,8,2,0.02
3925,2065,6,2,0.0
3926,2066,11,1,0.1
3927,2067,57,2,0.05
3928,2067,50,3,0.0
3929,2068,13,1,0.0
3930,2068,67,2,0.0
3931,2069,18,1,0.0
3932,2070,24,1,0.02
3933,2071,25,2,0.0
3934,2072,86,2,0.02
3935,2072,70,2,0.1
3936,2073,3,1,0.02
3937,2073,90,1,0.02
3938,2074,42,1,0.0
3939,2074,31,1,0.0
3940,2074,45,2,0.0
3941,2075,29,2,0.0
3942,2075,88,1,0.0
3943,2076,65,1,0.0
3944,2076,3,3,0.0
3945,2076,33,1,0.0
3946,2076,70,1,0.0
3947,2076,95,2,0.15
3948,2077,96,1,0.1
3949,2078,94,1,0.0
3950,2079,59,1,0.02
3951,2080,38,1,0.0
3952,2080,92,1,0.02
3953,2081,18,1,0.1
3954,2081,79,1,0.05
3955,2082,49,2,0.1
3956,2083,41,1,0.1
3957,2084,46,3,0.0
3958,2084,56,2,0.05
3959,2084,71,1,0.0
3960,2085,96,2,0.0
3961,2086,85,1,0.05
3962,2086,24,1,0.05
3963,2086,67,1,0.0
3964,2086,20,1,0.0
3965,2087,35,1,0.02
3966,2087,38,1,0.05
3967,2088,15,1,0.0
3968,2088,33,2,0.0
3969,2088,26,2,0.0
3970,2089,60,1,0.1
3971,2089,5,1,0.02
3972,2090,64,1,0.0
3973,2091,13,2,0.1
3974,2091,8,3,0.02
3975,2091,19,1,0.1
3976,2091,89,1,0.0
3977,2092,3,2,0.0
3978,2092,89,1,0.1
3979,2093,81,3,0.0
3980,2094,1,1,0.05
3981,2094,39,1,0.1
3982,2095,65,1,0.0
3983,2096,56,2,0.0
3984,2097,43,1,0.0
3985,2097,49,4,0.15
3986,2097,36,1,0.05
3987,2098,23,1,0.1
3988,2099,42,1,0.0
3989,2099,58,1,0.0
3990,2100,66,1,0.0
3991,2100,83,1,0.1
3992,2100,42,3,0.02
3993,2101,57,1,0.02
3994,2101,44,1,0.0
3995,2101,23,1,0.02
3996,2102,93,1,0.05
3997,2103,84,2,0.05
3998,2104,4,1,0.0
3999,2105,88,2,0.05
4000,2106,96,1,0.0
4001,2106,5,1,0.0
4002,2107,13,2,0.1
4003,2108,75,2,0.05
4004,2109,40,3,0.0
4005,2110,83,1,0.05
4006,2111,71,1,0.0
4007,2111,66,1,0.0
4008,2112,87,2,0.1
4009,2112,89,1,0.0
4010,2112,55,3,0.0
4011,2113,60,3,0.0
4012,2114,9,1,0.0
4013,2114,3,1,0.05
4014,2115,36,2,0.15
4015,2115,44,1,0.0
4016,2115,8,2,0.0
4017,2116,15,3,0.0
4018,2116,21,1,0.0
4019,2116,17,3,0.02
4020,2117,96,1,0.02
4021,2118,79,1,0.0
4022,2118,48,3,0.0
4023,2119,14,2,0.0
4024,2120,96,2,0.02
4025,2121,35,1,0.0
4026,2122,51,1,0.0
4027,2122,87,1,0.0
4028,2122,2,3,0.0
4029,2122,5,4,0.0
4030,2123,46,1,0.15
4031,2123,35,1,0.0
4032,2124,24,1,0.02
4033,2124,2,1,0.05
4034,2124,8,1,0.0
4035,2124,11,1,0.0
4036,2125,38,2,0.05
4037,2125,96,3,0.05
4038,2126,86,1,0.02
4039,2126,91,1,0.0
4040,2127,66,1,0.1
4041,2127,79,1,0.0
4042,2128,18,1,0.0
4043,2129,38,1,0.1
4044,2129,74,1,0.0
4045,2130,50,1,0.05
4046,2130,33,1,0.0
4047,2130,68,1,0.02
4048,2131,44,1,0.15
4049,2132,31,2,0.02
4050,2133,1,1,0.0
4051,2133,9,1,0.0
4052,2133,82,1,0.1
4053,2134,3,1,0.0
4054,2135,85,3,0.05
4055,2135,76,1,0.0
4056,2135,46,3,0.15
4057,2135,36,1,0.0
4058,2136,4,1,0.0
4059,2136,37,2,0.0
4060,2137,74,1,0.05
4061,2138,92,2,0.0
4062,2139,49,1,0.02
4063,2140,71,3,0.0
4064,2140,58,1,0.1
4065,2140,4,1,0.0
4066,2141,28,2,0.0
4067,2142,37,1,0.02
4068,2142,63,4,0.05
4069,2143,88,1,0.0
4070,2144,5,1,0.1
4071,2144,83,2,0.02
4072,2145,40,2,0.0
4073,2146,56,2,0.0
4074,2147,82,1,0.05
4075,2148,15,1,0.0
4076,2149,79,1,0.0
4077,2149,66,1,0.1
4078,2149,24,1,0.0
4079,2150,7,2,0.05
4080,2150,70,4,0.02
4081,2150,92,1,0.05
4082,2150,16,2,0.02
4083,2150,37,2,0.0
4084,2151,64,1,0.0
4085,2152,80,1,0.02
4086,2152,7,1,0.15
4087,2153,66,1,0.0
4088,2154,52,1,0.02
4089,2154,70,1,0.02
4090,2155,14,2,0.1
4091,2155,62,1,0.0
4092,2156,33,2,0.02
4093,2157,90,1,0.02
4094,2157,5,1,0.0
4095,2158,59,2,0.05
4096,2159,66,2,0.0
4097,2159,15,1,0.05
4098,2160,58,1,0.05
4099,2160,94,2,0.0
4100,2161,48,1,0.0
4101,2161,30,1,0.05
4102,2162,3,1,0.0
4103,2162,4,1,0.0
4104,2162,52,1,0.0
4105,2163,79,1,0.0
4106,2164,60,1,0.1
4107,2165,94,4,0.1
4108,2166,41,2,0.1
4109,2167,72,3,0.0
4110,2168,2,1,0.02
4111,2168,40,1,0.0
4112,2169,92,1,0.0
4113,2169,66,1,0.0
4114,2170,53,2,0.05
4115,2171,78,2,0.02
4116,2172,32,1,0.0
4117,2172,7,1,0.05
4118,2173,27,1,0.0
4119,2173,10,2,0.02
4120,2174,76,1,0.02
4121,2175,90,2,0.02
4122,2175,32,1,0.0
4123,2176,94,1,0.0
4124,2177,78,1,0.0
4125,2177,51,1,0.1
4126,2177,30,1,0.0
4127,2178,88,1,0.02
4128,2178,18,3,0.02
4129,2179,21,1,0.05
4130,2179,64,1,0.05
4131,2179,60,3,0.0
4132,2179,20,2,0.05
4133,2180,40,1,0.02
4134,2181,91,2,0.0
4135,2181,26,1,0.0
4136,2181,55,1,0.0
4137,2182,43,4,0.1
4138,2183,26,3,0.02
4139,2183,51,2,0.02
4140,2183,22,1,0.0
4141,2183,54,1,0.05
4142,2184,51,2,0.1
4143,2184,12,1,0.02
4144,2184,24,1,0.0
4145,2185,85,1,0.0
4146,2185,20,1,0.0
4147,2185,22,1,0.05
4148,2186,29,1,0.0
4149,2186,1,2,0.0
4150,2187,4,1,0.0
4151,2188,33,1,0.02
4152,2188,68,2,0.02
4153,2189,15,4,0.05
4154,2190,91,2,0.02
4155,2190,31,3,0.1
4156,2190,21,1,0.0
4157,2191,49,3,0.0
4158,2191,69,1,0.02
4159,2192,7,3,0.0
4160,2192,62,3,0.02
4161,2192,16,1,0.1
4162,2192,48,1,0.0
4163,2193,84,2,0.0
4164,2194,75,1,0.0
4165,2194,50,1,0.02
4166,2195,54,1,0.0
4167,2195,13,1,0.0
4168,2195,28,1,0.1
4169,2195,30,1,0.0
4170,2196,74,1,0.0
4171,2197,69,2,0.0
4172,2197,67,1,0.02
4173,2197,16,2,0.02
4174,2198,10,1,0.05
4175,2198,18,2,0.0
4176,2199,86,1,0.0
4177,2199,72,1,0.15
4178,2200,63,1,0.05
4179,2201,91,1,0.0
4180,2201,42,1,0.15
4181,2202,2,1,0.05
4182,2203,12,3,0.0
4183,2204,94,1,0.0
4184,2204,74,1,0.0
4185,2204,6,1,0.0
4186,2204,47,4,0.02
4187,2205,73,1,0.02
4188,2206,30,2,0.05
4189,2207,25,1,0.0
4190,2207,61,3,0.02
4191,2207,23,1,0.15
4192,2208,16,2,0.1
4193,2208,5,3,0.1
4194,2209,28,1,0.02
4195,2209,7,1,0.0
4196,2210,61,1,0.0
4197,2211,33,1,0.0
4198,2211,61,2,0.02
4199,2211,62,1,0.0
4200,2212,46,1,0.0
4201,2213,50,4,0.05
4202,2214,76,1,0.02
4203,2215,43,1,0.05
4204,2216,31,1,0.02
4205,2216,7,1,0.1
4206,2216,46,1,0.02
4207,2217,56,1,0.0
4208,2218,2,1,0.0
4209,2219,83,1,0.05
4210,2219,2,2,0.0
4211,2220,9,3,0.0
4212,2221,53,1,0.1
4213,2221,75,2,0.02
4214,2221,91,1,0.0
4215,2222,25,2,0.02
4216,2222,3,2,0.0
4217,2222,64,1,0.0
4218,2222,53,1,0.05
4219,2223,45,1,0.0
4220,2224,49,1,0.05
4221,2225,74,2,0.0
4222,2226,56,1,0.0
4223,2227,86,1,0.02
4224,2227,54,1,0.0
4225,2228,47,2,0.0
4226,2228,39,2,0.0
4227,2228,49,2,0.0
4228,2229,82,1,0.1
4229,2230,20,1,0.15
4230,2230,1,2,0.05
4231,2231,11,1,0.0
4232,2232,51,1,0.0
4233,2232,36,2,0.02
4234,2232,47,1,0.0
4235,2233,59,3,0.05
4236,2234,15,1,0.0
4237,2234,34,2,0.0
4238,2234,60,2,0.05
4239,2235,94,1,0.0
4240,2236,57,1,0.0
4241,2237,58,1,0.15
4242,2238,39,1,0.05
4243,2238,16,1,0.1
4244,2238,91,1,0.0
4245,2239,23,1,0.02
4246,2239,88,1,0.05
4247,2239,59,1,0.02
4248,2239,45,1,0.0
4249,2240,89,1,0.0
4250,2241,10,1,0.05
4251,2241,25,1,0.02
4252,2242,4,3,0.02
4253,2243,74,1,0.0
4254,2243,47,1,0.1
4255,2243,65,2,0.1
4256,2244,78,1,0.0
4257,2244,13,2,0.0
4258,2244,75,1,0.02
4259,2245,16,2,0.0
4260,2246,46,1,0.0
4261,2247,96,4,0.0
4262,2248,7,1,0.0
4263,2248,86,2,0.0
4264,2249,53,1,0.0
4265,2249,4,1,0.0
4266,2250,27,1,0.1
4267,2251,22,1,0.05
4268,2251,20,3,0.05
4269,2251,45,1,0.0
4270,2252,19,1,0.02
4271,2253,26,1,0.05
4272,2254,6,1,0.0
4273,2255,89,1,0.1
4274,2255,20,1,0.0
4275,2256,93,1,0.0
4276,2257,41,1,0.1
4277,2258,72,1,0.0
4278,2258,76,2,0.0
4279,2258,1,2,0.05
4280,2259,56,1,0.02
4281,2260,19,1,0.02
4282,2261,10,1,0.0
4283,2261,12,2,0.15
4284,2262,72,2,0.02
4285,2263,12,1,0.0
4286,2263,35,4,0.02
4287,2264,66,2,0.0
4288,2264,29,1,0.02
4289,2264,26,1,0.02
4290,2265,87,1,0.0
4291,2265,46,1,0.05
4292,2266,3,3,0.0
4293,2267,96,1,0.0
4294,2267,16,1,0.1
4295,2268,65,1,0.0
4296,2268,51,1,0.0
4297,2269,4,1,0.05
4298,2269,34,1,0.0
4299,2270,86,2,0.02
4300,2271,76,1,0.05
4301,2271,59,4,0.05
4302,2272,51,2,0.1
4303,2272,48,2,0.1
4304,2272,71,1,0.0
4305,2272,17,1,0.0
4306,2273,74,2,0.0
4307,2273,85,2,0.05
4308,2274,26,2,0.02
4309,2275,31,1,0.0
4310,2275,84,1,0.0
4311,2276,80,1,0.02
4312,2276,19,2,0.0
4313,2277,25,2,0.0
4314,2277,85,1,0.05
4315,2278,24,1,0.02
4316,2278,39,2,0.05
4317,2278,10,1,0.0
4318,2279,79,2,0.0
4319,2279,63,1,0.05
4320,2279,56,2,0.02
4321,2280,60,1,0.0
4322,2281,94,3,0.05
4323,2281,82,2,0.0
4324,2281,59,1,0.0
4325,2281,93,2,0.15
4326,2282,8,1,0.02
4327,2283,62,2,0.0
4328,2284,20,2,0.05
4329,2285,62,1,0.05
4330,2286,54,2,0.0
4331,2286,90,3,0.05
4332,2286,95,1,0.0
4333,2286,82,3,0.02
4334,2287,65,3,0.02
4335,2288,58,1,0.0
4336,2288,82,1,0.02
4337,2289,8,1,0.0
4338,2290,52,1,0.02
4339,2291,45,1,0.0
4340,2292,88,1,0.02
4341,2293,6,1,0.02
4342,2294,11,2,0.0
4343,2295,30,1,0.02
4344,2295,25,1,0.1
4345,2296,28,1,0.0
4346,2297,65,1,0.02
4347,2297,78,1,0.0
4348,2298,57,4,0.1
4349,2298,46,2,0.0
4350,2299,92,1,0.05
4351,2299,70,1,0.0
4352,2299,84,3,0.05
4353,2299,14,1,0.02
4354,2300,19,1,0.05
4355,2301,62,1,0.15
4356,2301,37,1,0.0
4357,2302,9,2,0.05
4358,2303,42,2,0.05
4359,2303,95,3,0.0
4360,2303,8,2,0.0
4361,2303,48,1,0.0
4362,2304,58,1,0.02
4363,2304,96,1,0.0
4364,2304,59,1,0.05
4365,2305,1,2,0.02
4366,2305,42,2,0.1
4367,2306,33,1,0.0
4368,2306,51,3,0.02
4369,2307,6,1,0.0
4370,2307,27,1,0.0
4371,2307,63,1,0.02
4372,2307,83,1,0.02
4373,2308,58,1,0.05
4374,2309,12,1,0.05
4375,2310,72,1,0.0
4376,2311,95,3,0.0
4377,2311,54,1,0.05
4378,2312,94,1,0.0
4379,2313,87,2,0.0
4380,2313,89,1,0.1
4381,2313,92,1,0.0
4382,2313,45,2,0.0
4383,2313,25,1,0.0
4384,2314,67,3,0.02
4385,2315,84,1,0.0
4386,2315,57,1,0.1
4387,2316,77,1,0.0
4388,2316,22,1,0.0
4389,2316,24,1,0.02
4390,2317,66,1,0.0
4391,2318,22,1,0.05
4392,2319,61,1,0.05
4393,2320,7,3,0.0
4394,2321,76,1,0.02
4395,2321,18,2,0.0
4396,2322,37,1,0.1
4397,2323,5,1,0.05
4398,2323,23,3,0.0
4399,2323,82,1,0.0
4400,2324,28,1,0.0
4401,2324,6,1,0.0
4402,2324,38,1,0.0
4403,2325,45,1,0.0
4404,2325,47,3,0.0
4405,2325,11,1,0.0
4406,2326,78,1,0.02
4407,2327,52,1,0.0
4408,2328,31,1,0.0
4409,2328,76,3,0.1
4410,2328,8,1,0.02
4411,2329,11,4,0.1
4412,2330,91,1,0.0
4413,2330,76,3,0.0
4414,2331,22,1,0.0
4415,2332,83,3,0.0
4416,2333,73,3,0.15
4417,2334,66,1,0.02
4418,2335,22,1,0.0
4419,2335,82,2,0.0
4420,2335,96,2,0.0
4421,2336,57,2,0.05
4422,2337,7,1,0.0
4423,2337,78,1,0.05
4424,2338,46,2,0.15
4425,2339,90,2,0.05
4426,2339,82,2,0.0
4427,2339,16,1,0.02
4428,2340,78,2,0.02
4429,2341,73,1,0.05
4430,2341,56,2,0.0
4431,2342,50,1,0.02
4432,2343,8,1,0.02
4433,2343,24,3,0.05
4434,2343,89,2,0.02
4435,2343,92,1,0.0
4436,2344,14,2,0.05
4437,2345,29,1,0.1
4438,2346,61,3,0.05
4439,2347,93,3,0.02
4440,2348,81,1,0.1
4441,2348,51,2,0.0
4442,2348,43,1,0.0
4443,2348,34,1,0.15
4444,2348,69,1,0.0
4445,2349,32,2,0.05
4446,2349,75,2,0.05
4447,2350,80,1,0.0
4448,2351,30,1,0.0
4449,2351,77,2,0.02
4450,2352,62,1,0.02
4451,2352,17,1,0.0
4452,2352,86,1,0.02
4453,2353,27,2,0.05
4454,2353,65,2,0.0
4455,2354,47,2,0.05
4456,2355,20,4,0.0
4457,2356,9,1,0.05
4458,2356,66,2,0.0
4459,2357,10,1,0.0
4460,2357,68,1,0.02
4461,2357,6,1,0.0
4462,2358,52,3,0.05
4463,2359,52,1,0.15
4464,2360,96,2,0.0
4465,2360,93,1,0.0
4466,2361,13,1,0.1
4467,2361,89,1,0.0
4468,2361,85,1,0.15
4469,2362,46,1,0.1
4470,2363,86,1,0.15
4471,2364,25,1,0.05
4472,2364,3,1,0.05
4473,2365,85,1,0.0
4474,2366,69,2,0.02
4475,2367,14,1,0.02
4476,2367,29,1,0.0
4477,2368,50,1,0.02
4478,2368,22,1,0.05
4479,2368,30,2,0.05
4480,2369,23,1,0.0
4481,2370,17,1,0.0
4482,2371,17,1,0.0
4483,2371,39,2,0.02
4484,2372,63,1,0.0
4485,2373,64,2,0.15
4486,2374,94,4,0.05
4487,2374,91,2,0.05
4488,2375,87,1,0.02
4489,2376,48,1,0.02
4490,2376,49,1,0.0
4491,2377,10,1,0.0
4492,2377,44,1,0.1
4493,2378,70,2,0.05
4494,2378,96,3,0.05
4495,2379,73,2,0.0
4496,2380,16,3,0.02
4497,2381,96,3,0.05
4498,2382,35,1,0.02
4499,2383,4,3,0.0
4500,2384,57,2,0.05
4501,2384,16,2,0.1
4502,2385,56,2,0.02
4503,2386,55,1,0.02
4504,2387,25,1,0.0
4505,2388,95,1,0.0
4506,2389,23,1,0.05
4507,2390,9,1,0.0
4508,2390,73,1,0.02
4509,2391,4,1,0.05
4510,2392,2,1,0.02
4511,2393,89,3,0.1
4512,2394,31,1,0.0
4513,2395,26,1,0.05
4514,2395,49,2,0.0
4515,2395,91,3,0.0
4516,2396,42,1,0.05
4517,2396,48,1,0.0
4518,2396,10,3,0.02
4519,2396,57,1,0.0
4520,2396,76,1,0.1
4521,2397,74,3,0.05
4522,2397,11,2,0.02
4523,2398,89,1,0.0
4524,2399,52,1,0.0
4525,2399,33,2,0.1
4526,2399,56,1,0.0
4527,2400,40,1,0.02
4528,2401,83,3,0.1
4529,2402,87,1,0.0
4530,2403,92,1,0.15
4531,2404,7,1,0.0
4532,2404,34,4,0.0
4533,2405,64,2,0.0
4534,2406,19,2,0.0
4535,2407,41,1,0.05
4536,2408,5,2,0.02
4537,2409,1,1,0.1
4538,2410,70,1,0.0
4539,2411,20,1,0.0
4540,2412,52,2,0.02
4541,2413,30,3,0.0
4542,2414,71,1,0.0
4543,2415,94,1,0.0
4544,2416,8,2,0.0
4545,2416,53,1,0.0
4546,2417,18,1,0.0
4547,2418,34,3,0.0
4548,2418,39,1,0.0
4549,2419,3,1,0.0
4550,2420,34,2,0.05
4551,2420,58,1,0.0
4552,2420,30,2,0.0
4553,2421,42,1,0.1
4554,2422,53,1,0.1
4555,2423,11,1,0.02
4556,2424,44,2,0.05
4557,2425,70,1,0.0
4558,2426,51,1,0.0
4559,2426,39,1,0.1
4560,2426,64,1,0.05
4561,2427,52,1,0.05
4562,2428,12,1,0.0
4563,2428,32,1,0.0
4564,2429,60,3,0.1
4565,2430,30,2,0.05
4566,2430,57,2,0.1
4567,2430,90,1,0.0
4568,2431,5,2,0.1
4569,2431,76,1,0.0
4570,2431,27,1,0.0
4571,2432,24,1,0.05
4572,2432,39,2,0.05
4573,2432,69,1,0.02
4574,2433,14,1,0.05
4575,2433,96,1,0.0
4576,2434,93,3,0.02
4577,2434,70,1,0.0
4578,2435,79,1,0.0
4579,2435,48,1,0.05
4580,2435,68,1,0.0
4581,2435,52,2,0.05
4582,2436,79,2,0.1
4583,2436,42,1,0.05
4584,2437,7,2,0.0
4585,2438,47,1,0.0
4586,2438,82,1,0.0
4587,2439,29,3,0.0
4588,2440,4,1,0.0
4589,2440,62,2,0.0
4590,2441,77,1,0.05
4591,2441,16,2,0.05
4592,2442,43,4,0.1
4593,2443,72,1,0.02
4594,2444,4,1,0.0
4595,2445,11,1,0.0
4596,2445,26,1,0.0
4597,2446,16,1,0.1
4598,2446,84,1,0.1
4599,2446,37,1,0.1
4600,2446,93,1,0.05
4601,2446,35,1,0.02
4602,2447,4,1,0.05
4603,2448,47,2,0.0
4604,2448,69,2,0.02
4605,2448,13,3,0.15
4606,2449,2,1,0.15
4607,2450,71,1,0.1
4608,2450,73,2,0.1
4609,2451,61,4,0.0
4610,2452,36,1,0.05
4611,2452,81,2,0.1
4612,2453,86,1,0.0
4613,2454,6,2,0.0
4614,2455,77,2,0.05
4615,2456,4,2,0.0
4616,2456,80,1,0.0
4617,2456,91,1,0.0
4618,2456,30,4,0.0
4619,2457,59,1,0.0
4620,2458,27,3,0.05
4621,2458,47,1,0.1
4622,2459,58,1,0.0
4623,2459,92,4,0.05
4624,2459,19,1,0.05
4625,2459,52,1,0.0
4626,2459,40,1,0.0
4627,2460,40,1,0.02
4628,2460,61,1,0.1
4629,2460,92,1,0.02
4630,2460,37,3,0.02
4631,2461,33,1,0.05
4632,2462,85,2,0.0
4633,2463,45,1,0.1
4634,2464,14,4,0.0
4635,2464,30,1,0.0
4636,2464,9,1,0.0
4637,2465,36,3,0.05
4638,2466,1,4,0.05
4639,2466,23,1,0.0
4640,2466,82,1,0.05
4641,2466,70,2,0.1
4642,2466,47,4,0.0
4643,2467,68,2,0.0
4644,2468,54,3,0.0
4645,2468,85,3,0.05
4646,2469,35,1,0.0
4647,2470,88,3,0.05
4648,2471,78,1,0.1
4649,2471,44,1,0.0
4650,2471,85,1,0.0
4651,2472,49,2,0.05
4652,2473,43,1,0.0
4653,2473,38,2,0.05
4654,2473,82,2,0.0
4655,2473,86,1,0.05
4656,2473,27,2,0.0
4657,2474,69,1,0.0
4658,2475,14,1,0.0
4659,2476,15,1,0.0
4660,2477,92,2,0.0
4661,2477,66,1,0.15
4662,2477,88,2,0.0
4663,2478,44,2,0.0
4664,2478,62,4,0.15
4665,2478,19,1,0.0
4666,2479,27,3,0.0
4667,2479,5,4,0.15
4668,2479,74,1,0.02
4669,2479,4,1,0.02
4670,2480,79,1,0.05
4671,2481,66,3,0.1
4672,2481,91,1,0.0
4673,2482,96,3,0.0
4674,2483,14,1,0.05
4675,2483,39,1,0.0
4676,2483,96,2,0.0
4677,2484,61,3,0.0
4678,2484,84,1,0.1
4679,2485,4,2,0.0
4680,2486,69,3,0.15
4681,2487,6,2,0.02
4682,2487,66,2,0.02
4683,2488,7,1,0.0
4684,2488,4,1,0.05
4685,2489,41,1,0.0
4686,2490,47,1,0.0
4687,2491,4,2,0.05
4688,2492,64,1,0.02
4689,2492,89,2,0.02
4690,2493,71,2,0.0
4691,2493,57,1,0.02
4692,2493,67,1,0.0
4693,2493,51,1,0.05
4694,2494,32,2,0.02
4695,2494,23,1,0.05
4696,2495,47,1,0.02
4697,2496,18,1,0.1
4698,2497,28,4,0.0
4699,2498,49,1,0.1
4700,2498,86,1,0.0
4701,2498,43,1,0.02
4702,2498,8,1,0.05
4703,2499,47,1,0.05
4704,2500,72,2,0.02
4705,2500,82,1,0.02
4706,2501,93,2,0.0
4707,2501,74,2,0.0
4708,2502,15,1,0.02
4709,2503,13,1,0.05
4710,2504,14,1,0.0
4711,2505,5,3,0.0
4712,2506,34,3,0.05
4713,2507,10,1,0.02
4714,2508,5,1,0.0
4715,2509,1,2,0.05
4716,2509,14,1,0.1
4717,2510,96,4,0.15
4718,2511,95,1,0.02
4719,2511,57,1,0.1
4720,2511,6,1,0.0
4721,2512,89,2,0.0
4722,2512,69,1,0.0
4723,2513,70,4,0.0
4724,2514,93,1,0.05
4725,2515,69,1,0.0
4726,2515,94,1,0.05
4727,2516,14,3,0.1
4728,2517,18,2,0.0
4729,2517,13,1,0.02
4730,2517,7,2,0.0
4731,2518,76,1,0.02
4732,2519,70,1,0.02
4733,2519,2,1,0.05
4734,2519,81,1,0.05
4735,2520,6,2,0.0
4736,2521,59,1,0.0
4737,2521,89,1,0.0
4738,2521,82,1,0.0
4739,2522,42,4,0.0
4740,2523,68,1,0.0
4741,2524,73,2,0.02
4742,2525,36,1,0.0
4743,2525,58,1,0.0
4744,2526,30,1,0.0
4745,2526,24,1,0.0
4746,2527,46,1,0.0
4747,2527,87,2,0.0
4748,2528,47,1,0.02
4749,2529,95,2,0.0
4750,2530,37,1,0.0
4751,2531,23,3,0.02
4752,2531,39,1,0.1
4753,2531,68,1,0.05
4754,2532,71,1,0.15
4755,2532,33,1,0.1
4756,2532,21,1,0.02
4757,2533,33,1,0.05
4758,2533,18,1,0.02
4759,2533,10,1,0.05
4760,2533,90,3,0.15
4761,2533,66,1,0.1
4762,2534,65,1,0.15
4763,2534,18,1,0.0
4764,2535,89,1,0.1
4765,2536,95,2,0.0
4766,2537,57,1,0.02
4767,2537,93,2,0.1
4768,2537,30,1,0.0
4769,2538,91,2,0.05
4770,2538,23,3,0.0
4771,2539,51,1,0.15
4772,2540,87,1,0.05
4773,2541,57,2,0.0
4774,2541,22,1,0.05
4775,2542,13,1,0.02
4776,2543,2,2,0.15
4777,2544,43,2,0.1
4778,2544,17,1,0.0
4779,2545,16,1,0.05
4780,2546,84,2,0.1
4781,2546,15,1,0.0
4782,2547,50,1,0.15
4783,2548,96,2,0.02
4784,2549,12,2,0.05
4785,2549,87,1,0.1
4786,2550,95,1,0.1
4787,2550,32,3,0.0
4788,2551,11,1,0.0
4789,2551,53,1,0.0
4790,2552,62,2,0.15
4791,2553,4,2,0.0
4792,2553,62,3,0.0
4793,2554,86,1,0.02
4794,2555,78,1,0.0
4795,2556,14,1,0.0
4796,2557,55,2,0.0
4797,2558,5,1,0.1
4798,2558,35,2,0.0
4799,2559,18,1,0.1
4800,2560,12,2,0.0
4801,2560,28,3,0.1
4802,2561,26,1,0.0
4803,2562,19,3,0.0
4804,2562,42,1,0.0
4805,2562,67,3,0.0
4806,2562,26,1,0.0
4807,2563,44,3,0.02
4808,2564,50,2,0.02
4809,2565,76,3,0.0
4810,2565,36,1,0.1
4811,2565,6,3,0.0
4812,2566,48,2,0.0
4813,2567,18,2,0.02
4814,2567,67,2,0.15
4815,2568,42,1,0.05
4816,2569,71,3,0.02
4817,2569,41,4,0.02
4818,2569,48,1,0.0
4819,2569,80,1,0.0
4820,2570,57,1,0.02
4821,2571,43,1,0.0
4822,2571,61,1,0.05
4823,2572,32,1,0.0
4824,2573,4,1,0.0
4825,2573,17,1,0.02
4826,2574,31,2,0.0
4827,2575,25,2,0.02
4828,2576,50,1,0.05
4829,2576,91,1,0.02
4830,2577,96,2,0.05
4831,2578,84,1,0.15
4832,2579,7,2,0.0
4833,2579,23,2,0.0
4834,2579,25,1,0.1
4835,2579,73,2,0.15
4836,2580,5,1,0.0
4837,2581,86,2,0.0
4838,2582,75,3,0.02
4839,2582,72,1,0.0
4840,2583,37,1,0.0
4841,2583,43,1,0.0
4842,2584,68,1,0.05
4843,2585,94,1,0.0
4844,2585,1,1,0.0
4845,2586,66,1,0.05
4846,2586,19,2,0.0
4847,2586,96,1,0.02
4848,2586,51,2,0.0
4849,2587,33,1,0.0
4850,2588,56,1,0.02
4851,2589,29,1,0.0
4852,2590,37,1,0.02
4853,2591,6,1,0.05
4854,2592,73,2,0.0
4855,2592,54,1,0.02
4856,2593,8,2,0.05
4857,2594,78,2,0.0
4858,2595,4,2,0.1
4859,2595,70,1,0.0
4860,2596,93,2,0.0
4861,2597,90,1,0.02
4862,2598,6,1,0.0
4863,2599,71,2,0.0
4864,2599,42,1,0.0
4865,2599,88,2,0.0
4866,2600,57,1,0.0
4867,2600,46,1,0.05
4868,2600,22,1,0.05
4869,2600,70,1,0.0
4870,2601,94,2,0.05
4871,2601,54,1,0.0
4872,2602,74,2,0.15
4873,2603,64,2,0.05
4874,2603,70,2,0.02
4875,2603,81,1,0.02
4876,2604,39,2,0.0
4877,2604,58,1,0.02
4878,2605,70,1,0.0
4879,2605,5,1,0.05
4880,2605,29,3,0.1
4881,2606,8,1,0.1
4882,2606,74,1,0.1
4883,2607,6,1,0.0
4884,2608,19,1,0.0
4885,2609,79,1,0.0
4886,2610,66,2,0.0
4887,2611,64,1,0.0
4888,2611,28,1,0.05
4889,2611,89,1,0.1
4890,2611,56,4,0.0
4891,2612,67,2,0.02
4892,2613,29,1,0.0
4893,2613,39,2,0.1
4894,2614,36,2,0.05
4895,2615,22,1,0.0
4896,2615,12,1,0.0
4897,2615,62,3,0.1
4898,2616,17,1,0.0
4899,2616,37,1,0.1
4900,2616,1,2,0.0
4901,2616,94,2,0.0
4902,2616,74,1,0.0
4903,2617,85,1,0.0
4904,2617,45,1,0.05
4905,2618,78,2,0.02
4906,2618,54,2,0.1
4907,2618,92,2,0.05
4908,2619,8,1,0.02
4909,2619,77,1,0.0
4910,2620,66,1,0.05
4911,2621,21,1,0.02
4912,2622,35,2,0.05
4913,2623,4,2,0.1
4914,2623,18,1,0.1
4915,2623,63,1,0.05
4916,2623,69,3,0.05
4917,2624,3,1,0.15
4918,2625,77,1,0.0
4919,2625,27,1,0.1
4920,2626,13,1,0.15
4921,2626,38,1,0.02
4922,2627,30,2,0.0
4923,2627,62,1,0.0
4924,2627,76,1,0.02
4925,2628,88,1,0.1
4926,2628,81,1,0.0
4927,2629,47,1,0.05
4928,2630,80,1,0.0
4929,2631,66,1,0.05
4930,2632,56,1,0.0
4931,2633,6,1,0.0
4932,2634,53,3,0.0
4933,2634,60,2,0.0
4934,2634,6,1,0.15
4935,2635,19,1,0.05
4936,2636,13,1,0.02
4937,2636,95,1,0.0
4938,2637,31,1,0.0
4939,2637,3,2,0.05
4940,2637,8,2,0.0
4941,2637,53,3,0.0
4942,2638,68,1,0.0
4943,2638,26,1,0.05
4944,2639,77,2,0.1
4945,2640,92,2,0.0
4946,2640,43,1,0.0
4947,2640,78,1,0.0
4948,2641,25,1,0.05
4949,2641,82,1,0.0
4950,2642,28,1,0.02
4951,2642,72,3,0.02
4952,2642,23,1,0.0
4953,2643,31,3,0.0
4954,2644,12,1,0.05
4955,2644,46,3,0.1
4956,2645,70,1,0.1
4957,2645,59,2,0.0
4958,2646,14,1,0.0
4959,2646,6,1,0.0
4960,2646,5,2,0.0
4961,2647,7,1,0.15
4962,2648,9,3,0.0
4963,2648,12,2,0.02
4964,2648,59,1,0.0
4965,2648,29,1,0.1
4966,2649,4,2,0.0
4967,2649,37,1,0.0
4968,2650,10,2,0.02
4969,2650,65,1,0.0
4970,2651,2,2,0.0
4971,2652,71,1,0.0
4972,2652,61,2,0.0
4973,2653,29,2,0.0
4974,2653,47,1,0.0
4975,2654,52,1,0.0
4976,2654,9,1,0.0
4977,2654,85,1,0.0
4978,2655,67,1,0.0
4979,2656,48,3,0.0
4980,2656,53,1,0.05
4981,2656,90,4,0.0
4982,2656,80,3,0.02
4983,2657,36,2,0.05
4984,2657,3,2,0.02
4985,2657,33,2,0.02
4986,2657,41,2,0.0
4987,2657,57,3,0.0
4988,2658,89,1,0.02
4989,2658,50,1,0.0
4990,2658,52,1,0.0
4991,2659,79,1,0.0
4992,2660,48,1,0.0
4993,2660,77,1,0.05
4994,2660,9,1,0.02
4995,2661,76,1,0.1
4996,2661,44,1,0.15
4997,2661,28,2,0.05
4998,2662,12,1,0.05
4999,2663,65,2,0.1
5000,2663,67,1,0.05
5001,2664,55,2,0.0
5002,2665,13,1,0.0
5003,2665,58,1,0.0
5004,2666,25,2,0.0
5005,2666,21,1,0.02
5006,2666,16,1,0.05
5007,2667,6,2,0.15
5008,2667,89,2,0.0
5009,2668,7,3,0.15
5010,2669,11,1,0.1
5011,2670,82,1,0.0
5012,2670,55,1,0.05
5013,2671,85,2,0.15
5014,2672,37,3,0.05
5015,2672,25,2,0.05
5016,2673,58,1,0.05
5017,2674,53,1,0.05
5018,2674,92,2,0.0
5019,2675,62,1,0.05
5020,2675,41,1,0.05
5021,2675,8,1,0.02
5022,2676,80,1,0.05
5023,2676,38,1,0.02
5024,2677,16,2,0.0
5025,2678,43,1,0.0
5026,2679,85,1,0.1
5027,2679,21,3,0.0
5028,2680,86,1,0.02
5029,2680,55,1,0.02
5030,2680,95,1,0.15
5031,2681,66,2,0.0
5032,2681,88,2,0.0
5033,2682,8,1,0.0
5034,2682,74,1,0.0
5035,2682,49,2,0.02
5036,2682,93,2,0.02
5037,2683,80,3,0.02
5038,2684,81,1,0.0
5039,2685,42,1,0.1
5040,2685,90,1,0.0
5041,2686,84,2,0.0
5042,2687,54,1,0.1
5043,2687,95,2,0.05
5044,2688,26,1,0.0
5045,2689,1,2,0.1
5046,2690,41,1,0.0
5047,2691,36,2,0.1
5048,2692,6,1,0.02
5049,2692,71,2,0.05
5050,2692,66,2,0.1
5051,2693,60,1,0.0
5052,2694,8,2,0.02
5053,2694,6,1,0.1
5054,2694,27,1,0.0
5055,2695,20,1,0.02
5056,2696,56,1,0.05
5057,2697,34,2,0.0
5058,2697,91,1,0.0
5059,2697,17,3,0.0
5060,2697,24,1,0.05
5061,2697,21,1,0.05
5062,2698,53,1,0.02
5063,2698,62,1,0.0
5064,2699,20,3,0.0
5065,2700,57,1,0.02
5066,2701,89,1,0.0
5067,2702,86,1,0.05
5068,2703,94,1,0.1
5069,2703,27,1,0.0
5070,2703,76,2,0.05
5071,2703,16,1,0.0
5072,2704,87,2,0.0
5073,2704,40,1,0.02
5074,2704,91,1,0.0
5075,2704,28,1,0.05
5076,2704,84,1,0.02
5077,2705,75,1,0.15
5078,2706,92,1,0.0
5079,2706,37,3,0.0
5080,2707,96,3,0.02
5081,2708,4,2,0.0
5082,2709,37,1,0.02
5083,2709,6,1,0.05
5084,2709,65,2,0.0
5085,2709,15,1,0.0
5086,2710,61,1,0.05
5087,2710,62,1,0.05
5088,2711,54,2,0.05
5089,2711,95,1,0.0
5090,2712,1,1,0.0
5091,2712,76,2,0.0
5092,2712,55,2,0.0
5093,2713,12,1,0.0
5094,2713,77,2,0.05
5095,2713,78,1,0.05
5096,2714,47,3,0.1
5097,2714,85,2,0.1
5098,2714,75,2,0.02
5099,2714,53,1,0.0
5100,2715,44,1,0.0
5101,2715,64,2,0.02
5102,2715,49,3,0.0
5103,2716,37,1,0.15
5104,2717,72,2,0.0
5105,2718,33,1,0.1
5106,2719,4,1,0.0
5107,2720,71,1,0.05
5108,2721,32,1,0.0
5109,2721,44,1,0.1
5110,2722,40,1,0.0
5111,2723,21,1,0.05
5112,2723,42,3,0.05
5113,2724,92,1,0.0
5114,2724,60,2,0.0
5115,2725,58,1,0.1
5116,2725,25,1,0.0
5117,2725,20,1,0.02
5118,2725,43,1,0.0
5119,2726,59,1,0.05
5120,2727,74,3,0.0
5121,2728,76,1,0.0
5122,2728,52,1,0.0
5123,2728,60,1,0.0
5124,2729,5,1,0.02
5125,2729,39,1,0.02
5126,2730,82,2,0.0
5127,2730,29,1,0.0
5128,2731,15,1,0.02
5129,2731,79,1,0.0
5130,2732,63,1,0.05
5131,2732,6,1,0.15
5132,2732,10,1,0.0
5133,2732,82,3,0.02
5134,2732,48,2,0.0
5135,2733,31,1,0.0
5136,2734,67,1,0.0
5137,2734,43,1,0.0
5138,2735,92,1,0.02
5139,2736,85,3,0.1
5140,2736,65,4,0.0
5141,2736,13,1,0.0
5142,2737,35,3,0.0
5143,2737,81,1,0.0
5144,2737,4,1,0.0
5145,2738,3,4,0.1
5146,2738,4,3,0.0
5147,2738,32,3,0.05
5148,2739,22,1,0.0
5149,2740,48,1,0.1
5150,2740,75,1,0.15
5151,2740,58,1,0.0
5152,2741,34,1,0.0
5153,2741,11,4,0.0
5154,2741,69,1,0.05
5155,2742,38,3,0.05
5156,2742,40,1,0.0
5157,2742,2,2,0.02
5158,2742,48,2,0.05
5159,2743,35,2,0.0
5160,2744,36,2,0.02
5161,2745,13,2,0.02
5162,2746,45,1,0.02
5163,2746,21,1,0.05
5164,2747,64,3,0.0
5165,2747,53,1,0.0
5166,2747,12,2,0.0
5167,2748,51,1,0.0
5168,2749,16,1,0.05
5169,2749,7,2,0.0
5170,2750,60,1,0.05
5171,2750,19,2,0.0
5172,2750,22,1,0.1
5173,2751,26,2,0.0
5174,2751,70,2,0.02
5175,2752,90,1,0.1
5176,2752,19,1,0.05
5177,2753,14,1,0.0
5178,2754,45,1,0.0
5179,2755,9,2,0.0
5180,2755,27,2,0.02
5181,2756,4,1,0.0
5182,2756,77,1,0.05
5183,2757,14,4,0.0
5184,2758,51,2,0.1
5185,2759,13,1,0.1
5186,2759,32,3,0.0
5187,2759,59,1,0.0
5188,2759,91,2,0.1
5189,2760,27,1,0.0
5190,2761,62,3,0.02
5191,2761,72,1,0.15
5192,2762,93,1,0.0
5193,2763,3,1,0.15
5194,2763,70,2,0.0
5195,2764,22,1,0.05
5196,2765,30,1,0.05
5197,2765,34,1,0.0
5198,2766,88,1,0.02
5199,2766,93,1,0.0
5200,2766,45,1,0.0
5201,2767,11,1,0.02
5202,2767,79,4,0.0
5203,2768,30,2,0.0
5204,2769,57,1,0.0
5205,2770,4,2,0.02
5206,2770,53,3,0.02
5207,2770,23,1,0.1
5208,2771,7,1,0.0
5209,2771,10,1,0.05
5210,2771,16,1,0.1
5211,2771,60,1,0.1
5212,2772,52,1,0.0
5213,2772,32,1,0.05
5214,2773,86,2,0.02
5215,2773,50,2,0.1
5216,2774,68,1,0.0
5217,2775,2,3,0.02
5218,2775,80,1,0.0
5219,2776,45,1,0.05
5220,2777,16,1,0.0
5221,2778,59,2,0.1
5222,2778,35,2,0.02
5223,2778,16,1,0.0
5224,2779,34,3,0.0
5225,2780,27,4,0.1
5226,2781,28,1,0.0
5227,2781,54,2,0.0
5228,2781,4,1,0.1
5229,2782,86,1,0.05
5230,2783,69,3,0.15
5231,2784,40,1,0.1
5232,2784,15,1,0.05
5233,2785,74,1,0.0
5234,2786,77,1,0.05
5235,2786,44,1,0.0
5236,2787,83,2,0.0
5237,2787,26,1,0.05
5238,2787,52,1,0.0
5239,2787,85,3,0.1
5240,2788,78,1,0.02
5241,2789,39,1,0.05
5242,2789,73,1,0.0
5243,2789,25,1,0.0
5244,2789,50,1,0.05
5245,2790,41,1,0.0
5246,2791,49,1,0.02
5247,2791,65,2,0.02
5248,2792,59,2,0.0
5249,2793,52,2,0.02
5250,2794,53,1,0.0
5251,2795,26,1,0.15
5252,2796,91,1,0.0
5253,2797,68,1,0.0
5254,2797,32,2,0.0
5255,2798,91,3,0.0
5256,2799,30,1,0.05
5257,2800,44,1,0.02
5258,2801,70,1,0.0
5259,2802,69,2,0.1
5260,2802,9,1,0.0
5261,2803,91,2,0.05
5262,2804,50,3,0.0
5263,2804,65,1,0.15
5264,2805,7,2,0.0
5265,2805,67,1,0.02
5266,2806,87,3,0.0
5267,2807,53,3,0.0
5268,2807,91,1,0.0
5269,2807,15,1,0.0
5270,2808,46,2,0.0
5271,2808,72,2,0.0
5272,2809,35,1,0.05
5273,2809,41,1,0.02
5274,2809,1,2,0.02
5275,2810,32,2,0.0
5276,2811,67,1,0.0
5277,2811,45,1,0.0
5278,2812,89,1,0.0
5279,2813,57,1,0.0
5280,2813,86,2,0.05
5281,2814,14,2,0.0
5282,2814,77,1,0.0
5283,2814,35,3,0.05
5284,2815,79,3,0.05
5285,2816,83,2,0.0
5286,2817,49,1,0.0
5287,2817,23,4,0.0
5288,2818,96,1,0.0
5289,2819,51,1,0.0
5290,2820,37,1,0.05
5291,2820,29,1,0.02
5292,2821,5,1,0.0
5293,2822,7,1,0.05
5294,2823,92,1,0.02
5295,2824,1,1,0.0
5296,2824,26,1,0.05
5297,2824,77,1,0.0
5298,2825,20,2,0.05
5299,2825,89,3,0.15
5300,2825,58,1,0.02
5301,2826,33,4,0.05
5302,2827,90,1,0.0
5303,2827,38,3,0.02
5304,2828,8,3,0.15
5305,2829,60,2,0.0
5306,2829,54,1,0.0
5307,2830,78,1,0.0
5308,2830,3,1,0.0
5309,2830,95,1,0.0
5310,2830,20,1,0.15
5311,2831,15,4,0.05
5312,2831,51,2,0.0
5313,2832,18,1,0.1
5314,2832,44,2,0.0
5315,2833,29,1,0.02
5316,2833,15,1,0.0
5317,2834,27,1,0.0
5318,2834,10,2,0.0
5319,2834,81,1,0.0
5320,2835,21,1,0.0
5321,2835,48,2,0.0
5322,2836,81,1,0.0
5323,2837,69,1,0.05
5324,2838,29,1,0.02
5325,2839,51,1,0.0
5326,2840,28,2,0.0
5327,2841,86,1,0.0
5328,2842,48,1,0.0
5329,2842,72,2,0.0
5330,2843,12,1,0.05
5331,2844,65,1,0.0
5332,2844,43,1,0.05
5333,2845,58,2,0.02
5334,2846,35,1,0.05
5335,2847,50,3,0.15
5336,2848,84,1,0.0
5337,2849,21,2,0.05
5338,2849,50,1,0.0
5339,2850,5,2,0.0
5340,2850,27,1,0.0
5341,2851,23,1,0.0
5342,2851,85,1,0.0
5343,2851,44,2,0.0
5344,2852,42,2,0.1
5345,2853,71,1,0.0
5346,2853,50,1,0.0
5347,2854,96,2,0.0
5348,2854,1,1,0.1
5349,2854,49,3,0.02
5350,2854,78,2,0.0
5351,2854,40,1,0.0
5352,2855,96,1,0.05
5353,2855,61,2,0.15
5354,2856,13,1,0.02
5355,2856,10,1,0.0
5356,2857,74,1,0.0
5357,2857,33,2,0.05
5358,2858,54,4,0.0
5359,2858,71,1,0.1
5360,2859,10,1,0.05
5361,2859,56,1,0.0
5362,2859,45,3,0.0
5363,2860,5,1,0.02
5364,2861,14,2,0.05
5365,2862,29,1,0.1
5366,2863,55,3,0.05
5367,2864,61,1,0.0
5368,2865,12,1,0.0
5369,2866,81,1,0.0
5370,2867,86,1,0.0
5371,2868,93,1,0.05
5372,2868,77,2,0.05
5373,2869,8,1,0.02
5374,2869,57,2,0.02
5375,2870,59,1,0.05
5376,2870,39,3,0.05
5377,2871,37,1,0.0
5378,2872,74,2,0.05
5379,2873,26,1,0.0
5380,2873,77,1,0.0
5381,2874,30,1,0.05
5382,2874,24,1,0.0
5383,2875,52,1,0.0
5384,2875,55,3,0.0
5385,2875,11,2,0.05
5386,2876,43,2,0.0
5387,2876,92,1,0.1
5388,2876,96,1,0.0
5389,2877,53,2,0.1
5390,2877,26,2,0.0
5391,2877,39,1,0.0
5392,2877,33,1,0.0
5393,2878,79,1,0.0
5394,2879,81,2,0.05
5395,2879,12,1,0.02
5396,2880,93,2,0.05
5397,2880,73,1,0.0
5398,2880,7,2,0.0
5399,2881,79,2,0.05
5400,2882,73,3,0.02
5401,2882,92,3,0.05
5402,2883,95,1,0.0
5403,2883,55,2,0.0
5404,2883,91,1,0.0
5405,2884,90,1,0.05
5406,2885,90,1,0.0
5407,2885,89,1,0.05
5408,2885,55,1,0.0
5409,2886,93,1,0.0
5410,2886,5,2,0.02
5411,2886,52,1,0.05
5412,2886,63,1,0.02
5413,2886,14,2,0.02
5414,2887,24,1,0.15
5415,2888,76,1,0.02
5416,2888,5,2,0.15
5417,2888,55,1,0.15
5418,2889,38,1,0.15
5419,2889,9,1,0.05
5420,2889,83,2,0.05
5421,2889,82,1,0.0
5422,2890,70,1,0.0
5423,2891,87,3,0.0
5424,2891,28,1,0.0
5425,2892,39,1,0.05
5426,2892,62,1,0.1
5427,2893,14,1,0.0
5428,2894,51,2,0.1
5429,2894,65,1,0.0
5430,2894,10,2,0.15
5431,2895,77,1,0.1
5432,2896,93,1,0.0
5433,2896,80,3,0.02
5434,2896,3,1,0.0
5435,2897,33,1,0.02
5436,2898,86,1,0.0
5437,2899,82,2,0.0
5438,2900,12,1,0.1
5439,2900,69,2,0.02
5440,2900,60,2,0.05
5441,2901,20,1,0.05
5442,2901,95,2,0.02
5443,2902,71,1,0.02
5444,2902,51,3,0.02
5445,2903,52,2,0.05
5446,2904,24,1,0.0
5447,2905,95,1,0.15
5448,2906,40,1,0.02
5449,2906,33,1,0.0
5450,2907,94,1,0.0
5451,2908,61,1,0.02
5452,2908,5,1,0.02
5453,2908,45,4,0.05
5454,2909,22,1,0.0
5455,2909,60,1,0.15
5456,2910,50,3,0.1
5457,2911,18,1,0.0
5458,2912,20,2,0.0
5459,2912,38,1,0.0
5460,2912,49,1,0.0
5461,2912,52,1,0.0
5462,2913,72,1,0.02
5463,2913,51,2,0.02
5464,2914,17,3,0.0
5465,2915,66,1,0.0
5466,2915,32,1,0.0
5467,2916,72,1,0.0
5468,2917,71,1,0.02
5469,2918,94,1,0.05
5470,2918,14,3,0.1
5471,2919,82,1,0.02
5472,2919,59,2,0.05
5473,2919,16,3,0.02
5474,2920,35,1,0.05
5475,2920,26,1,0.05
5476,2921,8,2,0.0
5477,2921,63,1,0.15
5478,2921,68,1,0.05
5479,2922,31,2,0.0
5480,2923,4,1,0.0
5481,2924,19,1,0.05
5482,2924,59,1,0.0
5483,2925,58,2,0.02
5484,2925,3,1,0.15
5485,2925,93,1,0.02
5486,2925,42,1,0.0
5487,2926,60,2,0.05
5488,2927,29,1,0.0
5489,2928,93,1,0.05
5490,2928,17,2,0.0
5491,2928,2,1,0.02
5492,2929,25,4,0.0
5493,2930,91,3,0.0
5494,2931,84,1,0.02
5495,2932,68,1,0.0
5496,2933,44,1,0.1
5497,2933,79,2,0.02
5498,2934,25,1,0.0
5499,2934,65,1,0.02
5500,2934,81,1,0.05
5501,2934,47,2,0.02
5502,2934,23,2,0.02
5503,2935,5,1,0.05
5504,2936,51,1,0.0
5505,2936,42,1,0.05
5506,2937,70,2,0.05
5507,2937,19,1,0.0
5508,2937,76,1,0.0
5509,2937,77,3,0.0
5510,2938,2,1,0.15
5511,2938,79,2,0.0
5512,2939,80,3,0.0
5513,2940,36,1,0.0
5514,2941,12,2,0.1
5515,2942,63,2,0.0
5516,2943,87,1,0.0
5517,2944,69,1,0.0
5518,2945,18,1,0.0
5519,2945,31,1,0.02
5520,2946,39,2,0.0
5521,2946,62,2,0.02
5522,2946,13,3,0.0
5523,2946,82,3,0.0
5524,2947,39,1,0.05
5525,2947,30,2,0.0
5526,2947,44,1,0.05
5527,2948,38,1,0.02
5528,2948,73,1,0.02
5529,2949,75,1,0.0
5530,2950,69,2,0.05
5531,2951,54,1,0.02
5532,2951,43,2,0.05
5533,2952,66,1,0.15
5534,2953,42,2,0.0
5535,2954,73,2,0.0
5536,2955,89,3,0.0
5537,2956,37,2,0.02
5538,2957,48,1,0.0
5539,2958,5,1,0.02
5540,2958,18,1,0.0
5541,2958,27,1,0.05
5542,2959,10,3,0.02
5543,2959,63,1,0.0
5544,2959,74,1,0.0
5545,2960,24,1,0.0
5546,2961,19,2,0.0
5547,2961,6,1,0.15
5548,2961,85,1,0.1
5549,2961,94,1,0.05
5550,2961,20,2,0.1
5551,2962,30,1,0.05
5552,2963,57,1,0.1
5553,2963,81,1,0.0
5554,2964,76,1,0.02
5555,2965,55,1,0.0
5556,2965,24,1,0.05
5557,2965,79,1,0.02
5558,2966,19,3,0.05
5559,2966,94,4,0.1
5560,2967,36,1,0.02
5561,2967,88,1,0.0
5562,2967,45,1,0.0
5563,2968,79,1,0.02
5564,2968,64,1,0.0
5565,2969,35,3,0.0
5566,2969,43,1,0.15
5567,2970,56,1,0.02
5568,2970,44,1,0.05
5569,2971,69,1,0.1
5570,2972,83,1,0.05
5571,2972,11,4,0.0
5572,2973,78,1,0.15
5573,2974,54,1,0.05
5574,2975,75,1,0.02
5575,2975,71,2,0.0
5576,2975,1,1,0.1
5577,2976,5,1,0.02
5578,2976,95,1,0.05
5579,2976,20,3,0.0
5580,2977,11,1,0.1
5581,2978,7,1,0.0
5582,2978,96,1,0.0
5583,2979,44,1,0.05
5584,2979,64,1,0.05
5585,2980,78,4,0.0
5586,2980,47,1,0.0
5587,2981,52,1,0.02
5588,2981,53,1,0.0
5589,2982,59,1,0.02
5590,2982,15,3,0.02
5591,2982,24,1,0.0
5592,2982,72,1,0.0
5593,2983,81,2,0.02
5594,2984,29,1,0.05
5595,2984,67,1,0.0
5596,2985,83,1,0.0
5597,2985,19,1,0.0
5598,2986,77,3,0.05
5599,2986,36,2,0.0
5600,2987,49,1,0.0
5601,2988,70,1,0.05
5602,2989,45,1,0.02
5603,2990,17,1,0.0
5604,2991,59,1,0.0
5605,2991,26,1,0.15
5606,2991,60,2,0.05
5607,2992,80,1,0.0
5608,2992,62,1,0.15
5609,2992,55,2,0.1
5610,2992,58,2,0.0
5611,2993,16,1,0.0
5612,2993,8,1,0.05
5613,2993,75,3,0.05
5614,2993,14,1,0.02
5615,2993,32,2,0.02
5616,2994,11,1,0.05
5617,2995,60,3,0.02
5618,2995,3,2,0.0
5619,2996,34,2,0.0
5620,2996,57,1,0.0
5621,2996,79,1,0.0
5622,2996,66,2,0.0
5623,2997,3,1,0.02
5624,2998,91,1,0.15
5625,2999,32,3,0.05
5626,2999,17,1,0.02
5627,2999,33,2,0.05
5628,3000,58,1,0.0
5629,3000,86,1,0.0
5630,3001,28,2,0.0
5631,3001,2,1,0.02
5632,3002,74,1,0.0
5633,3003,31,2,0.02
5634,3003,86,1,0.05
5635,3004,59,1,0.02
5636,3005,73,1,0.0
5637,3006,51,2,0.05
5638,3006,41,2,0.15
5639,3007,5,2,0.0
5640,3007,15,2,0.05
5641,3008,96,1,0.02
5642,3009,96,1,0.0
5643,3009,8,3,0.0
5644,3010,13,3,0.05
5645,3011,69,1,0.1
5646,3011,8,1,0.05
5647,3012,79,3,0.02
5648,3012,57,3,0.05
5649,3013,74,1,0.05
5650,3014,3,2,0.05
5651,3014,32,1,0.02
5652,3014,23,1,0.02
5653,3015,11,2,0.0
5654,3016,4,1,0.0
5655,3016,64,1,0.05
5656,3017,22,1,0.0
5657,3018,9,1,0.05
5658,3018,81,1,0.05
5659,3019,7,2,0.0
5660,3019,43,1,0.0
5661,3020,38,1,0.0
5662,3020,80,1,0.05
5663,3021,40,2,0.05
5664,3022,84,1,0.02
5665,3022,87,1,0.0
5666,3023,56,2,0.0
5667,3024,92,1,0.0
5668,3024,28,2,0.0
5669,3025,53,2,0.0
5670,3025,26,2,0.0
5671,3025,6,2,0.0
5672,3025,12,1,0.0
5673,3026,87,1,0.05
5674,3026,21,1,0.0
5675,3026,47,3,0.0
5676,3026,4,1,0.05
5677,3027,19,1,0.0
5678,3027,5,1,0.02
5679,3028,75,1,0.15
5680,3028,20,2,0.0
5681,3029,68,1,0.0
5682,3030,2,2,0.02
5683,3030,49,3,0.0
5684,3031,23,1,0.1
5685,3032,56,1,0.0
5686,3032,31,2,0.05
5687,3032,13,1,0.0
5688,3033,9,1,0.1
5689,3034,91,1,0.1
5690,3035,54,1,0.0
5691,3035,77,1,0.02
5692,3035,67,1,0.1
5693,3035,59,1,0.1
5694,3035,44,1,0.05
5695,3036,73,1,0.02
5696,3037,14,1,0.0
5697,3038,81,1,0.05
5698,3038,34,2,0.05
5699,3039,40,4,0.02
5700,3039,23,2,0.1
5701,3039,63,2,0.1
5702,3040,19,1,0.02
5703,3040,14,1,0.0
5704,3040,78,1,0.0
5705,3041,3,1,0.0
5706,3041,33,1,0.15
5707,3042,16,1,0.02
5708,3042,29,1,0.05
5709,3042,65,1,0.05
5710,3043,3,1,0.02
5711,3043,80,1,0.02
5712,3043,6,1,0.0
5713,3044,7,1,0.15
5714,3044,76,2,0.15
5715,3044,56,3,0.0
5716,3044,50,1,0.0
5717,3044,77,1,0.0
5718,3045,10,2,0.02
5719,3046,41,2,0.02
5720,3046,18,1,0.0
5721,3046,14,1,0.15
5722,3046,92,1,0.15
5723,3047,21,1,0.0
5724,3047,66,2,0.02
5725,3047,10,2,0.0
5726,3048,33,2,0.05
5727,3049,66,1,0.05
5728,3050,2,1,0.0
5729,3050,8,1,0.0
5730,3051,27,1,0.05
5731,3051,21,1,0.0
5732,3051,32,2,0.0
5733,3051,95,1,0.05
5734,3052,85,2,0.0
5735,3052,78,1,0.0
5736,3052,88,3,0.0
5737,3053,66,3,0.02
5738,3054,68,1,0.02
5739,3055,25,3,0.1
5740,3056,5,2,0.02
5741,3057,92,1,0.0
5742,3058,35,1,0.05
5743,3059,96,1,0.0
5744,3059,89,1,0.05
5745,3060,29,2,0.1
5746,3060,46,1,0.0
5747,3061,14,1,0.02
5748,3061,82,1,0.05
5749,3061,4,1,0.0
5750,3061,65,2,0.05
5751,3062,57,1,0.0
5752,3063,73,2,0.0
5753,3063,70,1,0.02
5754,3064,56,2,0.0
5755,3064,11,1,0.0
5756,3064,7,1,0.05
5757,3064,74,1,0.1
5758,3064,39,3,0.05
5759,3065,34,1,0.0
5760,3066,80,2,0.02
5761,3067,91,2,0.0
5762,3067,85,3,0.0
5763,3067,77,3,0.0
5764,3068,78,1,0.0
5765,3069,80,1,0.0
5766,3070,5,1,0.05
5767,3070,69,1,0.05
5768,3070,75,3,0.02
5769,3070,74,1,0.05
5770,3071,78,1,0.02
5771,3072,30,1,0.0
5772,3073,23,1,0.05
5773,3073,92,1,0.0
5774,3073,83,3,0.05
5775,3074,76,2,0.0
5776,3074,39,2,0.0
5777,3075,18,1,0.1
5778,3076,16,1,0.02
5779,3076,32,1,0.15
5780,3077,81,1,0.0
5781,3077,91,1,0.0
5782,3077,30,3,0.0
5783,3077,5,1,0.0
5784,3077,69,1,0.0
5785,3078,65,2,0.02
5786,3079,7,4,0.05
5787,3080,93,2,0.05
5788,3080,95,1,0.1
5789,3080,65,2,0.02
5790,3080,31,1,0.1
5791,3081,36,1,0.05
5792,3081,16,2,0.02
5793,3081,71,1,0.0
5794,3081,74,2,0.02
5795,3082,82,2,0.15
5796,3083,51,3,0.0
5797,3083,72,2,0.02
5798,3084,45,2,0.1
5799,3084,72,1,0.0
5800,3085,50,2,0.0
5801,3085,55,1,0.1
5802,3085,25,1,0.05
5803,3085,14,2,0.0
5804,3086,86,1,0.02
5805,3086,13,1,0.05
5806,3086,93,2,0.02
5807,3087,78,2,0.0
5808,3088,71,1,0.0
5809,3089,15,1,0.0
5810,3089,59,1,0.0
5811,3090,38,1,0.0
5812,3090,29,1,0.05
5813,3090,56,2,0.0
5814,3091,63,2,0.0
5815,3091,95,1,0.0
5816,3092,6,2,0.0
5817,3092,60,1,0.0
5818,3093,75,1,0.0
5819,3093,32,2,0.02
5820,3094,48,1,0.02
5821,3095,47,2,0.0
5822,3096,55,1,0.1
5823,3097,77,1,0.02
5824,3098,56,3,0.1
5825,3099,19,1,0.0
5826,3100,36,4,0.0
5827,3101,30,1,0.0
5828,3101,10,3,0.1
5829,3102,34,1,0.0
5830,3102,15,4,0.0
5831,3103,96,2,0.02
5832,3104,92,1,0.02
5833,3105,60,1,0.05
5834,3105,95,2,0.1
5835,3106,79,2,0.0
5836,3106,94,2,0.02
5837,3107,39,1,0.02
5838,3108,23,2,0.0
5839,3109,65,1,0.0
5840,3109,21,1,0.0
5841,3110,59,1,0.0
5842,3110,81,1,0.02
5843,3111,47,1,0.02
5844,3112,92,1,0.05
5845,3112,86,1,0.0
5846,3113,71,3,0.0
5847,3113,82,3,0.05
5848,3113,48,1,0.0
5849,3113,46,3,0.1
5850,3113,6,3,0.02
5851,3114,17,3,0.0
5852,3115,78,1,0.05
5853,3116,88,2,0.0
5854,3116,67,3,0.05
5855,3116,20,1,0.05
5856,3116,65,2,0.05
5857,3116,47,3,0.15
5858,3117,35,4,0.1
5859,3118,72,2,0.0
5860,3118,90,1,0.02
5861,3119,94,2,0.02
5862,3120,67,2,0.1
5863,3121,36,1,0.02
5864,3122,14,1,0.05
5865,3122,19,2,0.0
5866,3122,8,1,0.0
5867,3123,15,1,0.05
5868,3123,52,1,0.05
5869,3124,37,2,0.0
5870,3124,16,1,0.0
5871,3124,27,1,0.0
5872,3125,45,1,0.02
5873,3126,30,1,0.05
5874,3126,22,1,0.05
5875,3126,76,2,0.0
5876,3127,6,1,0.0
5877,3127,7,1,0.0
5878,3127,58,3,0.15
5879,3127,13,1,0.05
5880,3127,76,2,0.05
5881,3128,41,1,0.02
5882,3129,27,2,0.02
5883,3130,90,2,0.1
5884,3130,94,1,0.0
5885,3131,18,2,0.0
5886,3131,62,3,0.02
5887,3131,75,2,0.02
5888,3132,29,1,0.0
5889,3132,61,1,0.0
5890,3132,40,1,0.1
5891,3132,34,1,0.0
5892,3133,59,1,0.0
5893,3133,71,2,0.0
5894,3133,74,3,0.0
5895,3134,58,2,0.0
5896,3135,84,2,0.05
5897,3135,1,3,0.1
5898,3136,23,1,0.0
5899,3137,76,1,0.0
5900,3138,45,1,0.0
5901,3138,95,1,0.0
5902,3138,2,1,0.0
5903,3139,22,1,0.02
5904,3139,80,2,0.05
5905,3139,41,2,0.02
5906,3139,75,2,0.02
5907,3140,22,2,0.1
5908,3140,83,1,0.0
5909,3140,44,2,0.02
5910,3141,84,1,0.05
5911,3142,68,3,0.0
5912,3142,37,2,0.05
5913,3143,59,1,0.15
5914,3143,12,1,0.0
5915,3144,85,1,0.0
5916,3144,29,1,0.0
5917,3144,37,1,0.02
5918,3145,29,1,0.0
5919,3146,33,1,0.05
5920,3146,82,1,0.05
5921,3147,90,1,0.0
5922,3148,10,3,0.02
5923,3148,58,1,0.02
5924,3149,91,1,0.0
5925,3149,89,2,0.05
5926,3149,29,1,0.0
5927,3149,57,1,0.05
5928,3150,64,4,0.02
5929,3151,92,1,0.02
5930,3152,31,1,0.05
5931,3152,27,1,0.0
5932,3152,83,1,0.0
5933,3152,73,3,0.0
5934,3153,9,4,0.0
5935,3154,22,1,0.0
5936,3154,15,1,0.0
5937,3155,89,2,0.05
5938,3156,33,1,0.05
5939,3157,85,3,0.0
5940,3158,74,3,0.02
5941,3158,89,2,0.0
5942,3158,8,2,0.05
5943,3159,80,1,0.05
5944,3160,85,1,0.0
5945,3161,19,1,0.02
5946,3162,94,1,0.05
5947,3162,7,1,0.0
5948,3162,15,1,0.02
5949,3162,66,1,0.0
5950,3162,86,2,0.0
5951,3163,36,1,0.0
5952,3163,64,1,0.0
5953,3163,47,1,0.15
5954,3163,68,1,0.0
5955,3164,71,1,0.02
5956,3165,61,2,0.0
5957,3166,95,1,0.0
5958,3167,63,1,0.02
5959,3167,17,1,0.02
5960,3167,96,1,0.02
5961,3167,14,1,0.05
5962,3168,62,1,0.1
5963,3168,46,3,0.02
5964,3168,51,1,0.02
5965,3169,86,2,0.05
5966,3170,95,3,0.0
5967,3170,42,1,0.0
5968,3171,25,1,0.02
5969,3171,34,1,0.0
5970,3171,65,1,0.0
5971,3171,86,2,0.15
5972,3172,49,2,0.0
5973,3173,2,1,0.05
5974,3173,72,4,0.05
5975,3173,38,1,0.0
5976,3174,69,1,0.0
5977,3174,56,2,0.05
5978,3175,15,1,0.05
5979,3176,76,1,0.02
5980,3176,61,3,0.0
5981,3177,31,2,0.05
5982,3178,64,1,0.1
5983,3178,90,1,0.0
5984,3179,79,1,0.05
5985,3179,84,1,0.0
5986,3180,58,3,0.02
5987,3180,6,1,0.0
5988,3181,68,1,0.02
5989,3181,24,2,0.0
5990,3181,29,1,0.05
5991,3182,85,3,0.0
5992,3183,9,1,0.0
5993,3184,66,1,0.0
5994,3185,53,4,0.0
5995,3185,50,1,0.15
5996,3185,40,2,0.0
5997,3186,60,1,0.05
5998,3187,80,1,0.02
5999,3188,37,1,0.0
6000,3189,93,1,0.0
6001,3190,82,2,0.15
6002,3191,21,1,0.0
6003,3192,76,3,0.05
6004,3192,60,1,0.1
6005,3192,30,2,0.0
6006,3193,5,1,0.02
6007,3193,58,1,0.05
6008,3194,62,2,0.1
6009,3194,89,1,0.0
6010,3195,91,1,0.0
6011,3196,56,1,0.1
6012,3197,70,1,0.02
6013,3198,95,1,0.1
6014,3198,76,1,0.0
6015,3198,59,1,0.0
6016,3198,57,2,0.02
6017,3199,83,1,0.05
6018,3199,77,2,0.02
6019,3199,14,2,0.0
6020,3200,56,1,0.1
6021,3200,69,2,0.15
6022,3201,56,1,0.02
6023,3201,67,1,0.15
6024,3202,37,2,0.1
6025,3202,5,3,0.02
6026,3203,16,2,0.0
6027,3203,54,1,0.02
6028,3204,51,2,0.05
6029,3205,58,3,0.0
6030,3205,75,1,0.0
6031,3206,94,1,0.05
6032,3206,1,2,0.15
6033,3206,65,1,0.0
6034,3207,77,1,0.0
6035,3207,74,1,0.05
6036,3208,76,1,0.05
6037,3208,12,2,0.15
6038,3209,69,1,0.0
6039,3210,51,1,0.0
6040,3210,65,1,0.0
6041,3210,77,1,0.02
6042,3211,96,1,0.02
6043,3212,34,2,0.05
6044,3213,54,1,0.0
6045,3214,84,2,0.05
6046,3215,72,1,0.15
6047,3216,38,3,0.0
6048,3216,46,1,0.05
6049,3216,12,1,0.02
6050,3217,49,1,0.0
6051,3218,26,1,0.02
6052,3218,85,1,0.1
6053,3219,96,2,0.15
6054,3219,24,1,0.05
6055,3220,62,2,0.0
6056,3220,64,1,0.15
6057,3220,40,1,0.0
6058,3221,9,1,0.05
6059,3222,46,2,0.0
6060,3222,70,1,0.0
6061,3222,90,2,0.0
6062,3223,91,1,0.0
6063,3223,68,1,0.0
6064,3224,15,1,0.0
6065,3224,49,1,0.05
6066,3224,9,1,0.05
6067,3225,35,1,0.0
6068,3225,49,1,0.02
6069,3225,91,2,0.0
6070,3226,80,1,0.02
6071,3226,96,1,0.15
6072,3227,16,1,0.0
6073,3227,33,2,0.0
6074,3227,32,1,0.1
6075,3227,14,1,0.0
6076,3228,52,1,0.1
6077,3228,72,3,0.0
6078,3229,12,3,0.02
6079,3230,1,1,0.0
6080,3230,22,1,0.05
6081,3231,77,1,0.15
6082,3231,41,1,0.0
6083,3232,19,2,0.05
6084,3233,30,1,0.02
6085,3233,49,2,0.02
6086,3234,50,1,0.0
6087,3234,86,1,0.1
6088,3234,44,1,0.0
6089,3234,82,1,0.0
6090,3235,45,1,0.0
6091,3235,58,1,0.0
6092,3235,39,1,0.15
6093,3236,67,3,0.02
6094,3237,92,3,0.02
6095,3237,75,3,0.1
6096,3237,83,2,0.0
6097,3238,15,1,0.05
6098,3239,84,4,0.05
6099,3240,17,1,0.15
6100,3240,62,1,0.05
6101,3241,59,1,0.0
6102,3242,27,1,0.05
6103,3242,16,1,0.05
6104,3242,10,1,0.1
6105,3243,41,2,0.05
6106,3243,92,2,0.05
6107,3244,85,3,0.0
6108,3244,90,1,0.1
6109,3244,93,1,0.0
6110,3244,91,2,0.0
6111,3245,31,2,0.02
6112,3246,48,1,0.05
6113,3247,57,2,0.1
6114,3247,76,1,0.0
6115,3247,2,1,0.0
6116,3248,31,1,0.02
6117,3249,35,3,0.0
6118,3250,77,1,0.0
6119,3251,53,1,0.0
6120,3251,31,1,0.0
6121,3252,6,1,0.0
6122,3253,6,1,0.02
6123,3254,94,1,0.0
6124,3254,65,3,0.1
6125,3255,4,1,0.0
6126,3255,42,1,0.15
6127,3256,79,1,0.02
6128,3256,82,1,0.0
6129,3257,72,1,0.05
6130,3258,37,1,0.02
6131,3258,32,2,0.0
6132,3259,92,1,0.0
6133,3259,6,1,0.0
6134,3260,13,2,0.0
6135,3260,92,1,0.05
6136,3260,19,1,0.0
6137,3261,53,2,0.0
6138,3261,29,1,0.1
6139,3261,95,1,0.1
6140,3262,48,1,0.02
6141,3263,39,1,0.0
6142,3263,22,1,0.05
6143,3264,34,2,0.0
6144,3264,96,1,0.05
6145,3265,47,2,0.05
6146,3266,57,1,0.05
6147,3267,59,1,0.02
6148,3268,37,2,0.15
6149,3269,57,2,0.0
6150,3270,23,1,0.05
6151,3270,66,2,0.05
6152,3270,47,2,0.05
6153,3270,26,1,0.0
6154,3270,86,1,0.0
6155,3271,50,4,0.0
6156,3272,84,1,0.05
6157,3273,43,2,0.02
6158,3274,3,1,0.02
6159,3275,30,1,0.05
6160,3276,77,1,0.0
6161,3277,51,4,0.0
6162,3277,41,1,0.05
6163,3277,65,1,0.05
6164,3278,46,1,0.0
6165,3279,60,1,0.05
6166,3280,36,1,0.05
6167,3281,90,2,0.05
6168,3282,84,2,0.0
6169,3282,73,2,0.1
6170,3283,61,1,0.05
6171,3284,21,2,0.0
6172,3284,18,2,0.1
6173,3285,79,2,0.0
6174,3285,17,1,0.05
6175,3286,66,2,0.0
6176,3286,24,1,0.0
6177,3287,60,1,0.1
6178,3288,86,1,0.15
6179,3288,9,2,0.05
6180,3288,1,1,0.02
6181,3288,53,1,0.0
6182,3289,58,1,0.02
6183,3290,74,1,0.0
6184,3291,26,1,0.1
6185,3291,32,1,0.0
6186,3292,83,3,0.1
6187,3293,19,1,0.02
6188,3293,7,2,0.1
6189,3293,53,2,0.05
6190,3294,75,1,0.0
6191,3295,70,1,0.1
6192,3295,31,2,0.05
6193,3295,11,2,0.1
6194,3296,23,1,0.0
6195,3297,57,2,0.05
6196,3297,83,1,0.0
6197,3297,53,1,0.05
6198,3298,39,1,0.0
6199,3298,58,1,0.05
6200,3299,30,4,0.1
6201,3300,33,3,0.0
6202,3300,55,1,0.1
6203,3301,86,1,0.0
6204,3301,16,1,0.05
6205,3302,18,2,0.0
6206,3302,45,1,0.15
6207,3303,44,1,0.0
6208,3303,71,1,0.0
6209,3303,87,1,0.0
6210,3304,36,2,0.05
6211,3305,52,2,0.1
6212,3305,68,1,0.02
6213,3305,77,1,0.02
6214,3306,75,1,0.05
6215,3306,27,1,0.05
6216,3306,39,1,0.05
6217,3306,17,2,0.0
6218,3306,65,1,0.0
6219,3307,39,1,0.0
6220,3307,2,1,0.05
6221,3307,32,1,0.0
6222,3308,90,2,0.05
6223,3308,86,1,0.0
6224,3309,50,1,0.0
6225,3309,27,2,0.02
6226,3310,88,1,0.0
6227,3310,66,3,0.0
6228,3311,55,1,0.02
6229,3311,90,1,0.1
6230,3311,54,1,0.0
6231,3312,33,2,0.05
6232,3313,65,1,0.02
6233,3313,19,1,0.02
6234,3313,53,2,0.0
6235,3313,55,4,0.0
6236,3314,55,2,0.0
6237,3314,58,1,0.15
6238,3315,71,2,0.0
6239,3316,76,1,0.02
6240,3317,15,1,0.1
6241,3317,27,1,0.0
6242,3318,26,2,0.05
6243,3319,7,1,0.02
6244,3320,85,1,0.15
6245,3320,37,1,0.0
6246,3321,53,1,0.0
6247,3321,39,1,0.0
6248,3321,79,1,0.0
6249,3321,15,4,0.05
6250,3322,10,1,0.0
6251,3322,8,1,0.0
6252,3323,85,1,0.05
6253,3323,25,3,0.05
6254,3323,94,3,0.02
6255,3323,71,3,0.0
6256,3324,73,1,0.02
6257,3325,8,1,0.0
6258,3326,23,1,0.0
6259,3326,51,1,0.05
6260,3327,57,1,0.05
6261,3327,85,1,0.0
6262,3327,25,2,0.15
6263,3328,92,1,0.02
6264,3328,71,1,0.05
6265,3328,63,2,0.02
6266,3329,25,1,0.02
6267,3329,10,1,0.0
6268,3330,85,1,0.1
6269,3330,78,1,0.0
6270,3330,54,2,0.1
6271,3331,63,1,0.02
6272,3332,91,1,0.05
6273,3332,92,2,0.0
6274,3332,51,2,0.0
6275,3332,55,1,0.05
6276,3332,77,4,0.0
6277,3333,81,1,0.02
6278,3333,5,1,0.15
6279,3333,34,2,0.1
6280,3334,28,1,0.05
6281,3334,80,4,0.0
6282,3334,55,2,0.05
6283,3335,94,1,0.0
6284,3335,53,1,0.02
6285,3335,22,2,0.0
6286,3335,93,1,0.1
6287,3336,24,3,0.02
6288,3336,19,2,0.0
6289,3336,78,1,0.05
6290,3337,49,1,0.0
6291,3337,61,2,0.0
6292,3337,81,1,0.0
6293,3338,55,3,0.05
6294,3339,8,1,0.0
6295,3340,85,1,0.05
6296,3341,96,1,0.05
6297,3342,31,3,0.05
6298,3342,64,1,0.05
6299,3342,4,1,0.0
6300,3342,94,2,0.02
6301,3343,85,2,0.0
6302,3343,96,1,0.0
6303,3344,50,3,0.0
6304,3345,60,2,0.05
6305,3346,42,1,0.02
6306,3346,90,2,0.02
6307,3346,64,2,0.0
6308,3346,46,4,0.05
6309,3347,4,1,0.0
6310,3347,28,2,0.0
6311,3347,54,2,0.05
6312,3348,59,1,0.02
6313,3348,52,1,0.0
6314,3349,32,2,0.0
6315,3349,83,2,0.0
6316,3350,13,2,0.02
6317,3350,44,1,0.0
6318,3351,86,2,0.0
6319,3351,53,4,0.0
6320,3351,33,2,0.0
6321,3352,72,1,0.0
6322,3352,25,1,0.0
6323,3352,49,1,0.0
6324,3353,62,1,0.05
6325,3353,11,2,0.0
6326,3353,16,1,0.05
6327,3354,83,1,0.1
6328,3355,80,1,0.02
6329,3355,19,2,0.02
6330,3356,73,2,0.02
6331,3356,12,1,0.0
6332,3356,90,3,0.0
6333,3357,91,1,0.02
6334,3357,45,1,0.05
6335,3358,58,1,0.05
6336,3359,75,2,0.1
6337,3360,44,1,0.02
6338,3360,15,1,0.0
6339,3360,14,2,0.02
6340,3361,30,1,0.05
6341,3362,10,1,0.0
6342,3362,90,1,0.0
6343,3363,50,1,0.0
6344,3363,95,3,0.05
6345,3364,65,1,0.0
6346,3364,71,1,0.0
6347,3365,50,1,0.0
6348,3366,23,2,0.0
6349,3367,90,1,0.0
6350,3367,71,3,0.0
6351,3368,21,1,0.0
6352,3368,28,1,0.0
6353,3368,43,2,0.0
6354,3369,48,2,0.1
6355,3370,44,1,0.05
6356,3370,26,1,0.0
6357,3371,5,2,0.0
6358,3371,23,1,0.02
6359,3372,60,1,0.05
6360,3372,74,1,0.1
6361,3373,59,1,0.0
6362,3373,18,1,0.05
6363,3373,65,1,0.02
6364,3373,76,1,0.0
6365,3374,1,1,0.15
6366,3374,39,3,0.05
6367,3374,79,1,0.15
6368,3374,64,2,0.02
6369,3374,22,2,0.15
6370,3375,51,1,0.0
6371,3375,7,1,0.1
6372,3375,91,1,0.0
6373,3375,18,2,0.0
6374,3376,31,3,0.0
6375,3377,15,1,0.0
6376,3378,93,1,0.02
6377,3378,55,2,0.1
6378,3378,95,1,0.0
6379,3378,36,1,0.0
6380,3379,69,2,0.02
6381,3380,15,1,0.0
6382,3381,3,2,0.0
6383,3382,33,1,0.0
6384,3383,47,1,0.05
6385,3383,70,1,0.0
6386,3383,25,1,0.1
6387,3384,72,1,0.15
6388,3385,33,1,0.02
6389,3385,20,1,0.02
6390,3386,64,1,0.1
6391,3386,57,1,0.1
6392,3387,90,2,0.1
6393,3387,45,1,0.1
6394,3388,43,1,0.1
6395,3388,22,1,0.02
6396,3388,66,3,0.0
6397,3389,63,1,0.0
6398,3389,64,1,0.02
6399,3389,39,1,0.05
6400,3390,82,2,0.0
6401,3390,56,1,0.0
6402,3390,62,4,0.1
6403,3390,90,4,0.1
6404,3391,22,1,0.1
6405,3392,80,1,0.0
6406,3392,84,1,0.0
6407,3393,72,1,0.05
6408,3393,90,2,0.02
6409,3394,78,1,0.1
6410,3395,71,1,0.15
6411,3395,79,1,0.0
6412,3395,58,1,0.05
6413,3395,48,1,0.0
6414,3396,23,1,0.05
6415,3396,25,2,0.05
6416,3396,19,1,0.05
6417,3396,93,1,0.0
6418,3396,41,1,0.02
6419,3397,74,1,0.02
6420,3397,40,1,0.0
6421,3398,36,1,0.0
6422,3399,56,1,0.0
6423,3399,9,1,0.0
6424,3399,52,1,0.0
6425,3399,30,1,0.1
6426,3399,35,4,0.0
6427,3400,13,1,0.0
6428,3400,91,2,0.15
6429,3400,73,4,0.1
6430,3400,42,2,0.0
6431,3400,33,2,0.05
6432,3401,10,1,0.0
6433,3401,51,2,0.05
6434,3402,11,2,0.02
6435,3403,4,1,0.15
6436,3403,8,2,0.0
6437,3403,64,1,0.0
6438,3404,92,1,0.02
6439,3405,74,2,0.0
6440,3406,26,1,0.02
6441,3406,30,1,0.0
6442,3407,89,1,0.05
6443,3407,91,1,0.0
6444,3408,38,2,0.0
6445,3409,40,2,0.0
6446,3409,19,1,0.0
6447,3410,76,4,0.1
6448,3411,71,2,0.0
6449,3412,21,2,0.15
6450,3413,59,1,0.0
6451,3414,54,1,0.0
6452,3415,6,1,0.02
6453,3415,40,2,0.05
6454,3416,65,1,0.0
6455,3416,12,2,0.05
6456,3417,34,2,0.0
6457,3418,71,3,0.0
6458,3419,46,1,0.0
6459,3419,75,1,0.02
6460,3420,55,1,0.02
6461,3421,58,1,0.05
6462,3422,42,1,0.0
6463,3422,30,1,0.05
6464,3422,70,1,0.1
6465,3422,56,1,0.02
6466,3423,27,1,0.0
6467,3423,31,1,0.0
6468,3424,96,1,0.0
6469,3425,24,1,0.02
6470,3426,43,1,0.02
6471,3427,24,1,0.0
6472,3428,96,1,0.05
6473,3429,46,1,0.15
6474,3430,26,1,0.0
6475,3431,44,1,0.02
6476,3431,1,2,0.0
6477,3432,9,2,0.05
6478,3432,22,1,0.0
6479,3432,34,2,0.05
6480,3433,79,1,0.05
6481,3433,7,1,0.05
6482,3434,31,1,0.1
6483,3434,89,3,0.0
6484,3434,93,1,0.02
6485,3435,90,1,0.15
6486,3436,18,2,0.0
6487,3437,94,2,0.02
6488,3437,76,1,0.0
6489,3438,88,1,0.15
6490,3439,71,1,0.05
6491,3440,1,2,0.0
6492,3441,96,1,0.0
6493,3442,71,1,0.0
6494,3443,47,1,0.0
6495,3443,1,2,0.02
6496,3444,31,2,0.0
6497,3444,20,2,0.0
6498,3445,89,2,0.0
6499,3445,10,1,0.0
6500,3446,51,1,0.0
6501,3446,18,1,0.0
6502,3446,57,1,0.0
6503,3447,79,1,0.0
6504,3447,35,2,0.0
6505,3448,57,1,0.0
6506,3449,37,1,0.05
6507,3449,65,1,0.02
6508,3449,41,1,0.05
6509,3450,2,1,0.0
6510,3451,56,3,0.05
6511,3452,76,1,0.0
6512,3452,38,2,0.05
6513,3452,40,2,0.1
6514,3452,35,2,0.0
6515,3453,86,1,0.0
6516,3453,69,2,0.05
6517,3453,14,4,0.0
6518,3454,78,1,0.0
6519,3455,78,1,0.15
6520,3455,39,1,0.0
6521,3456,1,1,0.02
6522,3457,75,4,0.0
6523,3458,15,1,0.05
6524,3459,76,1,0.0
6525,3459,81,1,0.0
6526,3460,75,3,0.05
6527,3460,63,1,0.0
6528,3461,60,3,0.0
6529,3461,13,2,0.0
6530,3461,81,2,0.02
6531,3461,78,3,0.0
6532,3462,86,1,0.0
6533,3463,53,2,0.02
6534,3464,31,1,0.05
6535,3464,45,1,0.1
6536,3465,49,1,0.0
6537,3466,80,3,0.05
6538,3466,83,1,0.0
6539,3466,62,1,0.05
6540,3467,29,1,0.0
6541,3468,27,3,0.05
6542,3469,58,1,0.0
6543,3469,46,1,0.05
6544,3469,20,2,0.0
6545,3469,82,1,0.02
6546,3470,88,2,0.0
6547,3471,15,1,0.05
6548,3471,95,1,0.0
6549,3471,39,1,0.0
6550,3471,37,1,0.02
6551,3472,53,1,0.0
6552,3473,67,2,0.0
6553,3473,95,1,0.05
6554,3474,67,3,0.0
6555,3474,74,1,0.05
6556,3474,59,1,0.0
6557,3474,27,1,0.02
6558,3475,7,1,0.0
6559,3476,28,1,0.0
6560,3477,36,1,0.05
6561,3477,11,1,0.02
6562,3477,10,1,0.0
6563,3477,12,1,0.0
6564,3478,21,1,0.1
6565,3478,15,1,0.02
6566,3479,75,1,0.0
6567,3479,49,2,0.05
6568,3479,24,3,0.0
6569,3480,77,1,0.05
6570,3481,9,1,0.02
6571,3481,36,4,0.05
6572,3481,18,3,0.0
6573,3482,78,1,0.0
6574,3482,71,1,0.0
6575,3483,21,1,0.15
6576,3484,89,1,0.02
6577,3485,37,3,0.05
6578,3486,52,1,0.1
6579,3486,79,2,0.1
6580,3486,74,1,0.05
6581,3486,61,2,0.0
6582,3487,76,3,0.05
6583,3487,95,1,0.0
6584,3488,18,1,0.0
6585,3488,96,3,0.0
6586,3489,83,3,0.02
6587,3489,37,1,0.0
6588,3489,24,2,0.0
6589,3490,19,1,0.0
6590,3491,37,4,0.02
6591,3491,92,1,0.05
6592,3492,53,1,0.05
6593,3493,89,1,0.0
6594,3494,3,3,0.02
6595,3495,45,1,0.02
6596,3495,84,3,0.0
6597,3495,12,2,0.02
6598,3496,64,1,0.0
6599,3496,82,2,0.0
6600,3497,82,1,0.0
6601,3498,84,1,0.0
6602,3498,31,2,0.0
6603,3499,56,2,0.02
6604,3499,55,4,0.02
6605,3500,88,1,0.1
6606,3500,25,3,0.05
6607,3500,50,2,0.0
6608,3501,57,1,0.02
6609,3502,76,2,0.05
6610,3503,54,3,0.02
6611,3503,72,1,0.05
6612,3503,90,1,0.05
6613,3503,46,2,0.0
6614,3504,90,2,0.0
6615,3504,51,4,0.0
6616,3505,36,2,0.0
6617,3505,74,1,0.1
6618,3505,93,1,0.0
6619,3505,34,2,0.05
6620,3505,53,1,0.0
6621,3506,61,2,0.0
6622,3506,35,2,0.15
6623,3506,19,1,0.0
6624,3506,88,2,0.15
6625,3507,83,4,0.0
6626,3508,48,1,0.05
6627,3508,53,2,0.05
6628,3509,77,1,0.1
6629,3510,20,3,0.0
6630,3510,58,1,0.0
6631,3511,53,1,0.0
6632,3512,96,1,0.1
6633,3513,34,2,0.02
6634,3514,52,1,0.0
6635,3515,27,1,0.0
6636,3515,46,2,0.0
6637,3516,54,1,0.05
6638,3516,74,1,0.1
6639,3517,96,1,0.0
6640,3517,83,2,0.0
6641,3517,75,2,0.0
6642,3518,64,1,0.0
6643,3518,71,1,0.02
6644,3519,17,2,0.05
6645,3520,17,2,0.02
6646,3521,29,1,0.05
6647,3522,52,2,0.05
6648,3522,95,1,0.05
6649,3523,55,4,0.02
6650,3524,51,1,0.0
6651,3524,64,1,0.02
6652,3525,37,1,0.0
6653,3526,12,1,0.0
6654,3526,34,3,0.02
6655,3526,27,2,0.05
6656,3526,14,1,0.0
6657,3527,61,1,0.0
6658,3528,38,2,0.02
6659,3528,16,1,0.0
6660,3528,73,2,0.05
6661,3528,37,1,0.0
6662,3528,6,1,0.0
6663,3529,20,2,0.0
6664,3529,36,1,0.15
6665,3529,77,3,0.1
6666,3530,7,2,0.02
6667,3531,68,2,0.0
6668,3531,81,1,0.0
6669,3532,91,2,0.02
6670,3532,57,1,0.02
6671,3532,77,1,0.0
6672,3533,64,2,0.0
6673,3533,60,3,0.05
6674,3534,78,1,0.05
6675,3535,25,1,0.05
6676,3535,77,2,0.1
6677,3535,30,1,0.1
6678,3535,70,1,0.02
6679,3536,56,1,0.1
6680,3537,33,1,0.05
6681,3537,8,1,0.0
6682,3538,59,1,0.0
6683,3539,55,2,0.02
6684,3539,48,1,0.05
6685,3540,81,1,0.0
6686,3541,71,1,0.05
6687,3542,26,1,0.0
6688,3542,78,1,0.0
6689,3542,72,1,0.02
6690,3543,25,2,0.05
6691,3544,66,2,0.0
6692,3544,37,2,0.1
6693,3545,24,2,0.0
6694,3546,17,1,0.05
6695,3547,20,2,0.0
6696,3547,85,2,0.0
6697,3548,50,1,0.1
6698,3548,18,1,0.0
6699,3549,17,2,0.05
6700,3550,34,1,0.02
6701,3550,84,1,0.0
6702,3551,12,1,0.0
6703,3551,78,3,0.02
6704,3552,81,2,0.15
6705,3553,94,2,0.0
6706,3553,39,1,0.0
6707,3554,81,2,0.0
6708,3555,68,1,0.05
6709,3555,79,3,0.0
6710,3555,87,3,0.0
6711,3555,8,2,0.05
6712,3556,47,1,0.02
6713,3556,56,2,0.05
6714,3557,46,1,0.0
6715,3557,82,1,0.0
6716,3558,93,3,0.05
6717,3558,45,1,0.0
6718,3559,50,1,0.02
6719,3559,52,2,0.02
6720,3559,63,1,0.0
6721,3560,81,1,0.1
6722,3561,79,2,0.0
6723,3562,79,1,0.05
6724,3563,69,4,0.0
6725,3563,44,2,0.0
6726,3563,91,2,0.05
6727,3564,49,1,0.02
6728,3564,14,2,0.0
6729,3565,90,1,0.05
6730,3566,48,1,0.02
6731,3566,40,2,0.0
6732,3566,94,3,0.1
6733,3566,7,3,0.02
6734,3566,18,1,0.02
6735,3567,71,1,0.05
6736,3567,43,2,0.02
6737,3568,96,2,0.0
6738,3568,31,1,0.0
6739,3569,52,1,0.02
6740,3570,8,3,0.02
6741,3571,6,4,0.02
6742,3572,22,1,0.02
6743,3573,34,1,0.05
6744,3574,46,1,0.0
6745,3575,81,1,0.05
6746,3575,86,2,0.02
6747,3575,12,1,0.0
6748,3576,12,2,0.15
6749,3577,60,1,0.0
6750,3577,67,2,0.1
6751,3577,16,1,0.1
6752,3577,88,2,0.05
6753,3578,42,1,0.0
6754,3579,48,1,0.0
6755,3580,10,1,0.0
6756,3580,36,1,0.0
6757,3580,6,1,0.15
6758,3580,74,2,0.0
6759,3581,31,1,0.1
6760,3581,3,2,0.0
6761,3582,54,1,0.0
6762,3583,40,1,0.05
6763,3584,15,2,0.05
6764,3585,6,1,0.02
6765,3586,31,1,0.0
6766,3587,67,1,0.1
6767,3587,30,1,0.1
6768,3588,16,1,0.02
6769,3589,24,1,0.02
6770,3589,53,1,0.0
6771,3590,60,1,0.0
6772,3590,13,2,0.05
6773,3591,40,2,0.05
6774,3591,21,1,0.0
6775,3592,31,2,0.02
6776,3592,14,1,0.1
6777,3593,90,3,0.15
6778,3593,92,1,0.0
6779,3593,91,3,0.0
6780,3594,35,1,0.15
6781,3594,89,1,0.05
6782,3594,53,4,0.0
6783,3595,72,2,0.0
6784,3596,11,2,0.0
6785,3596,38,3,0.02
6786,3596,43,2,0.05
6787,3596,2,2,0.05
6788,3597,52,2,0.0
6789,3598,72,1,0.0
6790,3598,40,1,0.0
6791,3598,1,1,0.0
6792,3598,57,1,0.15
6793,3599,91,2,0.0
6794,3599,2,1,0.0
6795,3600,30,3,0.0
6796,3600,24,1,0.05
6797,3600,58,2,0.02
6798,3600,14,2,0.05
6799,3601,11,1,0.02
6800,3602,69,3,0.0
6801,3603,62,1,0.0
6802,3604,49,1,0.0
6803,3604,59,1,0.0
6804,3604,46,1,0.05
6805,3605,35,1,0.15
6806,3606,91,1,0.02
6807,3606,53,2,0.0
6808,3606,34,1,0.02
6809,3606,42,1,0.1
6810,3607,51,3,0.15
6811,3607,91,2,0.0
6812,3608,9,1,0.1
6813,3608,22,2,0.05
6814,3608,94,2,0.0
6815,3609,4,3,0.0
6816,3609,18,1,0.02
6817,3609,41,1,0.0
6818,3610,34,1,0.1
6819,3610,65,1,0.02
6820,3611,26,2,0.0
6821,3612,78,2,0.05
6822,3612,30,2,0.02
6823,3612,6,1,0.05
6824,3612,38,2,0.0
6825,3612,18,1,0.0
6826,3613,34,3,0.05
6827,3614,69,1,0.0
6828,3614,13,1,0.0
6829,3614,80,1,0.0
6830,3615,65,1,0.02
6831,3616,63,1,0.02
6832,3616,84,1,0.0
6833,3617,11,2,0.0
6834,3618,48,1,0.02
6835,3619,44,2,0.05
6836,3620,41,2,0.05
6837,3621,69,1,0.0
6838,3622,37,1,0.05
6839,3623,35,2,0.05
6840,3624,33,1,0.02
6841,3624,78,1,0.0
6842,3624,49,1,0.1
6843,3625,30,2,0.1
6844,3625,7,1,0.0
6845,3626,50,1,0.0
6846,3626,48,1,0.05
6847,3627,25,1,0.05
6848,3628,6,1,0.0
6849,3628,34,1,0.0
6850,3628,67,2,0.1
6851,3629,40,1,0.05
6852,3629,91,2,0.05
6853,3629,19,1,0.0
6854,3629,67,1,0.02
6855,3629,74,2,0.0
6856,3630,29,1,0.05
6857,3631,34,2,0.02
6858,3632,83,1,0.02
6859,3632,86,1,0.05
6860,3633,74,1,0.02
6861,3634,44,3,0.0
6862,3634,18,1,0.02
6863,3634,21,4,0.0
6864,3635,28,4,0.02
6865,3636,58,3,0.05
6866,3637,12,1,0.0
6867,3637,77,2,0.05
6868,3638,49,2,0.05
6869,3638,78,3,0.0
6870,3638,87,1,0.0
6871,3638,31,1,0.02
6872,3639,5,1,0.0
6873,3639,25,1,0.0
6874,3639,27,1,0.1
6875,3639,47,1,0.05
6876,3640,31,3,0.0
6877,3641,5,1,0.0
6878,3641,29,1,0.02
6879,3642,68,3,0.02
6880,3643,90,1,0.0
6881,3644,6,1,0.05
6882,3644,41,1,0.1
6883,3644,82,2,0.02
6884,3645,32,1,0.05
6885,3645,7,1,0.0
6886,3645,28,3,0.02
6887,3646,5,2,0.0
6888,3646,50,1,0.05
6889,3646,11,1,0.05
6890,3647,58,1,0.02
6891,3648,59,1,0.0
6892,3649,74,1,0.02
6893,3650,26,2,0.0
6894,3650,84,2,0.05
6895,3650,22,1,0.0
6896,3650,7,3,0.0
6897,3651,37,2,0.0
6898,3652,94,2,0.0
6899,3652,72,2,0.15
6900,3653,57,1,0.02
6901,3654,23,1,0.02
6902,3655,54,3,0.0
6903,3656,29,2,0.0
6904,3657,32,3,0.0
6905,3657,89,2,0.05
6906,3658,81,1,0.0
6907,3659,12,2,0.05
6908,3660,52,1,0.05
6909,3660,49,1,0.0
6910,3661,32,2,0.0
6911,3661,70,1,0.0
6912,3662,54,2,0.05
6913,3662,41,1,0.02
6914,3663,67,1,0.1
6915,3664,92,2,0.0
6916,3664,53,1,0.0
6917,3665,20,1,0.0
6918,3665,63,2,0.02
6919,3665,93,1,0.1
6920,3666,83,1,0.02
6921,3666,81,1,0.05
6922,3666,62,2,0.0
6923,3666,13,2,0.0
6924,3666,56,1,0.02
6925,3667,82,1,0.0
6926,3667,40,1,0.0
6927,3668,49,1,0.02
6928,3669,4,2,0.0
6929,3669,72,1,0.0
6930,3670,89,2,0.0
6931,3671,48,1,0.02
6932,3671,84,1,0.05
6933,3671,73,3,0.1
6934,3672,20,2,0.1
6935,3673,73,1,0.0
6936,3674,70,2,0.1
6937,3675,49,3,0.0
6938,3675,26,1,0.0
6939,3675,20,1,0.0
6940,3675,4,1,0.15
6941,3676,77,1,0.0
6942,3677,95,1,0.05
6943,3678,26,1,0.0
6944,3678,3,3,0.05
6945,3679,92,2,0.05
6946,3679,41,1,0.0
6947,3680,20,3,0.05
6948,3681,63,1,0.0
6949,3681,49,1,0.0
6950,3681,26,2,0.15
6951,3682,72,1,0.0
6952,3683,48,2,0.0
6953,3683,71,1,0.02
6954,3684,41,1,0.0
6955,3684,55,1,0.0
6956,3684,53,1,0.0
6957,3685,34,1,0.0
6958,3685,75,1,0.05
6959,3686,6,1,0.0
6960,3687,45,1,0.02
6961,3687,18,3,0.02
6962,3688,55,2,0.1
6963,3688,14,2,0.0
6964,3688,43,1,0.0
6965,3689,84,1,0.1
6966,3689,67,1,0.1
6967,3689,49,3,0.05
6968,3689,63,2,0.05
6969,3690,58,2,0.02
6970,3691,45,1,0.0
6971,3691,65,2,0.05
6972,3691,63,1,0.0
6973,3692,57,1,0.0
6974,3692,13,1,0.05
6975,3692,18,1,0.0
6976,3693,24,1,0.1
6977,3694,1,1,0.1
6978,3695,10,1,0.0
6979,3695,52,1,0.05
6980,3695,83,2,0.02
6981,3695,79,1,0.0
6982,3695,6,1,0.0
6983,3696,78,1,0.0
6984,3696,61,1,0.1
6985,3696,51,1,0.0
6986,3697,47,1,0.02
6987,3698,45,1,0.0
6988,3698,51,1,0.0
6989,3699,37,1,0.0
6990,3700,92,1,0.0
6991,3700,42,3,0.05
6992,3701,21,2,0.0
6993,3702,20,3,0.0
6994,3703,5,1,0.05
6995,3703,55,3,0.0
6996,3703,23,1,0.0
6997,3703,22,1,0.0
6998,3704,29,1,0.1
6999,3704,19,1,0.1
7000,3705,42,1,0.02
7001,3705,53,1,0.0
7002,3706,50,2,0.0
7003,3706,64,1,0.0
7004,3707,68,1,0.02
7005,3707,10,2,0.05
7006,3707,62,1,0.1
7007,3708,59,1,0.0
7008,3709,2,2,0.02
7009,3709,59,1,0.0
7010,3709,65,1,0.0
7011,3710,37,2,0.05
7012,3710,1,1,0.15
7013,3710,69,2,0.05
7014,3710,44,1,0.0
7015,3710,34,2,0.02
7016,3711,88,4,0.0
7017,3711,14,1,0.02
7018,3712,33,1,0.05
7019,3712,72,1,0.0
7020,3712,56,1,0.1
7021,3712,50,1,0.0
7022,3713,41,2,0.0
7023,3714,52,2,0.15
7024,3714,29,1,0.0
7025,3714,23,1,0.1
7026,3714,49,1,0.0
7027,3714,62,1,0.02
7028,3715,47,1,0.0
7029,3715,9,2,0.05
7030,3716,21,1,0.05
7031,3716,13,1,0.1
7032,3717,2,1,0.02
7033,3718,41,1,0.05
7034,3718,78,1,0.02
7035,3719,86,2,0.02
7036,3719,44,2,0.0
7037,3719,51,1,0.05
7038,3720,41,1,0.0
7039,3720,61,3,0.0
7040,3720,88,3,0.1
7041,3720,32,2,0.15
7042,3721,45,2,0.0
7043,3722,13,1,0.15
7044,3722,92,2,0.1
7045,3722,56,2,0.0
7046,3723,24,2,0.0
7047,3723,74,1,0.15
7048,3723,67,1,0.0
7049,3724,69,2,0.0
7050,3725,79,1,0.0
7051,3725,64,1,0.02
7052,3726,47,1,0.0
7053,3726,27,2,0.1
7054,3727,84,2,0.02
7055,3727,70,1,0.0
7056,3727,44,3,0.0
7057,3728,46,1,0.0
7058,3729,76,1,0.05
7059,3730,25,2,0.02
7060,3730,10,1,0.05
7061,3731,86,1,0.0
7062,3731,46,1,0.1
7063,3732,28,1,0.0
7064,3733,15,1,0.05
7065,3734,34,1,0.1
7066,3734,91,1,0.0
7067,3734,13,2,0.0
7068,3734,27,1,0.1
7069,3734,65,1,0.0
7070,3735,54,1,0.05
7071,3736,79,1,0.0
7072,3737,85,1,0.05
7073,3737,5,2,0.05
7074,3737,20,1,0.05
7075,3738,10,3,0.02
7076,3739,76,1,0.0
7077,3740,49,1,0.1
7078,3740,33,3,0.05
7079,3740,77,1,0.02
7080,3740,22,2,0.0
7081,3741,34,2,0.0
7082,3741,26,1,0.0
7083,3741,88,1,0.0
7084,3741,46,1,0.0
7085,3742,92,1,0.05
7086,3743,92,1,0.05
7087,3744,82,2,0.05
7088,3744,74,1,0.1
7089,3744,67,1,0.05
7090,3745,11,1,0.0
7091,3745,51,1,0.0
7092,3746,75,3,0.0
7093,3746,70,2,0.1
7094,3747,77,1,0.02
7095,3748,80,1,0.02
7096,3748,23,1,0.05
7097,3749,73,1,0.05
7098,3749,70,2,0.0
7099,3749,1,2,0.0
7100,3750,22,1,0.0
7101,3750,92,1,0.1
7102,3750,3,1,0.05
7103,3751,85,3,0.05
7104,3752,30,3,0.02
7105,3753,60,1,0.02
7106,3753,77,1,0.0
7107,3754,21,1,0.02
7108,3754,88,1,0.0
7109,3754,40,1,0.0
7110,3754,73,1,0.05
7111,3755,81,3,0.0
7112,3755,36,1,0.0
7113,3756,9,1,0.05
7114,3757,24,2,0.0
7115,3758,60,1,0.0
7116,3759,28,2,0.0
7117,3760,56,3,0.05
7118,3760,49,1,0.05
7119,3760,44,1,0.1
7120,3760,10,1,0.0
7121,3760,47,1,0.0
7122,3761,78,1,0.0
7123,3761,83,1,0.02
7124,3762,37,1,0.02
7125,3762,27,1,0.0
7126,3762,54,1,0.0
7127,3763,93,3,0.0
7128,3764,47,1,0.0
7129,3765,12,1,0.1
7130,3765,94,1,0.05
7131,3765,82,1,0.1
7132,3766,70,1,0.0
7133,3766,54,2,0.0
7134,3766,95,3,0.0
7135,3767,94,2,0.0
7136,3768,89,1,0.0
7137,3769,30,2,0.02
7138,3770,61,1,0.1
7139,3771,74,3,0.05
7140,3771,94,1,0.05
7141,3771,18,1,0.0
7142,3771,17,1,0.02
7143,3772,47,1,0.0
7144,3773,26,1,0.05
7145,3774,92,1,0.05
7146,3774,23,1,0.02
7147,3774,24,3,0.05
7148,3775,32,1,0.0
7149,3776,2,2,0.05
7150,3776,79,2,0.05
7151,3777,90,1,0.0
7152,3777,61,3,0.0
7153,3778,60,1,0.1
7154,3778,58,1,0.0
7155,3778,7,1,0.05
7156,3779,65,1,0.0
7157,3780,26,1,0.0
7158,3780,84,2,0.05
7159,3781,30,1,0.05
7160,3782,21,2,0.0
7161,3782,94,1,0.0
7162,3783,71,1,0.1
7163,3784,92,1,0.0
7164,3784,47,2,0.1
7165,3785,10,2,0.05
7166,3785,24,2,0.0
7167,3786,94,2,0.15
7168,3786,93,1,0.05
7169,3787,49,1,0.0
7170,3787,44,2,0.05
7171,3788,56,1,0.0
7172,3788,75,1,0.05
7173,3788,1,2,0.05
7174,3789,75,2,0.02
7175,3790,64,1,0.0
7176,3790,93,1,0.1
7177,3790,50,2,0.0
7178,3790,14,1,0.05
7179,3791,73,1,0.0
7180,3792,33,1,0.05
7181,3793,6,1,0.05
7182,3794,69,2,0.05
7183,3794,29,2,0.0
7184,3795,79,1,0.02
7185,3795,40,1,0.0
7186,3795,66,1,0.1
7187,3795,20,1,0.1
7188,3796,62,2,0.1
7189,3796,11,1,0.05
7190,3796,67,1,0.0
7191,3797,25,3,0.02
7192,3797,70,4,0.05
7193,3798,83,1,0.02
7194,3798,31,2,0.0
7195,3798,90,1,0.05
7196,3798,88,2,0.02
7197,3799,36,2,0.0
7198,3800,34,1,0.02
7199,3800,37,1,0.0
7200,3800,58,1,0.05
7201,3801,88,1,0.0
7202,3801,5,1,0.05
7203,3801,80,1,0.0
7204,3802,46,2,0.02
7205,3803,47,1,0.02
7206,3804,57,1,0.1
7207,3805,60,1,0.0
7208,3806,62,1,0.0
7209,3806,42,1,0.0
7210,3807,31,1,0.15
7211,3808,93,1,0.0
7212,3809,92,1,0.1
7213,3809,61,2,0.05
7214,3810,10,4,0.0
7215,3810,24,1,0.0
7216,3811,3,3,0.15
7217,3812,43,1,0.0
7218,3812,11,1,0.0
7219,3812,28,2,0.0
7220,3813,47,1,0.02
7221,3814,54,3,0.05
7222,3815,53,2,0.05
7223,3815,96,2,0.02
7224,3815,28,1,0.05
7225,3815,54,1,0.0
7226,3815,15,1,0.0
7227,3816,53,3,0.05
7228,3817,50,2,0.0
7229,3818,96,2,0.02
7230,3819,77,2,0.0
7231,3819,17,1,0.0
7232,3819,47,1,0.05
7233,3820,49,1,0.05
7234,3820,82,1,0.0
7235,3821,68,1,0.05
7236,3822,37,1,0.02
7237,3822,24,1,0.02
7238,3823,5,1,0.0
7239,3823,83,2,0.0
7240,3824,65,1,0.0
7241,3824,5,1,0.0
7242,3825,85,2,0.0
7243,3826,58,2,0.0
7244,3827,13,1,0.0
7245,3827,14,1,0.1
7246,3827,84,2,0.02
7247,3828,66,2,0.02
7248,3829,92,1,0.1
7249,3830,91,3,0.05
7250,3830,11,1,0.15
7251,3831,63,1,0.0
7252,3831,88,2,0.0
7253,3831,36,1,0.0
7254,3832,26,2,0.05
7255,3833,21,1,0.05
7256,3833,88,2,0.15
7257,3833,28,2,0.0
7258,3833,13,3,0.0
7259,3833,53,1,0.0
7260,3834,48,1,0.05
7261,3834,2,1,0.1
7262,3834,5,1,0.0
7263,3835,93,1,0.02
7264,3836,64,2,0.1
7265,3836,6,1,0.0
7266,3837,88,1,0.1
7267,3838,26,1,0.0
7268,3839,73,1,0.0
7269,3839,95,2,0.0
7270,3840,14,1,0.0
7271,3841,34,1,0.05
7272,3842,59,1,0.1
7273,3842,84,1,0.1
7274,3843,57,1,0.0
7275,3844,76,1,0.0
7276,3844,12,1,0.05
7277,3844,1,1,0.02
7278,3845,34,1,0.02
7279,3846,58,1,0.02
7280,3847,34,2,0.1
7281,3848,42,4,0.05
7282,3848,14,3,0.1
7283,3848,64,1,0.0
7284,3848,36,1,0.05
7285,3849,68,1,0.0
7286,3850,52,1,0.05
7287,3850,23,1,0.0
7288,3851,7,2,0.0
7289,3851,29,2,0.0
7290,3851,33,3,0.05
7291,3852,9,1,0.0
7292,3853,56,3,0.0
7293,3853,45,1,0.0
7294,3853,73,3,0.0
7295,3854,42,2,0.1
7296,3854,49,1,0.0
7297,3855,81,3,0.05
7298,3855,46,2,0.05
7299,3856,93,2,0.0
7300,3857,51,3,0.05
7301,3857,79,2,0.1
7302,3857,96,2,0.05
7303,3858,36,1,0.0
7304,3858,76,1,0.15
7305,3859,52,1,0.02
7306,3860,96,1,0.05
7307,3860,41,1,0.02
7308,3861,9,3,0.02
7309,3861,90,3,0.1
7310,3861,6,1,0.0
7311,3862,10,1,0.0
7312,3862,8,3,0.0
7313,3863,75,1,0.0
7314,3864,74,1,0.0
7315,3864,21,3,0.1
7316,3865,33,1,0.15
7317,3865,77,2,0.0
7318,3866,52,1,0.0
7319,3867,91,1,0.0
7320,3868,27,3,0.0
7321,3868,71,1,0.0
7322,3868,45,1,0.1
7323,3869,20,1,0.1
7324,3870,65,2,0.1
7325,3871,92,2,0.02
7326,3872,47,2,0.0
7327,3873,92,1,0.15
7328,3873,96,3,0.0
7329,3873,39,1,0.0
7330,3873,60,2,0.1
7331,3874,38,1,0.0
7332,3874,76,2,0.05
7333,3874,35,1,0.0
7334,3874,7,1,0.0
7335,3874,24,2,0.0
7336,3875,24,1,0.0
7337,3875,92,1,0.02
7338,3875,42,3,0.02
7339,3876,21,1,0.1
7340,3877,34,1,0.05
7341,3878,86,1,0.05
7342,3878,59,1,0.0
7343,3879,73,1,0.05
7344,3880,42,1,0.05
7345,3880,86,3,0.05
7346,3880,48,1,0.0
7347,3881,92,1,0.05
7348,3882,26,1,0.05
7349,3882,13,1,0.1
7350,3883,28,2,0.1
7351,3883,13,1,0.05
7352,3884,32,1,0.0
7353,3885,11,4,0.1
7354,3885,94,1,0.0
7355,3886,41,1,0.05
7356,3887,77,1,0.0
7357,3888,78,3,0.05
7358,3888,52,2,0.0
7359,3889,26,1,0.1
7360,3890,10,1,0.1
7361,3891,70,1,0.02
7362,3891,81,1,0.05
7363,3892,60,1,0.02
7364,3893,42,3,0.0
7365,3894,23,2,0.0
7366,3895,34,2,0.15
7367,3896,42,1,0.05
7368,3896,89,2,0.02
7369,3897,13,1,0.0
7370,3898,78,1,0.05
7371,3898,73,3,0.0
7372,3898,36,1,0.15
7373,3899,45,1,0.0
7374,3900,17,1,0.0
7375,3901,13,1,0.05
7376,3902,22,1,0.1
7377,3902,21,1,0.0
7378,3903,11,1,0.0
7379,3903,22,1,0.0
7380,3903,19,2,0.0
7381,3904,43,1,0.0
7382,3905,19,2,0.0
7383,3906,71,2,0.02
7384,3907,4,2,0.1
7385,3908,29,2,0.0
7386,3909,31,2,0.1
7387,3909,21,1,0.0
7388,3910,15,2,0.02
7389,3911,77,2,0.15
7390,3912,3,1,0.0
7391,3913,18,1,0.15
7392,3913,27,1,0.05
7393,3914,93,2,0.02
7394,3915,83,1,0.0
7395,3916,21,1,0.02
7396,3917,89,4,0.02
7397,3917,59,4,0.02
7398,3918,30,1,0.1
7399,3918,90,3,0.05
7400,3919,19,1,0.05
7401,3920,4,2,0.05
7402,3920,37,1,0.0
7403,3920,91,1,0.0
7404,3921,67,2,0.0
7405,3922,91,3,0.0
7406,3923,36,1,0.1
7407,3924,73,1,0.0
7408,3925,39,1,0.0
7409,3926,19,2,0.0
7410,3927,84,1,0.02
7411,3928,36,1,0.0
7412,3929,32,2,0.05
7413,3930,40,2,0.0
7414,3931,1,1,0.0
7415,3931,30,2,0.0
7416,3931,6,2,0.05
7417,3932,57,1,0.05
7418,3933,90,4,0.1
7419,3934,67,1,0.0
7420,3934,23,1,0.05
7421,3935,68,3,0.1
7422,3936,5,2,0.05
7423,3937,65,2,0.0
7424,3937,90,1,0.02
7425,3937,81,1,0.02
7426,3938,44,1,0.1
7427,3939,21,1,0.05
7428,3939,1,1,0.0
7429,3939,47,1,0.02
7430,3940,65,3,0.05
7431,3941,90,1,0.0
7432,3941,80,1,0.0
7433,3942,45,1,0.15
7434,3942,22,1,0.05
7435,3942,23,2,0.1
7436,3942,16,1,0.05
7437,3942,28,2,0.0
7438,3943,1,1,0.0
7439,3943,70,1,0.0
7440,3944,28,1,0.02
7441,3944,8,1,0.0
7442,3945,8,1,0.05
7443,3946,91,2,0.0
7444,3947,69,3,0.05
7445,3948,5,1,0.0
7446,3949,6,2,0.0
7447,3949,72,1,0.02
7448,3950,12,1,0.05
7449,3951,69,2,0.0
7450,3952,23,1,0.0
7451,3953,82,1,0.02
7452,3953,14,1,0.05
7453,3954,83,1,0.0
7454,3954,62,1,0.0
7455,3955,91,1,0.0
7456,3955,77,2,0.0
7457,3956,35,4,0.05
7458,3957,60,2,0.0
7459,3957,7,2,0.1
7460,3957,65,3,0.05
7461,3957,32,2,0.0
7462,3958,44,1,0.0
7463,3959,72,2,0.0
7464,3959,31,1,0.0
7465,3960,84,1,0.05
7466,3960,53,3,0.05
7467,3961,29,1,0.15
7468,3961,65,1,0.1
7469,3961,54,1,0.05
7470,3961,84,3,0.05
7471,3961,92,1,0.0
7472,3962,28,4,0.0
7473,3962,80,1,0.02
7474,3963,92,1,0.0
7475,3964,14,1,0.05
7476,3965,23,3,0.15
7477,3966,89,1,0.0
7478,3966,67,1,0.1
7479,3967,15,1,0.02
7480,3968,2,1,0.0
7481,3968,96,1,0.02
7482,3968,18,1,0.0
7483,3969,80,2,0.0
7484,3970,59,1,0.02
7485,3970,4,1,0.02
7486,3971,9,1,0.0
7487,3971,45,2,0.1
7488,3971,1,4,0.1
7489,3972,54,1,0.0
7490,3972,19,1,0.1
7491,3973,75,2,0.1
7492,3974,89,2,0.05
7493,3975,19,1,0.0
7494,3975,35,2,0.02
7495,3975,66,1,0.1
7496,3976,92,1,0.0
7497,3976,30,1,0.0
7498,3976,61,1,0.0
7499,3976,90,1,0.0
7500,3976,36,3,0.02
7501,3977,48,1,0.02
7502,3977,15,1,0.02
7503,3977,89,2,0.05
7504,3978,31,1,0.0
7505,3979,60,2,0.1
7506,3979,18,1,0.05
7507,3980,5,1,0.0
7508,3981,24,1,0.0
7509,3982,17,2,0.0
7510,3982,33,1,0.0
7511,3982,55,1,0.0
7512,3983,96,1,0.0
7513,3984,17,2,0.0
7514,3985,25,3,0.0
7515,3986,69,2,0.02
7516,3987,37,3,0.0
7517,3988,78,1,0.02
7518,3988,71,2,0.0
7519,3988,25,1,0.0
7520,3989,68,1,0.05
7521,3990,83,1,0.0
7522,3991,80,2,0.05
7523,3992,79,3,0.05
7524,3993,75,1,0.0
7525,3994,57,3,0.0
7526,3994,79,2,0.0
7527,3994,9,1,0.02
7528,3995,44,3,0.05
7529,3995,19,1,0.0
7530,3996,31,1,0.02
7531,3996,1,3,0.0
7532,3997,12,1,0.05
7533,3997,86,2,0.0
7534,3998,61,3,0.0
7535,3998,5,1,0.02
7536,3999,52,2,0.02
7537,3999,87,1,0.0
7538,3999,70,1,0.0
7539,4000,9,2,0.0
7540,4000,13,1,0.05
7541,4001,71,1,0.05
7542,4002,30,1,0.0
7543,4003,74,2,0.0
7544,4003,15,1,0.0
7545,4004,80,1,0.1
7546,4004,78,1,0.15
7547,4005,36,1,0.05
7548,4005,71,3,0.0
7549,4006,2,1,0.0
7550,4007,34,1,0.05
7551,4008,9,1,0.0
7552,4009,12,2,0.05
7553,4010,57,2,0.0
7554,4011,37,1,0.05
7555,4011,14,1,0.02
7556,4011,25,3,0.05
7557,4012,93,1,0.02
7558,4013,32,2,0.05
7559,4013,78,1,0.0
7560,4014,32,1,0.0
7561,4014,19,1,0.0
7562,4015,91,2,0.0
7563,4016,43,3,0.0
7564,4017,44,4,0.0
7565,4017,6,2,0.02
7566,4018,18,1,0.1
7567,4018,88,1,0.0
7568,4018,40,2,0.0
7569,4019,58,1,0.1
7570,4019,78,1,0.0
7571,4019,62,1,0.02
7572,4020,77,2,0.05
7573,4020,70,3,0.1
7574,4021,41,1,0.02
7575,4021,17,1,0.1
7576,4022,52,2,0.0
7577,4023,82,1,0.1
7578,4024,23,1,0.1
7579,4025,29,1,0.0
7580,4026,11,1,0.0
7581,4026,47,3,0.05
7582,4026,26,3,0.05
7583,4026,65,1,0.0
7584,4027,47,3,0.0
7585,4028,1,1,0.0
7586,4028,20,1,0.0
7587,4029,94,1,0.0
7588,4029,44,2,0.02
7589,4030,11,1,0.0
7590,4030,4,1,0.0
7591,4030,34,1,0.0
7592,4031,44,2,0.02
7593,4032,13,1,0.02
7594,4032,25,1,0.0
7595,4032,24,1,0.1
7596,4033,75,1,0.0
7597,4033,6,1,0.0
7598,4034,17,1,0.0
7599,4035,80,2,0.02
7600,4036,86,2,0.05
7601,4036,95,1,0.0
7602,4037,93,1,0.0
7603,4037,91,1,0.0
7604,4038,66,2,0.05
7605,4039,78,1,0.02
7606,4039,64,2,0.0
7607,4040,61,1,0.05
7608,4041,72,1,0.02
7609,4041,21,1,0.05
7610,4042,84,2,0.0
7611,4042,26,1,0.05
7612,4042,30,1,0.1
7613,4043,10,1,0.02
7614,4043,12,2,0.0
7615,4044,71,3,0.0
7616,4044,77,2,0.15
7617,4045,27,1,0.05
7618,4045,48,3,0.05
7619,4045,50,2,0.02
7620,4046,76,3,0.0
7621,4046,20,3,0.05
7622,4046,16,2,0.05
7623,4046,6,2,0.15
7624,4046,86,1,0.0
7625,4047,21,2,0.0
7626,4048,59,2,0.05
7627,4048,90,1,0.0
7628,4049,38,2,0.0
7629,4050,83,2,0.1
7630,4051,59,1,0.0
7631,4051,62,3,0.05
7632,4051,56,1,0.05
7633,4051,39,2,0.05
7634,4052,57,1,0.0
7635,4052,24,1,0.0
7636,4053,68,1,0.02
7637,4053,7,2,0.02
7638,4054,34,1,0.0
7639,4054,62,2,0.02
7640,4054,67,1,0.02
7641,4055,21,1,0.05
7642,4055,31,1,0.0
7643,4055,25,1,0.02
7644,4056,78,1,0.15
7645,4057,72,1,0.0
7646,4057,29,2,0.0
7647,4057,89,1,0.02
7648,4057,76,1,0.02
7649,4057,62,1,0.05
7650,4058,46,4,0.0
7651,4059,75,1,0.05
7652,4060,73,1,0.15
7653,4060,1,1,0.05
7654,4061,85,1,0.0
7655,4062,53,1,0.1
7656,4063,44,2,0.05
7657,4064,49,2,0.0
7658,4065,83,1,0.0
7659,4066,84,1,0.02
7660,4067,33,1,0.05
7661,4068,47,1,0.0
7662,4069,75,1,0.0
7663,4070,24,3,0.05
7664,4071,93,1,0.15
7665,4071,83,2,0.0
7666,4071,77,1,0.0
7667,4072,36,1,0.02
7668,4073,78,1,0.02
7669,4073,71,1,0.1
7670,4074,31,1,0.05
7671,4074,9,1,0.0
7672,4074,11,2,0.05
7673,4075,36,2,0.0
7674,4076,80,1,0.05
7675,4076,66,3,0.0
7676,4076,67,2,0.0
7677,4077,77,1,0.05
7678,4077,90,2,0.0
7679,4078,93,1,0.0
7680,4079,20,1,0.0
7681,4080,70,1,0.02
7682,4080,25,1,0.05
7683,4081,34,1,0.05
7684,4081,69,2,0.0
7685,4082,12,1,0.0
7686,4082,1,2,0.15
7687,4082,33,1,0.1
7688,4083,82,1,0.0
7689,4084,37,1,0.05
7690,4085,96,1,0.0
7691,4085,72,1,0.0
7692,4086,87,1,0.02
7693,4086,26,1,0.1
7694,4086,76,1,0.02
7695,4086,4,2,0.0
7696,4087,34,3,0.02
7697,4087,28,2,0.0
7698,4088,27,1,0.0
7699,4088,62,2,0.02
7700,4089,29,1,0.1
7701,4090,28,1,0.0
7702,4090,70,1,0.0
7703,4090,86,3,0.05
7704,4090,53,1,0.02
7705,4091,17,1,0.02
7706,4091,65,1,0.02
7707,4092,31,2,0.0
7708,4093,16,2,0.0
7709,4093,69,2,0.05
7710,4094,80,2,0.1
7711,4094,11,1,0.05
7712,4094,53,2,0.02
7713,4094,5,2,0.02
7714,4094,55,3,0.02
7715,4095,37,1,0.02
7716,4095,12,1,0.0
7717,4096,1,2,0.0
7718,4097,27,1,0.0
7719,4098,56,4,0.02
7720,4099,49,1,0.0
7721,4100,95,2,0.05
7722,4101,48,1,0.0
7723,4102,52,1,0.05
7724,4103,91,1,0.0
7725,4103,27,1,0.0
7726,4104,30,1,0.1
7727,4105,67,1,0.0
7728,4105,88,3,0.05
7729,4106,33,1,0.0
7730,4107,21,3,0.0
7731,4108,21,1,0.1
7732,4108,85,2,0.0
7733,4108,51,1,0.0
7734,4109,25,2,0.1
7735,4110,55,2,0.0
7736,4110,94,1,0.1
7737,4110,39,2,0.05
7738,4111,96,1,0.02
7739,4111,84,2,0.05
7740,4111,28,1,0.0
7741,4111,42,1,0.02
7742,4112,81,1,0.02
7743,4112,16,1,0.0
7744,4112,31,3,0.0
7745,4113,27,2,0.05
7746,4114,8,1,0.02
7747,4114,84,1,0.0
7748,4114,37,2,0.0
7749,4114,66,3,0.1
7750,4115,53,3,0.0
7751,4116,89,2,0.02
7752,4116,75,2,0.05
7753,4117,90,2,0.0
7754,4117,16,3,0.02
7755,4118,43,4,0.05
7756,4119,67,1,0.0
7757,4120,13,1,0.05
7758,4120,44,1,0.1
7759,4121,7,1,0.0
7760,4121,70,1,0.15
7761,4122,39,1,0.0
7762,4123,43,1,0.0
7763,4124,95,1,0.05
7764,4124,59,2,0.05
7765,4124,63,1,0.0
7766,4124,79,1,0.0
7767,4125,64,2,0.0
7768,4125,92,1,0.05
7769,4125,84,2,0.05
7770,4126,28,2,0.0
7771,4126,31,1,0.0
7772,4126,8,1,0.0
7773,4127,83,3,0.0
7774,4127,73,2,0.0
7775,4127,31,1,0.05
7776,4128,62,1,0.02
7777,4128,90,3,0.0
7778,4129,74,1,0.0
7779,4129,6,1,0.15
7780,4129,15,2,0.02
7781,4130,8,1,0.05
7782,4131,52,1,0.05
7783,4131,67,1,0.0
7784,4132,17,2,0.05
7785,4132,64,1,0.15
7786,4132,24,3,0.02
7787,4133,53,2,0.0
7788,4133,43,1,0.02
7789,4134,52,1,0.1
7790,4134,36,1,0.05
7791,4134,32,1,0.0
7792,4135,55,2,0.0
7793,4136,9,1,0.0
7794,4137,56,1,0.0
7795,4137,35,2,0.0
7796,4137,62,2,0.0
7797,4137,8,1,0.0
7798,4137,76,1,0.05
7799,4138,22,1,0.0
7800,4139,9,2,0.0
7801,4139,1,1,0.0
7802,4140,48,2,0.0
7803,4140,50,1,0.0
7804,4141,67,1,0.0
7805,4142,39,1,0.02
7806,4142,80,1,0.02
7807,4143,96,1,0.0
7808,4143,43,2,0.0
7809,4144,36,1,0.05
7810,4144,4,2,0.0
7811,4144,54,1,0.02
7812,4145,38,1,0.02
7813,4146,6,1,0.05
7814,4146,26,1,0.0
7815,4146,91,2,0.1
7816,4147,28,3,0.0
7817,4147,74,1,0.0
7818,4147,90,1,0.0
7819,4147,80,1,0.0
7820,4148,8,1,0.05
7821,4149,59,2,0.02
7822,4150,51,4,0.02
7823,4150,78,3,0.05
7824,4150,23,1,0.02
7825,4151,3,1,0.0
7826,4152,27,1,0.0
7827,4153,17,3,0.02
7828,4153,87,1,0.0
7829,4154,78,2,0.0
7830,4155,17,1,0.05
7831,4155,38,2,0.15
7832,4155,1,2,0.02
7833,4155,87,3,0.05
7834,4156,61,1,0.0
7835,4157,89,2,0.0
7836,4157,79,1,0.15
7837,4158,59,2,0.15
7838,4158,45,4,0.0
7839,4158,74,1,0.0
7840,4159,92,2,0.05
7841,4159,31,2,0.02
7842,4159,5,1,0.0
7843,4159,18,1,0.0
7844,4160,72,1,0.1
7845,4160,47,1,0.0
7846,4161,21,1,0.0
7847,4161,64,1,0.0
7848,4162,89,2,0.1
7849,4163,17,3,0.0
7850,4163,73,3,0.0
7851,4164,80,2,0.05
7852,4164,6,2,0.05
7853,4165,55,1,0.0
7854,4165,80,2,0.0
7855,4165,58,1,0.05
7856,4166,29,1,0.02
7857,4166,91,1,0.02
7858,4167,21,1,0.0
7859,4167,53,2,0.15
7860,4167,7,4,0.0
7861,4167,51,1,0.0
7862,4168,96,1,0.05
7863,4169,59,1,0.05
7864,4169,58,1,0.0
7865,4170,83,1,0.1
7866,4170,58,1,0.0
7867,4171,69,2,0.05
7868,4171,3,2,0.15
7869,4171,76,1,0.0
7870,4171,77,2,0.15
7871,4171,31,1,0.0
7872,4172,40,1,0.05
7873,4172,93,2,0.1
7874,4173,18,2,0.02
7875,4173,14,2,0.0
7876,4173,93,1,0.0
7877,4173,20,1,0.05
7878,4174,83,1,0.05
7879,4174,60,2,0.0
7880,4175,10,4,0.0
7881,4176,86,1,0.1
7882,4176,77,1,0.1
7883,4177,21,1,0.0
7884,4178,29,1,0.0
7885,4178,78,1,0.05
7886,4179,60,1,0.02
7887,4179,69,2,0.1
7888,4180,17,1,0.1
7889,4180,39,1,0.0
7890,4181,56,3,0.02
7891,4181,67,2,0.1
7892,4182,81,1,0.02
7893,4182,23,1,0.05
7894,4182,47,1,0.02
7895,4182,9,2,0.05
7896,4183,2,1,0.0
7897,4183,84,2,0.0
7898,4183,67,1,0.05
7899,4184,12,1,0.02
7900,4184,32,1,0.02
7901,4185,89,1,0.0
7902,4186,55,1,0.0
7903,4186,70,1,0.15
7904,4187,31,1,0.05
7905,4187,18,1,0.05
7906,4187,35,1,0.0
7907,4187,7,1,0.1
7908,4188,89,1,0.05
7909,4189,24,1,0.0
7910,4190,55,1,0.0
7911,4190,2,3,0.0
7912,4190,52,1,0.0
7913,4190,22,1,0.02
7914,4191,57,1,0.02
7915,4192,88,1,0.05
7916,4192,72,1,0.0
7917,4192,40,1,0.0
7918,4192,81,1,0.02
7919,4192,71,2,0.02
7920,4193,84,1,0.0
7921,4193,32,1,0.05
7922,4193,61,1,0.02
7923,4194,50,2,0.0
7924,4194,71,1,0.05
7925,4195,53,2,0.05
7926,4196,43,2,0.1
7927,4196,71,1,0.02
7928,4197,2,1,0.05
7929,4197,14,4,0.05
7930,4197,43,1,0.1
7931,4198,19,2,0.05
7932,4198,22,2,0.05
7933,4199,78,2,0.0
7934,4199,20,1,0.05
7935,4200,94,1,0.02
7936,4200,9,2,0.0
7937,4201,87,1,0.05
7938,4202,50,1,0.0
7939,4203,61,1,0.0
7940,4204,81,2,0.05
7941,4204,39,3,0.0
7942,4204,38,2,0.1
7943,4204,65,1,0.0
7944,4205,35,1,0.02
7945,4205,2,2,0.05
7946,4205,46,2,0.02
7947,4206,93,1,0.0
7948,4206,64,3,0.02
7949,4207,94,1,0.0
7950,4207,23,1,0.0
7951,4207,36,1,0.02
7952,4207,3,2,0.02
7953,4207,2,1,0.05
7954,4208,67,2,0.0
7955,4209,88,2,0.0
7956,4210,75,1,0.02
7957,4211,58,3,0.0
7958,4211,8,2,0.15
7959,4211,12,1,0.1
7960,4211,63,1,0.02
7961,4211,51,2,0.15
7962,4212,57,4,0.05
7963,4212,42,1,0.1
7964,4213,33,2,0.0
7965,4214,62,1,0.05
7966,4215,69,1,0.0
7967,4216,42,1,0.0
7968,4217,3,1,0.05
7969,4218,27,1,0.1
7970,4218,92,3,0.0
7971,4218,18,2,0.0
7972,4218,57,1,0.02
7973,4218,84,1,0.1
7974,4219,88,3,0.02
7975,4220,41,1,0.0
7976,4221,26,4,0.0
7977,4222,37,1,0.02
7978,4223,11,1,0.0
7979,4223,13,1,0.0
7980,4223,20,2,0.02
7981,4224,56,1,0.0
7982,4224,15,1,0.1
7983,4225,84,2,0.02
7984,4226,84,2,0.0
7985,4226,80,1,0.05
7986,4227,92,1,0.0
7987,4227,17,2,0.02
7988,4227,38,2,0.02
7989,4228,59,2,0.02
7990,4229,31,1,0.0
7991,4229,85,1,0.1
7992,4230,26,1,0.0
7993,4230,14,1,0.0
7994,4231,25,1,0.0
7995,4231,75,1,0.1
7996,4231,18,1,0.0
7997,4231,48,3,0.02
7998,4232,22,3,0.05
7999,4232,55,1,0.02
8000,4232,29,4,0.02
8001,4232,91,1,0.02
8002,4233,8,1,0.05
8003,4233,16,1,0.02
8004,4233,7,1,0.0
8005,4234,21,1,0.0
8006,4234,56,1,0.05
8007,4234,49,1,0.0
8008,4234,72,3,0.15
8009,4234,23,3,0.02
8010,4235,30,2,0.1
8011,4235,44,1,0.1
8012,4235,71,1,0.0
8013,4236,74,1,0.0
8014,4236,58,1,0.0
8015,4237,95,1,0.0
8016,4237,9,1,0.0
8017,4237,79,1,0.02
8018,4238,19,1,0.1
8019,4238,69,1,0.05
8020,4238,48,3,0.15
8021,4239,21,2,0.1
8022,4240,48,4,0.05
8023,4240,25,1,0.0
8024,4240,78,1,0.0
8025,4240,21,1,0.0
8026,4240,62,1,0.02
8027,4241,64,2,0.02
8028,4241,44,1,0.1
8029,4242,64,1,0.02
8030,4243,16,1,0.0
8031,4243,3,2,0.0
8032,4244,84,1,0.05
8033,4244,83,2,0.0
8034,4244,82,2,0.0
8035,4245,24,1,0.02
8036,4246,85,1,0.05
8037,4247,74,2,0.0
8038,4247,39,4,0.0
8039,4247,41,1,0.0
8040,4248,4,1,0.0
8041,4249,18,1,0.1
8042,4250,83,1,0.05
8043,4251,6,1,0.02
8044,4251,79,1,0.02
8045,4252,95,1,0.02
8046,4253,6,1,0.0
8047,4254,77,2,0.0
8048,4255,69,1,0.0
8049,4255,42,2,0.0
8050,4256,63,1,0.0
8051,4256,94,1,0.02
8052,4256,76,1,0.0
8053,4256,30,1,0.02
8054,4257,34,2,0.1
8055,4257,16,3,0.05
8056,4258,2,2,0.05
8057,4259,45,1,0.05
8058,4259,10,1,0.05
8059,4260,94,2,0.05
8060,4260,42,1,0.05
8061,4261,96,3,0.02
8062,4261,15,1,0.05
8063,4261,54,1,0.05
8064,4262,40,1,0.0
8065,4262,54,3,0.05
8066,4263,92,1,0.0
8067,4264,48,1,0.0
8068,4264,47,1,0.05
8069,4265,59,1,0.15
8070,4266,76,1,0.0
8071,4267,51,1,0.0
8072,4268,40,1,0.0
8073,4269,48,1,0.1
8074,4269,7,1,0.0
8075,4269,74,2,0.05
8076,4269,60,3,0.0
8077,4269,35,1,0.0
8078,4270,95,2,0.1
8079,4271,41,3,0.0
8080,4272,59,1,0.15
8081,4273,96,1,0.0
8082,4274,75,1,0.0
8083,4275,78,1,0.0
8084,4275,45,1,0.0
8085,4276,62,2,0.02
8086,4276,65,1,0.0
8087,4277,86,2,0.0
8088,4277,88,1,0.02
8089,4277,24,1,0.0
8090,4278,45,2,0.05
8091,4279,1,2,0.0
8092,4280,17,1,0.05
8093,4281,70,1,0.1
8094,4282,18,1,0.0
8095,4283,62,1,0.0
8096,4283,36,1,0.05
8097,4283,71,2,0.05
8098,4283,67,1,0.15
8099,4284,57,1,0.1
8100,4285,88,1,0.05
8101,4286,70,1,0.1
8102,4287,24,1,0.05
8103,4287,67,1,0.05
8104,4287,76,1,0.0
8105,4288,59,1,0.15
8106,4289,77,1,0.0
8107,4290,21,1,0.05
8108,4290,8,1,0.05
8109,4290,14,1,0.0
8110,4290,95,1,0.05
8111,4291,9,2,0.0
8112,4291,60,3,0.1
8113,4291,21,1,0.0
8114,4291,73,3,0.0
8115,4292,18,1,0.05
8116,4293,30,1,0.05
8117,4293,74,1,0.02
8118,4294,56,1,0.02
8119,4295,24,2,0.02
8120,4296,41,1,0.0
8121,4297,95,1,0.1
8122,4297,22,1,0.05
8123,4298,73,1,0.02
8124,4298,78,1,0.05
8125,4299,79,1,0.0
8126,4300,52,1,0.02
8127,4300,94,1,0.0
8128,4300,62,1,0.05
8129,4300,79,2,0.1
8130,4301,86,1,0.15
8131,4301,54,1,0.02
8132,4302,46,3,0.02
8133,4303,12,1,0.05
8134,4303,15,1,0.0
8135,4304,6,2,0.0
8136,4304,10,1,0.0
8137,4305,14,2,0.05
8138,4306,38,4,0.05
8139,4307,54,2,0.05
8140,4307,95,3,0.0
8141,4307,62,1,0.0
8142,4307,60,2,0.02
8143,4308,34,1,0.0
8144,4308,38,4,0.0
8145,4309,60,1,0.0
8146,4309,13,3,0.1
8147,4310,70,1,0.0
8148,4310,51,1,0.0
8149,4311,38,1,0.15
8150,4312,8,1,0.02
8151,4312,10,2,0.0
8152,4313,79,1,0.05
8153,4313,25,1,0.05
8154,4313,48,2,0.0
8155,4314,55,2,0.0
8156,4314,65,1,0.05
8157,4314,46,3,0.0
8158,4315,16,1,0.05
8159,4316,63,1,0.0
8160,4317,74,1,0.0
8161,4317,82,3,0.0
8162,4318,40,2,0.05
8163,4319,87,3,0.0
8164,4320,45,2,0.0
8165,4321,12,2,0.05
8166,4321,34,1,0.0
8167,4322,4,1,0.0
8168,4323,16,3,0.0
8169,4324,72,1,0.0
8170,4325,35,1,0.02
8171,4325,94,3,0.05
8172,4325,93,1,0.0
8173,4326,21,2,0.05
8174,4326,96,2,0.1
8175,4326,24,1,0.02
8176,4326,54,2,0.0
8177,4327,87,2,0.05
8178,4327,93,3,0.05
8179,4327,37,2,0.15
8180,4328,58,2,0.0
8181,4329,54,4,0.0
8182,4329,58,2,0.0
8183,4329,81,3,0.0
8184,4330,76,1,0.0
8185,4331,48,1,0.05
8186,4332,88,2,0.0
8187,4332,71,3,0.05
8188,4333,35,1,0.05
8189,4333,92,1,0.0
8190,4333,9,1,0.0
8191,4334,38,1,0.02
8192,4334,42,1,0.0
8193,4334,39,1,0.05
8194,4335,95,1,0.0
8195,4335,47,1,0.0
8196,4336,53,3,0.02
8197,4336,80,1,0.05
8198,4336,29,1,0.0
8199,4336,7,1,0.1
8200,4336,62,2,0.0
8201,4337,59,4,0.0
8202,4337,70,2,0.0
8203,4338,27,2,0.02
8204,4339,76,2,0.05
8205,4340,64,2,0.05
8206,4340,76,1,0.0
8207,4340,31,2,0.02
8208,4341,11,2,0.05
8209,4342,8,1,0.0
8210,4343,35,3,0.0
8211,4344,22,1,0.02
8212,4344,2,1,0.05
8213,4345,17,2,0.05
8214,4346,73,1,0.0
8215,4347,40,1,0.0
8216,4348,7,4,0.02
8217,4348,74,3,0.0
8218,4349,10,1,0.1
8219,4350,42,1,0.0
8220,4351,31,1,0.15
8221,4352,32,1,0.0
8222,4352,85,2,0.15
8223,4353,82,1,0.05
8224,4354,16,1,0.05
8225,4355,86,2,0.0
8226,4355,1,1,0.0
8227,4356,42,2,0.15
8228,4357,67,3,0.0
8229,4357,8,2,0.0
8230,4358,68,1,0.1
8231,4358,51,2,0.02
8232,4359,87,1,0.02
8233,4360,92,2,0.02
8234,4360,31,2,0.0
8235,4361,6,4,0.0
8236,4361,47,1,0.0
8237,4362,90,1,0.0
8238,4362,43,1,0.1
8239,4363,65,2,0.0
8240,4363,11,1,0.0
8241,4363,2,3,0.05
8242,4364,78,2,0.02
8243,4364,74,4,0.0
8244,4365,20,1,0.02
8245,4365,54,2,0.0
8246,4365,8,2,0.0
8247,4365,2,4,0.05
8248,4365,7,2,0.0
8249,4366,86,3,0.15
8250,4367,11,2,0.1
8251,4368,42,1,0.0
8252,4369,1,1,0.0
8253,4370,74,2,0.1
8254,4370,59,1,0.05
8255,4371,60,1,0.1
8256,4371,6,1,0.05
8257,4372,62,3,0.1
8258,4372,9,1,0.0
8259,4372,84,1,0.0
8260,4373,66,1,0.0
8261,4374,9,1,0.02
8262,4375,54,1,0.15
8263,4375,58,1,0.1
8264,4376,46,1,0.0
8265,4376,62,1,0.02
8266,4376,22,2,0.1
8267,4376,11,3,0.0
8268,4377,9,1,0.05
8269,4378,49,1,0.0
8270,4378,26,1,0.0
8271,4379,53,1,0.0
8272,4380,91,4,0.0
8273,4381,80,1,0.0
8274,4381,6,1,0.1
8275,4381,78,3,0.0
8276,4382,53,3,0.0
8277,4383,43,3,0.0
8278,4384,95,1,0.05
8279,4384,45,1,0.1
8280,4385,47,1,0.0
8281,4385,57,2,0.0
8282,4386,14,2,0.15
8283,4386,67,1,0.0
8284,4387,83,2,0.02
8285,4387,58,3,0.1
8286,4388,63,2,0.02
8287,4388,14,1,0.0
8288,4389,52,2,0.0
8289,4390,43,2,0.05
8290,4390,68,1,0.0
8291,4391,16,1,0.0
8292,4392,81,2,0.0
8293,4393,41,2,0.0
8294,4394,66,1,0.0
8295,4394,56,2,0.0
8296,4395,36,2,0.15
8297,4395,75,1,0.15
8298,4396,34,1,0.0
8299,4396,85,2,0.1
8300,4397,44,2,0.1
8301,4397,29,2,0.02
8302,4398,85,1,0.0
8303,4398,5,1,0.05
8304,4399,14,2,0.0
8305,4399,10,2,0.1
8306,4399,84,1,0.02
8307,4400,86,1,0.02
8308,4400,50,1,0.02
8309,4401,76,1,0.0
8310,4402,55,2,0.0
8311,4403,27,1,0.1
8312,4404,16,1,0.0
8313,4405,56,1,0.05
8314,4405,51,1,0.0
8315,4405,42,1,0.0
8316,4405,31,1,0.0
8317,4405,78,2,0.0
8318,4406,73,1,0.02
8319,4407,94,1,0.05
8320,4408,53,2,0.02
8321,4408,56,1,0.0
8322,4409,89,1,0.0
8323,4409,32,1,0.0
8324,4410,25,1,0.0
8325,4411,51,1,0.0
8326,4412,9,1,0.0
8327,4412,91,1,0.0
8328,4412,50,2,0.1
8329,4412,38,1,0.15
8330,4412,32,2,0.0
8331,4413,19,1,0.02
8332,4413,47,3,0.1
8333,4414,23,1,0.1
8334,4415,11,1,0.15
8335,4416,61,1,0.0
8336,4417,4,1,0.02
8337,4418,55,1,0.0
8338,4418,50,3,0.0
8339,4419,45,2,0.1
8340,4419,93,2,0.0
8341,4419,82,2,0.0
8342,4420,21,1,0.1
8343,4421,68,1,0.0
8344,4422,50,1,0.15
8345,4422,35,3,0.0
8346,4422,82,3,0.0
8347,4423,82,1,0.02
8348,4423,24,1,0.1
8349,4423,19,1,0.0
8350,4424,37,4,0.02
8351,4424,80,1,0.15
8352,4425,2,1,0.15
8353,4425,56,1,0.0
8354,4426,29,1,0.05
8355,4426,31,1,0.0
8356,4426,36,1,0.02
8357,4427,39,4,0.15
8358,4427,75,3,0.05
8359,4428,65,3,0.15
8360,4428,78,2,0.0
8361,4429,17,1,0.05
8362,4430,74,3,0.0
8363,4431,44,1,0.0
8364,4431,5,1,0.05
8365,4432,8,1,0.0
8366,4433,22,1,0.0
8367,4433,81,1,0.02
8368,4434,51,1,0.02
8369,4435,92,1,0.0
8370,4436,55,1,0.15
8371,4437,15,1,0.1
8372,4437,45,1,0.0
8373,4438,36,1,0.0
8374,4439,18,1,0.1
8375,4439,77,3,0.0
8376,4440,34,4,0.1
8377,4440,73,1,0.15
8378,4440,64,1,0.05
8379,4441,81,1,0.0
8380,4442,90,1,0.0
8381,4443,26,1,0.0
8382,4444,83,1,0.0
8383,4444,9,3,0.0
8384,4444,75,2,0.0
8385,4445,25,1,0.15
8386,4446,13,1,0.0
8387,4447,25,1,0.1
8388,4448,96,1,0.0
8389,4448,26,2,0.0
8390,4449,34,1,0.02
8391,4450,64,1,0.05
8392,4451,3,1,0.0
8393,4452,22,1,0.0
8394,4453,86,2,0.0
8395,4454,65,1,0.02
8396,4454,40,1,0.0
8397,4454,51,2,0.1
8398,4455,51,1,0.0
8399,4455,33,2,0.05
8400,4456,3,2,0.0
8401,4456,23,1,0.0
8402,4456,70,1,0.0
8403,4457,67,3,0.0
8404,4457,69,2,0.1
8405,4457,61,1,0.1
8406,4457,78,1,0.0
8407,4458,6,1,0.05
8408,4458,8,2,0.15
8409,4458,57,3,0.02
8410,4458,74,1,0.02
8411,4459,64,1,0.02
8412,4459,1,1,0.1
8413,4460,78,3,0.15
8414,4461,62,1,0.15
8415,4462,32,2,0.1
8416,4463,33,2,0.15
8417,4464,35,1,0.0
8418,4464,94,1,0.0
8419,4465,74,1,0.1
8420,4466,6,2,0.1
8421,4466,26,1,0.05
8422,4467,83,1,0.02
8423,4467,89,1,0.0
8424,4468,93,2,0.02
8425,4469,45,1,0.0
8426,4470,61,1,0.0
8427,4470,54,1,0.05
8428,4471,26,1,0.0
8429,4472,39,1,0.0
8430,4472,53,2,0.0
8431,4473,55,1,0.0
8432,4474,57,1,0.02
8433,4474,46,1,0.0
8434,4474,4,4,0.02
8435,4474,24,1,0.0
8436,4475,24,1,0.0
8437,4475,77,1,0.02
8438,4476,63,3,0.0
8439,4477,53,1,0.05
8440,4477,76,2,0.05
8441,4478,10,1,0.0
8442,4479,27,1,0.1
8443,4480,61,2,0.0
8444,4480,66,3,0.0
8445,4480,36,2,0.0
8446,4481,72,2,0.0
8447,4481,60,2,0.0
8448,4481,38,1,0.05
8449,4482,46,1,0.05
8450,4483,45,1,0.0
8451,4484,96,1,0.05
8452,4484,10,1,0.05
8453,4484,65,1,0.0
8454,4484,30,1,0.0
8455,4484,48,1,0.0
8456,4485,85,3,0.1
8457,4485,54,2,0.0
8458,4486,58,3,0.0
8459,4486,9,1,0.0
8460,4487,22,1,0.05
8461,4488,31,1,0.15
8462,4489,32,2,0.05
8463,4489,8,2,0.0
8464,4489,41,2,0.0
8465,4489,93,1,0.0
8466,4490,75,1,0.0
8467,4490,1,2,0.05
8468,4490,23,2,0.05
8469,4491,62,2,0.0
8470,4491,88,2,0.0
8471,4491,61,4,0.02
8472,4491,78,1,0.0
8473,4491,2,1,0.0
8474,4492,68,1,0.0
8475,4493,38,1,0.0
8476,4493,14,1,0.02
8477,4494,67,4,0.0
8478,4495,9,1,0.05
8479,4496,6,1,0.0
8480,4496,94,1,0.0
8481,4496,7,2,0.0
8482,4496,72,1,0.0
8483,4497,18,1,0.05
8484,4498,40,2,0.02
8485,4499,22,1,0.0
8486,4499,74,1,0.02
8487,4499,47,1,0.0
8488,4499,10,1,0.0
8489,4500,90,2,0.05
8490,4500,21,3,0.1
8491,4500,1,1,0.0
8492,4501,35,2,0.15
8493,4501,17,1,0.05
8494,4502,15,1,0.1
8495,4502,56,1,0.02
8496,4503,5,1,0.05
8497,4504,76,1,0.05
8498,4505,73,1,0.0
8499,4505,83,2,0.0
8500,4505,12,1,0.1
8501,4506,18,2,0.05
8502,4506,86,1,0.05
8503,4507,40,2,0.1
8504,4507,55,1,0.0
8505,4508,35,1,0.0
8506,4509,93,1,0.02
8507,4509,15,2,0.05
8508,4509,53,1,0.02
8509,4510,73,2,0.0
8510,4511,27,1,0.0
8511,4512,61,1,0.02
8512,4513,85,1,0.0
8513,4513,9,1,0.0
8514,4514,33,1,0.0
8515,4514,26,1,0.0
8516,4514,5,3,0.05
8517,4514,25,1,0.0
8518,4515,28,1,0.05
8519,4516,57,1,0.05
8520,4516,11,1,0.1
8521,4516,94,1,0.0
8522,4516,22,1,0.1
8523,4516,64,2,0.02
8524,4517,7,2,0.0
8525,4518,24,1,0.02
8526,4518,64,3,0.05
8527,4518,5,2,0.0
8528,4519,34,1,0.0
8529,4520,3,2,0.1
8530,4521,87,1,0.0
8531,4522,33,1,0.0
8532,4522,89,1,0.0
8533,4522,29,1,0.05
8534,4522,14,2,0.0
8535,4523,89,1,0.0
8536,4523,46,4,0.0
8537,4524,28,2,0.1
8538,4524,70,1,0.0
8539,4524,17,1,0.02
8540,4524,2,1,0.0
8541,4525,12,1,0.02
8542,4525,90,1,0.0
8543,4526,10,1,0.1
8544,4526,32,1,0.0
8545,4526,24,1,0.02
8546,4526,17,3,0.02
8547,4526,38,1,0.05
8548,4527,63,2,0.0
8549,4527,74,1,0.0
8550,4528,72,1,0.05
8551,4529,49,2,0.15
8552,4530,29,3,0.05
8553,4531,43,2,0.0
8554,4531,22,3,0.02
8555,4532,14,1,0.0
8556,4532,50,3,0.0
8557,4533,30,1,0.05
8558,4534,7,1,0.0
8559,4535,84,3,0.0
8560,4536,60,1,0.0
8561,4536,68,1,0.02
8562,4536,78,1,0.15
8563,4537,74,1,0.05
8564,4537,10,2,0.0
8565,4538,39,1,0.15
8566,4538,38,1,0.02
8567,4538,15,4,0.05
8568,4539,86,1,0.02
8569,4540,71,1,0.02
8570,4540,86,2,0.0
8571,4541,15,2,0.1
8572,4542,42,1,0.05
8573,4543,87,1,0.02
8574,4544,67,1,0.05
8575,4544,82,1,0.02
8576,4544,37,1,0.02
8577,4545,26,2,0.0
8578,4546,61,1,0.02
8579,4547,70,1,0.0
8580,4548,65,1,0.15
8581,4549,71,1,0.02
8582,4549,27,2,0.05
8583,4550,55,1,0.0
8584,4550,38,1,0.05
8585,4551,18,2,0.0
8586,4551,32,1,0.0
8587,4552,80,1,0.0
8588,4553,13,3,0.05
8589,4554,22,1,0.02
8590,4554,6,2,0.0
8591,4555,86,3,0.02
8592,4555,6,1,0.02
8593,4556,80,1,0.0
8594,4557,38,2,0.05
8595,4557,22,2,0.05
8596,4557,82,1,0.0
8597,4557,46,1,0.0
8598,4558,19,1,0.1
8599,4559,31,1,0.05
8600,4560,93,2,0.05
8601,4561,90,2,0.0
8602,4561,62,2,0.0
8603,4562,56,2,0.0
8604,4562,19,2,0.0
8605,4563,88,1,0.05
8606,4564,76,1,0.05
8607,4565,3,1,0.0
8608,4565,83,1,0.1
8609,4566,27,3,0.05
8610,4566,68,2,0.05
8611,4567,17,1,0.02
8612,4567,81,1,0.0
8613,4568,92,2,0.02
8614,4569,75,3,0.02
8615,4569,76,3,0.0
8616,4569,84,2,0.1
8617,4569,32,1,0.0
8618,4570,6,1,0.02
8619,4571,84,1,0.02
8620,4572,52,1,0.05
8621,4573,29,1,0.05
8622,4573,83,1,0.05
8623,4573,4,1,0.05
8624,4573,10,2,0.02
8625,4574,70,1,0.0
8626,4575,55,1,0.0
8627,4576,69,1,0.02
8628,4576,50,1,0.1
8629,4576,83,1,0.0
8630,4577,86,3,0.0
8631,4578,22,1,0.0
8632,4578,96,1,0.0
8633,4579,72,1,0.05
8634,4579,66,1,0.02
8635,4579,90,1,0.0
8636,4579,37,1,0.02
8637,4580,94,1,0.02
8638,4581,56,1,0.0
8639,4582,56,2,0.02
8640,4582,85,1,0.0
8641,4582,60,2,0.0
8642,4582,9,1,0.02
8643,4583,22,2,0.0
8644,4583,88,3,0.0
8645,4583,28,2,0.05
8646,4583,75,1,0.05
8647,4584,94,3,0.02
8648,4584,26,1,0.0
8649,4585,22,1,0.0
8650,4585,70,3,0.05
8651,4586,95,3,0.0
8652,4587,50,1,0.05
8653,4588,12,1,0.02
8654,4589,94,1,0.02
8655,4590,77,1,0.05
8656,4590,25,1,0.02
8657,4591,18,2,0.1
8658,4591,40,1,0.0
8659,4592,48,3,0.1
8660,4593,29,1,0.02
8661,4593,95,1,0.0
8662,4593,41,2,0.0
8663,4594,58,3,0.05
8664,4594,20,4,0.02
8665,4595,39,2,0.02
8666,4595,59,1,0.0
8667,4596,10,1,0.0
8668,4597,12,1,0.02
8669,4597,18,1,0.05
8670,4597,7,3,0.0
8671,4598,90,1,0.02
8672,4599,76,1,0.02
8673,4600,58,2,0.02
8674,4600,76,1,0.05
8675,4600,38,1,0.05
8676,4601,63,1,0.02
8677,4601,28,1,0.1
8678,4602,30,1,0.0
8679,4602,52,1,0.05
8680,4603,92,1,0.0
8681,4604,6,3,0.0
8682,4604,47,1,0.0
8683,4605,58,2,0.02
8684,4606,83,1,0.05
8685,4606,30,2,0.05
8686,4607,52,4,0.0
8687,4607,55,1,0.1
8688,4608,71,1,0.05
8689,4608,14,3,0.05
8690,4609,16,3,0.0
8691,4610,36,1,0.0
8692,4611,96,3,0.0
8693,4611,27,1,0.05
8694,4611,20,1,0.0
8695,4612,31,1,0.0
8696,4612,9,1,0.0
8697,4612,82,1,0.0
8698,4612,48,2,0.0
8699,4613,44,2,0.0
8700,4613,80,1,0.1
8701,4614,65,2,0.1
8702,4615,64,2,0.0
8703,4615,42,2,0.02
8704,4616,68,4,0.0
8705,4616,86,1,0.0
8706,4616,90,2,0.0
8707,4616,64,4,0.1
8708,4616,17,1,0.0
8709,4617,17,1,0.15
8710,4618,12,3,0.05
8711,4618,8,4,0.0
8712,4618,2,2,0.0
8713,4618,72,3,0.0
8714,4619,36,1,0.0
8715,4619,44,2,0.02
8716,4619,47,1,0.15
8717,4619,45,2,0.02
8718,4619,52,3,0.05
8719,4620,39,1,0.0
8720,4621,59,1,0.05
8721,4621,73,1,0.02
8722,4622,79,2,0.0
8723,4622,29,2,0.02
8724,4622,25,1,0.02
8725,4623,27,1,0.02
8726,4624,6,2,0.02
8727,4624,18,2,0.02
8728,4625,28,2,0.1
8729,4626,56,1,0.0
8730,4626,44,2,0.0
8731,4626,75,3,0.0
8732,4627,57,1,0.02
8733,4628,49,1,0.05
8734,4629,36,1,0.0
8735,4630,63,3,0.0
8736,4631,47,1,0.02
8737,4631,84,1,0.02
8738,4631,89,1,0.02
8739,4632,36,3,0.05
8740,4632,31,1,0.02
8741,4633,16,1,0.1
8742,4634,34,1,0.02
8743,4635,35,3,0.0
8744,4636,86,1,0.15
8745,4636,32,1,0.0
8746,4637,89,2,0.0
8747,4637,12,2,0.15
8748,4637,38,2,0.02
8749,4638,42,1,0.05
8750,4638,57,1,0.1
8751,4639,90,1,0.0
8752,4640,59,2,0.0
8753,4640,88,3,0.02
8754,4640,36,1,0.0
8755,4641,67,1,0.05
8756,4642,39,1,0.02
8757,4642,32,2,0.02
8758,4642,67,1,0.0
8759,4642,52,2,0.0
8760,4643,29,1,0.05
8761,4643,22,2,0.0
8762,4643,60,1,0.0
8763,4644,90,1,0.0
8764,4645,64,4,0.0
8765,4646,47,1,0.1
8766,4646,31,1,0.05
8767,4646,49,1,0.0
8768,4647,28,1,0.05
8769,4647,47,1,0.1
8770,4648,28,2,0.02
8771,4649,52,1,0.0
8772,4649,66,1,0.05
8773,4649,86,1,0.1
8774,4650,94,1,0.0
8775,4650,61,1,0.02
8776,4650,15,1,0.02
8777,4651,29,1,0.05
8778,4651,5,2,0.1
8779,4651,91,1,0.0
8780,4651,14,3,0.0
8781,4651,76,1,0.0
8782,4652,30,1,0.0
8783,4653,53,2,0.0
8784,4654,3,1,0.05
8785,4655,54,1,0.0
8786,4656,1,1,0.0
8787,4657,91,1,0.0
8788,4657,6,1,0.05
8789,4658,78,2,0.02
8790,4658,33,1,0.05
8791,4658,28,1,0.05
8792,4659,49,1,0.0
8793,4660,72,1,0.1
8794,4660,50,2,0.0
8795,4660,81,1,0.15
8796,4661,42,1,0.02
8797,4661,13,1,0.0
8798,4661,31,1,0.02
8799,4661,2,2,0.0
8800,4662,24,1,0.02
8801,4663,48,2,0.0
8802,4663,94,1,0.0
8803,4664,7,1,0.0
8804,4664,86,1,0.02
8805,4664,56,1,0.0
8806,4664,45,1,0.0
8807,4665,62,1,0.05
8808,4666,17,3,0.05
8809,4667,3,2,0.0
8810,4667,72,1,0.05
8811,4667,84,1,0.15
8812,4668,44,1,0.0
8813,4668,37,1,0.15
8814,4669,26,1,0.0
8815,4669,10,2,0.05
8816,4670,68,1,0.0
8817,4670,25,3,0.0
8818,4671,33,1,0.05
8819,4672,38,3,0.05
8820,4673,87,1,0.0
8821,4673,85,1,0.05
8822,4674,67,1,0.1
8823,4675,76,1,0.05
8824,4675,91,2,0.0
8825,4675,77,1,0.0
8826,4675,89,1,0.0
8827,4675,56,1,0.0
8828,4676,95,1,0.02
8829,4676,62,1,0.02
8830,4677,51,1,0.02
8831,4677,28,1,0.1
8832,4677,11,2,0.05
8833,4677,59,1,0.0
8834,4678,13,3,0.05
8835,4679,1,1,0.02
8836,4680,79,2,0.1
8837,4681,56,1,0.1
8838,4682,71,2,0.0
8839,4683,5,1,0.1
8840,4683,25,1,0.05
8841,4684,47,1,0.0
8842,4684,46,2,0.0
8843,4684,87,2,0.0
8844,4684,16,1,0.0
8845,4684,81,2,0.05
8846,4685,80,2,0.15
8847,4685,29,2,0.0
8848,4685,24,1,0.0
8849,4685,43,1,0.0
8850,4686,48,3,0.0
8851,4687,87,2,0.05
8852,4688,59,4,0.02
8853,4688,13,4,0.05
8854,4688,42,2,0.1
8855,4689,85,1,0.0
8856,4690,21,1,0.0
8857,4691,65,1,0.0
8858,4691,59,2,0.0
8859,4691,41,2,0.0
8860,4691,83,1,0.15
8861,4691,48,3,0.1
8862,4692,32,3,0.1
8863,4692,31,1,0.0
8864,4692,43,2,0.0
8865,4693,14,1,0.0
8866,4694,25,1,0.1
8867,4695,86,2,0.1
8868,4696,21,2,0.0
8869,4696,32,1,0.0
8870,4696,58,1,0.0
8871,4697,48,2,0.0
8872,4697,24,1,0.0
8873,4698,8,1,0.0
8874,4698,18,1,0.1
8875,4698,89,3,0.02
8876,4699,22,1,0.0
8877,4699,19,1,0.0
8878,4700,9,1,0.0
8879,4700,71,2,0.0
8880,4700,32,1,0.0
8881,4700,60,1,0.05
8882,4701,31,1,0.02
8883,4702,50,1,0.02
8884,4703,23,1,0.0
8885,4704,27,1,0.05
8886,4704,52,1,0.0
8887,4705,64,1,0.05
8888,4706,28,1,0.05
8889,4707,55,3,0.0
8890,4708,68,3,0.02
8891,4709,63,2,0.02
8892,4709,30,1,0.0
8893,4710,62,1,0.0
8894,4710,26,1,0.02
8895,4710,1,1,0.0
8896,4711,20,2,0.0
8897,4711,84,2,0.15
8898,4711,79,1,0.1
8899,4712,41,1,0.0
8900,4713,8,1,0.1
8901,4713,52,1,0.0
8902,4714,15,2,0.05
8903,4715,87,2,0.0
8904,4715,45,1,0.0
8905,4716,33,1,0.15
8906,4717,16,3,0.0
8907,4717,33,3,0.0
8908,4717,68,1,0.0
8909,4718,10,1,0.0
8910,4719,78,1,0.1
8911,4719,7,2,0.05
8912,4720,80,1,0.0
8913,4720,9,1,0.0
8914,4720,15,1,0.15
8915,4720,87,2,0.0
8916,4720,81,2,0.1
8917,4721,94,2,0.0
8918,4722,68,2,0.0
8919,4722,22,1,0.1
8920,4722,11,1,0.0
8921,4723,22,1,0.02
8922,4723,45,1,0.15
8923,4724,39,1,0.05
8924,4725,76,1,0.1
8925,4725,79,1,0.1
8926,4725,10,1,0.0
8927,4725,48,1,0.0
8928,4726,16,2,0.0
8929,4726,84,1,0.1
8930,4727,53,3,0.0
8931,4728,27,1,0.0
8932,4728,3,3,0.05
8933,4729,45,2,0.02
8934,4730,88,2,0.1
8935,4730,95,1,0.1
8936,4730,50,1,0.1
8937,4731,82,2,0.0
8938,4731,36,1,0.0
8939,4731,10,1,0.1
8940,4731,96,1,0.05
8941,4732,65,1,0.05
8942,4732,2,1,0.0
8943,4732,53,1,0.0
8944,4733,48,1,0.0
8945,4733,4,1,0.0
8946,4734,57,1,0.15
8947,4735,81,2,0.05
8948,4735,84,1,0.0
8949,4735,63,1,0.05
8950,4736,10,3,0.1
8951,4737,35,1,0.1
8952,4738,21,1,0.15
8953,4738,2,1,0.0
8954,4739,89,2,0.0
8955,4740,79,1,0.0
8956,4741,9,3,0.1
8957,4741,22,2,0.0
8958,4741,25,1,0.0
8959,4741,42,2,0.02
8960,4741,96,2,0.02
8961,4742,26,2,0.0
8962,4742,16,1,0.0
8963,4743,82,1,0.0
8964,4743,80,3,0.1
8965,4743,6,1,0.0
8966,4744,47,1,0.05
8967,4744,54,1,0.1
8968,4744,91,3,0.1
8969,4745,74,2,0.0
8970,4746,60,2,0.0
8971,4746,34,1,0.1
8972,4747,2,2,0.0
8973,4748,72,3,0.15
8974,4749,62,1,0.02
8975,4749,28,1,0.05
8976,4749,19,1,0.0
8977,4750,82,2,0.0
8978,4750,86,2,0.0
8979,4750,9,4,0.0
8980,4751,71,2,0.02
8981,4751,47,1,0.1
8982,4752,34,1,0.05
8983,4753,24,1,0.05
8984,4754,26,1,0.05
8985,4754,96,2,0.1
8986,4754,94,3,0.05
8987,4755,27,2,0.0
8988,4755,71,1,0.0
8989,4755,57,3,0.0
8990,4755,63,1,0.0
8991,4756,5,2,0.02
8992,4756,53,1,0.02
8993,4757,39,3,0.0
8994,4757,60,1,0.0
8995,4758,89,2,0.0
8996,4759,86,1,0.0
8997,4759,15,2,0.02
8998,4759,17,1,0.0
8999,4760,32,3,0.0
9000,4760,11,1,0.05
9001,4761,84,2,0.02
9002,4762,40,1,0.05
9003,4762,11,1,0.0
9004,4763,43,1,0.0
9005,4763,76,1,0.05
9006,4763,83,2,0.0
9007,4763,29,1,0.0
9008,4764,69,1,0.0
9009,4765,58,1,0.05
9010,4765,79,1,0.0
9011,4765,23,3,0.0
9012,4765,50,3,0.05
9013,4766,37,1,0.05
9014,4767,15,4,0.0
9015,4768,56,1,0.0
9016,4769,56,1,0.1
9017,4769,88,1,0.02
9018,4770,74,1,0.0
9019,4771,71,1,0.05
9020,4772,39,2,0.05
9021,4772,64,2,0.02
9022,4773,5,3,0.0
9023,4773,37,2,0.05
9024,4774,62,4,0.1
9025,4775,12,1,0.0
9026,4775,21,1,0.0
9027,4776,40,2,0.05
9028,4777,16,1,0.1
9029,4778,72,1,0.05
9030,4778,44,1,0.05
9031,4778,36,1,0.0
9032,4779,85,1,0.1
9033,4779,11,1,0.0
9034,4780,18,1,0.1
9035,4780,89,1,0.05
9036,4780,15,2,0.02
9037,4781,7,2,0.05
9038,4782,85,1,0.0
9039,4782,86,1,0.0
9040,4783,14,1,0.02
9041,4784,47,1,0.0
9042,4785,36,2,0.15
9043,4785,48,1,0.05
9044,4786,71,1,0.1
9045,4786,8,1,0.15
9046,4787,78,1,0.02
9047,4788,11,1,0.0
9048,4788,76,2,0.1
9049,4789,36,1,0.05
9050,4789,35,2,0.02
9051,4790,48,3,0.1
9052,4790,30,3,0.05
9053,4790,18,1,0.02
9054,4791,21,1,0.0
9055,4792,66,1,0.0
9056,4792,68,2,0.1
9057,4792,82,2,0.02
9058,4792,28,1,0.0
9059,4792,39,1,0.1
9060,4793,47,1,0.02
9061,4793,87,2,0.0
9062,4794,48,1,0.0
9063,4794,19,2,0.05
9064,4795,42,2,0.05
9065,4795,96,1,0.1
9066,4796,75,1,0.0
9067,4797,84,1,0.0
9068,4797,4,1,0.0
9069,4798,23,1,0.0
9070,4798,31,1,0.02
9071,4798,17,1,0.05
9072,4798,38,1,0.0
9073,4799,93,4,0.1
9074,4800,36,1,0.1
9075,4801,37,1,0.0
9076,4801,96,2,0.1
9077,4802,72,1,0.1
9078,4803,81,1,0.0
9079,4804,42,1,0.0
9080,4805,27,1,0.05
9081,4806,1,1,0.0
9082,4806,57,1,0.05
9083,4806,93,3,0.1
9084,4807,24,3,0.0
9085,4807,95,1,0.0
9086,4808,42,2,0.05
9087,4809,6,1,0.02
9088,4810,29,1,0.1
9089,4810,88,1,0.0
9090,4810,20,2,0.05
9091,4810,2,1,0.0
9092,4810,32,1,0.0
9093,4811,60,1,0.02
9094,4812,7,1,0.0
9095,4812,50,3,0.1
9096,4812,5,3,0.0
9097,4813,27,2,0.0
9098,4813,55,3,0.15
9099,4814,44,1,0.05
9100,4814,79,1,0.1
9101,4814,68,2,0.05
9102,4814,65,2,0.0
9103,4815,90,2,0.0
9104,4815,11,1,0.0
9105,4816,75,1,0.05
9106,4816,90,1,0.0
9107,4817,9,1,0.02
9108,4817,54,1,0.0
9109,4817,28,2,0.0
9110,4818,7,1,0.02
9111,4819,41,1,0.02
9112,4819,20,1,0.1
9113,4819,71,1,0.0
9114,4819,3,4,0.05
9115,4820,47,1,0.05
9116,4821,45,3,0.02
9117,4822,74,1,0.02
9118,4823,53,2,0.0
9119,4824,83,3,0.05
9120,4824,52,1,0.15
9121,4824,34,1,0.0
9122,4825,69,1,0.02
9123,4826,37,2,0.1
9124,4827,83,1,0.1
9125,4828,39,2,0.0
9126,4828,48,1,0.0
9127,4829,38,1,0.1
9128,4830,68,1,0.05
9129,4831,89,2,0.15
9130,4832,42,1,0.0
9131,4833,54,2,0.02
9132,4833,89,2,0.0
9133,4834,77,3,0.0
9134,4835,36,1,0.0
9135,4835,46,1,0.02
9136,4836,76,2,0.05
9137,4836,49,1,0.05
9138,4837,69,1,0.1
9139,4838,52,2,0.0
9140,4838,46,2,0.0
9141,4839,50,1,0.05
9142,4840,93,1,0.0
9143,4841,9,1,0.0
9144,4841,50,3,0.0
9145,4841,41,1,0.15
9146,4842,46,1,0.0
9147,4843,30,1,0.0
9148,4844,34,1,0.02
9149,4845,46,1,0.0
9150,4846,41,1,0.0
9151,4846,15,3,0.0
9152,4847,93,1,0.0
9153,4847,4,1,0.1
9154,4848,11,1,0.0
9155,4848,37,2,0.05
9156,4848,88,3,0.0
9157,4849,85,3,0.0
9158,4850,89,2,0.1
9159,4850,6,1,0.0
9160,4851,44,1,0.02
9161,4852,68,2,0.0
9162,4853,75,1,0.02
9163,4853,74,1,0.02
9164,4854,47,1,0.05
9165,4855,47,1,0.0
9166,4855,78,1,0.1
9167,4855,72,3,0.05
9168,4855,84,3,0.0
9169,4856,79,1,0.0
9170,4856,27,2,0.05
9171,4857,42,2,0.0
9172,4858,42,1,0.0
9173,4858,73,1,0.0
9174,4858,26,1,0.02
9175,4858,55,1,0.05
9176,4858,56,3,0.0
9177,4859,23,1,0.0
9178,4859,81,2,0.02
9179,4860,34,2,0.05
9180,4860,15,2,0.02
9181,4861,69,1,0.0
9182,4861,56,2,0.0
9183,4862,69,2,0.0
9184,4862,20,1,0.05
9185,4862,94,1,0.1
9186,4862,53,2,0.02
9187,4863,28,1,0.02
9188,4864,66,2,0.05
9189,4865,54,1,0.05
9190,4865,5,2,0.05
9191,4865,56,2,0.02
9192,4866,39,2,0.02
9193,4867,44,2,0.02
9194,4868,13,2,0.0
9195,4868,29,2,0.0
9196,4868,65,2,0.05
9197,4868,50,1,0.0
9198,4869,66,1,0.05
9199,4869,24,1,0.0
9200,4870,47,2,0.1
9201,4871,53,1,0.0
9202,4872,75,2,0.05
9203,4872,79,1,0.0
9204,4873,42,1,0.0
9205,4873,1,1,0.02
9206,4874,49,1,0.0
9207,4875,93,1,0.05
9208,4875,52,4,0.02
9209,4876,56,2,0.1
9210,4876,60,2,0.1
9211,4876,10,4,0.0
9212,4877,92,1,0.05
9213,4877,23,1,0.0
9214,4878,76,1,0.02
9215,4878,47,1,0.0
9216,4878,86,3,0.1
9217,4878,77,1,0.02
9218,4878,50,2,0.05
9219,4879,55,1,0.1
9220,4880,23,1,0.05
9221,4880,38,1,0.0
9222,4880,46,1,0.0
9223,4880,13,1,0.05
9224,4880,42,1,0.15
9225,4881,78,3,0.02
9226,4881,44,1,0.02
9227,4882,40,1,0.05
9228,4882,12,1,0.15
9229,4882,69,2,0.0
9230,4883,50,2,0.0
9231,4883,40,2,0.0
9232,4884,26,2,0.0
9233,4884,5,4,0.0
9234,4885,74,1,0.05
9235,4886,75,2,0.0
9236,4887,47,1,0.02
9237,4888,22,2,0.0
9238,4888,50,1,0.1
9239,4888,43,1,0.0
9240,4889,80,1,0.02
9241,4890,38,1,0.02
9242,4890,27,1,0.0
9243,4890,3,1,0.02
9244,4891,87,1,0.0
9245,4892,24,1,0.0
9246,4893,36,2,0.02
9247,4894,41,1,0.05
9248,4895,54,1,0.15
9249,4895,51,1,0.0
9250,4895,64,2,0.05
9251,4896,45,1,0.0
9252,4897,13,2,0.05
9253,4898,9,1,0.05
9254,4899,40,4,0.0
9255,4899,69,2,0.1
9256,4899,37,1,0.02
9257,4899,28,1,0.02
9258,4899,3,2,0.0
9259,4900,11,2,0.0
9260,4901,81,2,0.0
9261,4902,92,1,0.0
9262,4902,3,1,0.1
9263,4902,79,2,0.02
9264,4903,67,1,0.0
9265,4903,24,2,0.0
9266,4904,27,1,0.0
9267,4904,52,1,0.0
9268,4904,22,1,0.0
9269,4904,31,1,0.02
9270,4904,87,2,0.02
9271,4905,85,1,0.02
9272,4905,12,1,0.15
9273,4906,55,1,0.05
9274,4906,89,3,0.0
9275,4907,4,3,0.05
9276,4908,79,1,0.05
9277,4908,36,2,0.1
9278,4909,93,1,0.0
9279,4909,8,1,0.0
9280,4909,6,1,0.1
9281,4910,29,1,0.0
9282,4911,27,1,0.0
9283,4912,22,1,0.05
9284,4912,26,1,0.02
9285,4912,34,1,0.0
9286,4912,58,1,0.0
9287,4912,69,2,0.0
9288,4913,48,2,0.15
9289,4913,20,2,0.0
9290,4914,77,1,0.0
9291,4914,43,2,0.02
9292,4915,96,2,0.02
9293,4915,67,3,0.05
9294,4915,13,1,0.0
9295,4916,35,3,0.0
9296,4917,49,3,0.0
9297,4918,26,1,0.0
9298,4919,44,2,0.1
9299,4920,92,4,0.02
9300,4920,47,4,0.0
9301,4920,59,1,0.05
9302,4920,64,3,0.0
9303,4921,57,1,0.05
9304,4922,85,2,0.0
9305,4923,33,1,0.0
9306,4923,47,2,0.0
9307,4923,6,1,0.02
9308,4923,62,1,0.15
9309,4924,36,1,0.1
9310,4925,76,3,0.0
9311,4926,9,3,0.05
9312,4926,19,1,0.0
9313,4927,6,2,0.0
9314,4928,37,1,0.1
9315,4929,46,2,0.05
9316,4930,69,2,0.0
9317,4931,90,1,0.02
9318,4931,12,1,0.0
9319,4931,52,1,0.05
9320,4931,77,2,0.0
9321,4932,76,2,0.02
9322,4932,40,2,0.0
9323,4933,66,1,0.0
9324,4934,47,2,0.0
9325,4934,84,1,0.15
9326,4934,40,1,0.0
9327,4935,2,1,0.05
9328,4936,38,2,0.1
9329,4936,49,3,0.0
9330,4936,18,1,0.05
9331,4936,66,1,0.0
9332,4936,27,1,0.02
9333,4937,79,3,0.0
9334,4938,16,3,0.0
9335,4939,70,1,0.05
9336,4939,61,1,0.02
9337,4939,19,1,0.0
9338,4939,90,2,0.0
9339,4940,14,3,0.0
9340,4940,7,1,0.02
9341,4940,16,1,0.0
9342,4941,60,1,0.02
9343,4942,7,3,0.0
9344,4942,72,1,0.1
9345,4942,20,1,0.1
9346,4943,12,1,0.0
9347,4943,63,1,0.1
9348,4943,18,1,0.1
9349,4944,34,1,0.05
9350,4945,23,3,0.1
9351,4946,56,1,0.02
9352,4946,38,1,0.02
9353,4947,45,1,0.05
9354,4947,51,2,0.05
9355,4948,57,1,0.0
9356,4949,92,1,0.1
9357,4950,69,1,0.0
9358,4951,72,3,0.15
9359,4951,6,1,0.05
9360,4952,7,2,0.0
9361,4952,69,2,0.02
9362,4952,2,1,0.05
9363,4953,16,1,0.02
9364,4954,32,4,0.05
9365,4955,56,2,0.0
9366,4955,48,1,0.0
9367,4956,40,4,0.1
9368,4956,30,1,0.02
9369,4957,46,1,0.1
9370,4957,25,1,0.0
9371,4958,51,2,0.02
9372,4958,45,1,0.0
9373,4959,52,1,0.0
9374,4960,82,1,0.1
9375,4960,37,1,0.0
9376,4961,7,2,0.0
9377,4962,85,1,0.0
9378,4962,89,1,0.0
9379,4963,32,1,0.02
9380,4963,40,1,0.05
9381,4963,1,2,0.0
9382,4964,71,1,0.05
9383,4964,42,2,0.0
9384,4965,92,2,0.1
9385,4965,61,1,0.0
9386,4966,59,1,0.0
9387,4966,54,1,0.02
9388,4966,50,1,0.1
9389,4966,75,1,0.0
9390,4967,88,2,0.0
9391,4967,95,1,0.02
9392,4967,19,1,0.05
9393,4968,82,2,0.0
9394,4969,74,3,0.0
9395,4970,88,2,0.0
9396,4971,20,2,0.05
9397,4972,57,2,0.0
9398,4973,23,1,0.02
9399,4974,9,1,0.02
9400,4975,96,1,0.02
9401,4975,17,1,0.02
9402,4975,88,3,0.0
9403,4976,82,1,0.0
9404,4977,46,1,0.15
9405,4978,22,2,0.15
9406,4979,1,1,0.0
9407,4980,86,1,0.0
9408,4980,55,1,0.0
9409,4980,80,1,0.0
9410,4980,11,1,0.0
9411,4981,79,2,0.05
9412,4982,71,1,0.0
9413,4982,70,1,0.0
9414,4983,85,2,0.0
9415,4984,2,1,0.0
9416,4984,87,2,0.02
9417,4984,60,2,0.0
9418,4985,92,1,0.05
9419,4986,83,1,0.0
9420,4986,29,1,0.0
9421,4986,30,1,0.0
9422,4987,23,1,0.02
9423,4987,70,1,0.0
9424,4988,16,2,0.05
9425,4988,11,1,0.0
9426,4988,67,2,0.0
9427,4989,46,1,0.05
9428,4989,3,1,0.15
9429,4990,89,1,0.05
9430,4990,90,1,0.0
9431,4990,15,1,0.0
9432,4990,1,3,0.05
9433,4991,84,1,0.05
9434,4991,19,1,0.15
9435,4992,70,1,0.05
9436,4993,80,2,0.0
9437,4994,5,1,0.02
9438,4994,51,4,0.1
9439,4994,37,4,0.05
9440,4994,81,2,0.0
9441,4995,39,1,0.0
9442,4995,44,3,0.0
9443,4996,81,1,0.02
9444,4997,91,2,0.05
9445,4998,91,1,0.0
9446,4999,15,1,0.0
9447,4999,61,1,0.15
9448,5000,85,1,0.0
9449,5000,38,2,0.0
9450,5000,73,1,0.1
9451,5000,15,2,0.15
9452,5000,47,1,0.1
9453,5001,23,1,0.05
9454,5001,82,2,0.0
9455,5001,45,1,0.02
9456,5002,81,2,0.05
9457,5003,4,3,0.0
9458,5003,93,1,0.05
9459,5004,72,2,0.05
9460,5005,34,1,0.02
9461,5006,96,2,0.0
9462,5006,21,1,0.0
9463,5007,45,1,0.0
9464,5007,80,2,0.0
9465,5007,46,1,0.0
9466,5008,34,1,0.0
9467,5008,59,1,0.02
9468,5009,30,1,0.02
9469,5009,29,1,0.0
9470,5009,13,2,0.1
9471,5009,76,1,0.1
9472,5010,28,1,0.0
9473,5010,46,1,0.0
9474,5011,66,3,0.02
9475,5012,59,2,0.0
9476,5013,45,1,0.02
9477,5014,9,2,0.05
9478,5015,78,3,0.05
9479,5015,48,2,0.02
9480,5016,38,1,0.0
9481,5017,65,2,0.1
9482,5017,89,1,0.1
9483,5018,73,1,0.0
9484,5019,26,1,0.0
9485,5020,19,1,0.05
9486,5020,71,1,0.0
9487,5021,68,1,0.0
9488,5021,25,3,0.0
9489,5021,60,1,0.02
9490,5022,6,1,0.05
9491,5023,96,2,0.05
9492,5024,43,1,0.02
9493,5024,47,1,0.02
9494,5025,24,1,0.0
9495,5026,53,2,0.0
9496,5026,7,3,0.15
9497,5027,82,2,0.05
9498,5027,46,1,0.1
9499,5027,67,1,0.0
9500,5027,35,1,0.02
9501,5028,88,4,0.0
9502,5029,65,1,0.05
9503,5029,58,1,0.0
9504,5030,53,1,0.0
9505,5030,33,2,0.0
9506,5030,57,1,0.0
9507,5031,82,1,0.1
9508,5032,51,1,0.0
9509,5033,82,4,0.02
9510,5033,5,3,0.0
9511,5034,86,1,0.0
9512,5035,65,1,0.02
9513,5035,32,1,0.0
9514,5035,16,1,0.02
9515,5035,96,2,0.0
9516,5036,21,1,0.05
9517,5036,27,1,0.0
9518,5037,83,1,0.0
9519,5037,6,2,0.02
9520,5037,53,1,0.0
9521,5038,11,2,0.0
9522,5038,86,2,0.1
9523,5038,69,1,0.1
9524,5039,69,1,0.1
9525,5040,72,1,0.0
9526,5041,61,3,0.0
9527,5041,81,1,0.05
9528,5041,16,4,0.0
9529,5041,4,2,0.0
9530,5042,93,2,0.0
9531,5042,62,2,0.0
9532,5042,19,1,0.0
9533,5042,20,1,0.0
9534,5043,35,1,0.0
9535,5044,51,1,0.05
9536,5045,44,2,0.0
9537,5045,42,2,0.0
9538,5046,14,1,0.0
9539,5046,20,2,0.0
9540,5046,53,1,0.02
9541,5047,7,1,0.0
9542,5047,17,1,0.0
9543,5047,91,1,0.05
9544,5048,19,1,0.0
9545,5048,52,2,0.1
9546,5049,88,3,0.0
9547,5050,3,1,0.0
9548,5050,88,1,0.0
9549,5051,60,1,0.05
9550,5052,49,4,0.05
9551,5052,4,1,0.0
9552,5052,67,1,0.0
9553,5052,84,1,0.0
9554,5053,55,1,0.05
9555,5053,75,1,0.0
9556,5054,68,1,0.0
9557,5054,61,2,0.0
9558,5055,23,2,0.02
9559,5055,39,1,0.0
9560,5055,49,2,0.02
9561,5056,7,1,0.0
9562,5057,32,1,0.05
9563,5057,93,1,0.0
9564,5058,88,2,0.0
9565,5059,90,1,0.0
9566,5059,75,1,0.0
9567,5059,15,2,0.0
9568,5060,82,1,0.0
9569,5060,14,1,0.05
9570,5061,79,2,0.1
9571,5061,58,1,0.0
9572,5061,74,1,0.0
9573,5062,76,2,0.0
9574,5063,88,1,0.1
9575,5063,44,1,0.05
9576,5063,11,2,0.1
9577,5064,72,2,0.05
9578,5064,32,1,0.0
9579,5065,70,1,0.1
9580,5066,62,1,0.02
9581,5066,22,1,0.02
9582,5066,56,1,0.0
9583,5067,61,2,0.05
9584,5068,21,1,0.05
9585,5069,50,1,0.05
9586,5069,20,3,0.0
9587,5070,77,2,0.0
9588,5071,21,2,0.02
9589,5072,3,1,0.05
9590,5073,76,3,0.0
9591,5074,70,1,0.1
9592,5075,50,1,0.02
9593,5076,4,1,0.02
9594,5077,74,1,0.0
9595,5077,31,2,0.0
9596,5078,66,1,0.0
9597,5078,63,2,0.0
9598,5078,12,1,0.02
9599,5079,11,1,0.0
9600,5079,18,2,0.05
9601,5079,53,1,0.0
9602,5079,66,1,0.05
9603,5080,51,1,0.0
9604,5080,50,1,0.02
9605,5081,86,2,0.05
9606,5081,74,2,0.0
9607,5082,13,1,0.0
9608,5082,72,1,0.05
9609,5082,45,2,0.0
9610,5083,77,2,0.05
9611,5083,20,1,0.05
9612,5083,80,2,0.0
9613,5084,55,2,0.0
9614,5084,95,1,0.05
9615,5084,61,2,0.1
9616,5084,24,1,0.02
9617,5085,90,3,0.05
9618,5085,55,2,0.02
9619,5086,28,1,0.0
9620,5086,4,1,0.05
9621,5087,52,1,0.0
9622,5088,80,1,0.05
9623,5088,90,2,0.0
9624,5088,6,2,0.0
9625,5088,1,1,0.0
9626,5089,47,1,0.0
9627,5089,45,1,0.0
9628,5089,1,1,0.0
9629,5090,76,1,0.05
9630,5090,94,2,0.05
9631,5091,55,2,0.15
9632,5091,10,1,0.05
9633,5092,30,1,0.1
9634,5092,86,1,0.15
9635,5092,17,2,0.05
9636,5092,75,2,0.05
9637,5093,96,1,0.0
9638,5094,32,3,0.0
9639,5094,7,1,0.15
9640,5094,15,2,0.0
9641,5094,53,1,0.05
9642,5094,55,1,0.0
9643,5095,52,1,0.0
9644,5095,17,3,0.0
9645,5096,94,1,0.0
9646,5096,23,4,0.02
9647,5097,54,1,0.1
9648,5098,76,4,0.0
9649,5098,25,1,0.0
9650,5098,50,1,0.1
9651,5098,47,2,0.02
9652,5098,86,1,0.0
9653,5099,68,1,0.02
9654,5100,72,1,0.02
9655,5100,81,3,0.0
9656,5101,87,1,0.05
9657,5101,17,2,0.15
9658,5102,63,1,0.02
9659,5102,57,1,0.0
9660,5102,33,1,0.02
9661,5102,95,1,0.0
9662,5103,14,2,0.05
9663,5103,17,1,0.05
9664,5104,37,2,0.02
9665,5105,68,1,0.0
9666,5106,1,2,0.0
9667,5107,59,1,0.0
9668,5107,43,2,0.05
9669,5108,36,1,0.0
9670,5109,47,1,0.0
9671,5110,10,2,0.15
9672,5111,57,1,0.05
9673,5111,70,1,0.05
9674,5112,95,2,0.02
9675,5113,86,1,0.0
9676,5114,84,3,0.02
9677,5114,51,1,0.1
9678,5114,6,1,0.0
9679,5114,3,1,0.1
9680,5114,76,2,0.02
9681,5115,69,1,0.05
9682,5116,53,1,0.1
9683,5116,22,2,0.1
9684,5117,92,2,0.1
9685,5118,1,1,0.05
9686,5119,7,1,0.0
9687,5119,68,2,0.15
9688,5120,41,1,0.02
9689,5121,63,1,0.0
9690,5122,81,1,0.1
9691,5123,31,1,0.02
9692,5123,81,1,0.05
9693,5124,31,2,0.02
9694,5124,76,3,0.0
9695,5124,2,1,0.1
9696,5124,83,2,0.0
9697,5125,35,1,0.0
9698,5125,78,1,0.0
9699,5126,36,1,0.05
9700,5127,24,1,0.0
9701,5127,18,1,0.0
9702,5127,44,2,0.05
9703,5127,92,3,0.02
9704,5128,1,1,0.0
9705,5128,55,2,0.0
9706,5129,44,2,0.0
9707,5129,35,1,0.0
9708,5130,45,4,0.05
9709,5131,45,1,0.0
9710,5131,13,2,0.1
9711,5132,81,3,0.1
9712,5133,41,1,0.0
9713,5134,52,1,0.0
9714,5135,36,1,0.0
9715,5136,67,1,0.02
9716,5136,64,2,0.05
9717,5137,2,1,0.05
9718,5137,14,1,0.0
9719,5137,22,2,0.1
9720,5138,61,1,0.0
9721,5138,30,1,0.05
9722,5139,22,1,0.0
9723,5139,42,1,0.15
9724,5139,57,2,0.0
9725,5139,75,2,0.0
9726,5140,27,3,0.0
9727,5140,19,1,0.15
9728,5140,91,2,0.0
9729,5141,92,2,0.05
9730,5141,70,3,0.02
9731,5142,92,3,0.02
9732,5142,81,1,0.05
9733,5142,56,1,0.0
9734,5142,89,3,0.05
9735,5143,80,1,0.0
9736,5143,72,3,0.0
9737,5143,77,1,0.02
9738,5144,8,1,0.0
9739,5145,78,2,0.1
9740,5146,28,3,0.0
9741,5147,60,1,0.0
9742,5148,18,1,0.0
9743,5149,34,1,0.0
9744,5150,32,1,0.0
9745,5150,91,1,0.0
9746,5151,36,2,0.0
9747,5151,58,1,0.0
9748,5152,1,1,0.02
9749,5152,79,1,0.0
9750,5152,27,1,0.05
9751,5152,11,1,0.0
9752,5152,17,1,0.0
9753,5153,53,4,0.0
9754,5153,24,1,0.0
9755,5154,62,2,0.0
9756,5154,30,1,0.05
9757,5154,92,2,0.0
9758,5155,89,1,0.0
9759,5156,45,1,0.05
9760,5157,40,1,0.02
9761,5157,58,1,0.0
9762,5157,43,1,0.1
9763,5157,82,1,0.02
9764,5157,28,1,0.0
9765,5158,68,1,0.1
9766,5158,62,1,0.1
9767,5158,43,3,0.05
9768,5158,67,1,0.05
9769,5159,20,2,0.0
9770,5160,31,4,0.0
9771,5160,21,1,0.0
9772,5161,35,1,0.05
9773,5161,26,2,0.1
9774,5162,86,1,0.0
9775,5162,3,3,0.0
9776,5163,41,1,0.1
9777,5164,43,1,0.02
9778,5165,8,2,0.15
9779,5165,10,2,0.1
9780,5166,96,2,0.0
9781,5166,93,1,0.0
9782,5166,76,1,0.0
9783,5167,66,3,0.0
9784,5168,84,1,0.02
9785,5168,38,1,0.05
9786,5168,6,2,0.0
9787,5168,54,2,0.02
9788,5169,91,1,0.0
9789,5169,28,1,0.02
9790,5170,34,1,0.0
9791,5171,50,1,0.1
9792,5172,25,1,0.1
9793,5173,52,1,0.1
9794,5173,28,1,0.0
9795,5173,74,1,0.02
9796,5173,96,3,0.15
9797,5173,11,2,0.0
9798,5174,24,2,0.05
9799,5175,84,4,0.0
9800,5176,64,1,0.0
9801,5177,2,1,0.0
9802,5177,38,1,0.0
9803,5177,1,1,0.0
9804,5178,42,1,0.1
9805,5179,88,1,0.1
9806,5179,54,1,0.0
9807,5179,83,1,0.0
9808,5179,52,3,0.0
9809,5180,3,3,0.05
9810,5180,17,2,0.0
9811,5180,88,1,0.0
9812,5181,10,1,0.0
9813,5182,94,1,0.0
9814,5183,47,2,0.15
9815,5183,35,1,0.0
9816,5184,64,2,0.0
9817,5184,69,1,0.0
9818,5184,55,2,0.0
9819,5184,44,1,0.0
9820,5184,60,1,0.02
9821,5185,83,2,0.0
9822,5186,52,1,0.0
9823,5187,42,2,0.05
9824,5187,30,1,0.1
9825,5187,10,2,0.02
9826,5187,46,2,0.0
9827,5188,95,2,0.1
9828,5188,26,1,0.05
9829,5188,55,1,0.0
9830,5189,44,2,0.1
9831,5189,84,2,0.05
9832,5190,56,1,0.0
9833,5190,69,1,0.02
9834,5191,31,1,0.0
9835,5192,73,4,0.15
9836,5192,27,2,0.05
9837,5193,1,4,0.0
9838,5194,11,1,0.0
9839,5195,66,1,0.0
9840,5196,23,1,0.0
9841,5197,13,2,0.0
9842,5197,20,2,0.0
9843,5198,32,1,0.0
9844,5199,52,1,0.0
9845,5199,96,1,0.0
9846,5200,68,1,0.02
9847,5200,96,3,0.0
9848,5200,11,4,0.15
9849,5201,12,1,0.0
9850,5201,93,1,0.0
9851,5201,78,1,0.0
9852,5202,77,1,0.02
9853,5202,45,1,0.0
9854,5203,19,1,0.0
9855,5204,42,2,0.02
9856,5205,28,1,0.0
9857,5205,12,1,0.0
9858,5205,7,1,0.02
9859,5206,30,1,0.0
9860,5207,66,1,0.0
9861,5208,81,1,0.02
9862,5208,90,1,0.05
9863,5208,36,1,0.0
9864,5209,78,1,0.05
9865,5209,86,2,0.0
9866,5209,30,2,0.0
9867,5209,41,1,0.0
9868,5209,61,2,0.05
9869,5210,54,1,0.0
9870,5210,86,2,0.0
9871,5211,9,1,0.02
9872,5212,7,1,0.1
9873,5213,56,2,0.1
9874,5214,28,1,0.05
9875,5215,62,1,0.0
9876,5216,46,1,0.05
9877,5216,10,2,0.0
9878,5216,92,1,0.0
9879,5217,36,2,0.0
9880,5218,16,1,0.05
9881,5218,85,1,0.1
9882,5219,5,1,0.0
9883,5219,13,1,0.05
9884,5219,92,1,0.0
9885,5220,37,2,0.1
9886,5221,54,1,0.0
9887,5221,22,1,0.02
9888,5222,18,1,0.0
9889,5222,76,1,0.1
9890,5223,89,4,0.02
9891,5223,64,1,0.05
9892,5224,12,1,0.0
9893,5224,50,1,0.0
9894,5224,60,1,0.0
9895,5225,63,2,0.05
9896,5226,15,3,0.0
9897,5227,23,1,0.0
9898,5228,3,1,0.02
9899,5229,69,3,0.05
9900,5230,27,2,0.0
9901,5231,87,1,0.0
9902,5232,44,1,0.05
9903,5233,73,1,0.0
9904,5233,81,1,0.1
9905,5233,1,1,0.0
9906,5233,53,1,0.05
9907,5234,39,1,0.0
9908,5234,76,2,0.15
9909,5234,56,1,0.05
9910,5235,37,1,0.05
9911,5236,24,3,0.02
9912,5236,36,4,0.05
9913,5237,42,1,0.05
9914,5237,14,1,0.1
9915,5237,96,2,0.0
9916,5237,46,1,0.1
9917,5238,77,3,0.1
9918,5238,15,2,0.02
9919,5239,17,2,0.05
9920,5239,10,2,0.0
9921,5239,48,2,0.05
9922,5239,83,1,0.05
9923,5239,70,1,0.02
9924,5240,32,1,0.1
9925,5241,9,1,0.02
9926,5241,47,1,0.02
9927,5241,76,2,0.0
9928,5241,24,1,0.0
9929,5242,15,1,0.0
9930,5243,46,1,0.02
9931,5243,12,2,0.02
9932,5243,35,2,0.05
9933,5244,25,2,0.0
9934,5245,61,2,0.02
9935,5245,76,3,0.15
9936,5246,55,1,0.0
9937,5247,6,3,0.02
9938,5247,9,1,0.0
9939,5248,57,3,0.0
9940,5249,49,1,0.05
9941,5250,63,2,0.05
9942,5250,6,1,0.0
9943,5250,59,2,0.0
9944,5251,67,1,0.0
9945,5251,89,2,0.05
9946,5251,73,1,0.0
9947,5251,82,1,0.0
9948,5251,58,2,0.0
9949,5252,94,1,0.1
9950,5253,22,4,0.05
9951,5253,75,1,0.1
9952,5253,51,1,0.1
9953,5253,11,2,0.05
9954,5253,69,1,0.02
9955,5254,80,1,0.02
9956,5254,10,3,0.0
9957,5254,88,3,0.0
9958,5254,29,1,0.0
9959,5254,87,1,0.15
9960,5255,22,1,0.0
9961,5255,40,1,0.05
9962,5255,82,1,0.0
9963,5256,80,3,0.0
9964,5257,75,2,0.02
9965,5258,1,2,0.0
9966,5258,78,1,0.05
9967,5259,6,2,0.15
9968,5259,28,2,0.05
9969,5260,69,1,0.0
9970,5261,32,1,0.0
9971,5261,12,1,0.02
9972,5261,49,2,0.05
9973,5261,4,1,0.02
9974,5261,17,2,0.02
9975,5262,45,1,0.0
9976,5263,74,1,0.05
9977,5263,55,2,0.0
9978,5263,19,1,0.0
9979,5264,61,1,0.05
9980,5264,47,1,0.05
9981,5264,76,1,0.02
9982,5264,30,1,0.1
9983,5265,35,1,0.02
9984,5265,29,1,0.0
9985,5265,76,2,0.0
9986,5265,39,1,0.1
9987,5266,51,3,0.0
9988,5267,94,2,0.02
9989,5268,45,3,0.0
9990,5268,4,1,0.02
9991,5269,84,1,0.0
9992,5270,68,1,0.0
9993,5270,30,1,0.05
9994,5271,94,1,0.0
9995,5271,22,2,0.0
9996,5271,58,2,0.02
9997,5272,27,1,0.0
9998,5273,59,2,0.02
9999,5274,16,2,0.02
10000,5274,70,4,0.0
10001,5275,27,2,0.1
10002,5276,32,1,0.02
10003,5276,77,4,0.02
10004,5277,69,2,0.0
10005,5278,70,2,0.05
10006,5279,43,3,0.05
10007,5279,13,2,0.0
10008,5279,2,2,0.02
10009,5279,94,1,0.0
10010,5279,31,1,0.0
10011,5280,27,1,0.1
10012,5280,24,1,0.0
10013,5280,38,3,0.05
10014,5280,76,1,0.0
10015,5281,73,1,0.0
10016,5282,60,1,0.05
10017,5283,63,1,0.0
10018,5284,87,2,0.05
10019,5284,27,1,0.05
10020,5285,8,1,0.05
10021,5286,36,2,0.05
10022,5286,51,1,0.02
10023,5286,14,2,0.0
10024,5286,48,1,0.1
10025,5287,8,2,0.1
10026,5288,79,1,0.0
10027,5288,96,3,0.0
10028,5289,62,3,0.02
10029,5290,40,3,0.05
10030,5291,22,1,0.0
10031,5292,23,1,0.05
10032,5293,28,3,0.1
10033,5293,48,4,0.05
10034,5294,27,1,0.05
10035,5295,72,1,0.0
10036,5295,40,1,0.02
10037,5295,49,2,0.1
10038,5295,55,1,0.15
10039,5296,20,2,0.02
10040,5296,76,3,0.0
10041,5297,31,2,0.0
10042,5297,84,1,0.1
10043,5297,86,1,0.05
10044,5298,27,2,0.0
10045,5298,38,3,0.0
10046,5299,32,1,0.0
10047,5299,14,1,0.0
10048,5300,37,1,0.05
10049,5301,64,1,0.05
10050,5302,65,1,0.02
10051,5302,5,4,0.02
10052,5303,3,2,0.0
10053,5303,74,2,0.05
10054,5303,90,1,0.0
10055,5303,59,3,0.0
10056,5304,78,1,0.02
10057,5305,76,3,0.1
10058,5305,34,2,0.0
10059,5305,74,1,0.02
10060,5305,93,1,0.0
10061,5305,33,1,0.05
10062,5306,45,3,0.0
10063,5307,59,3,0.02
10064,5307,20,2,0.02
10065,5307,88,2,0.0
10066,5308,29,1,0.0
10067,5308,1,1,0.0
10068,5309,80,2,0.05
10069,5309,63,3,0.1
10070,5309,58,2,0.05
10071,5309,52,4,0.05
10072,5310,58,2,0.0
10073,5310,26,1,0.15
10074,5310,33,2,0.0
10075,5311,37,1,0.02
10076,5312,67,1,0.0
10077,5313,19,2,0.0
10078,5313,66,2,0.15
10079,5313,9,2,0.0
10080,5313,93,3,0.0
10081,5314,46,1,0.0
10082,5315,75,1,0.05
10083,5315,95,1,0.0
10084,5316,73,1,0.0
10085,5316,80,2,0.0
10086,5317,7,1,0.02
10087,5318,6,1,0.0
10088,5319,7,2,0.0
10089,5319,78,2,0.05
10090,5320,66,1,0.0
10091,5321,86,1,0.0
10092,5321,18,1,0.0
10093,5321,35,2,0.0
10094,5322,81,1,0.05
10095,5323,92,1,0.0
10096,5323,28,1,0.02
10097,5323,45,2,0.0
10098,5323,36,2,0.15
10099,5324,81,1,0.02
10100,5325,22,3,0.1
10101,5326,53,1,0.0
10102,5326,58,2,0.05
10103,5327,23,2,0.1
10104,5327,62,1,0.0
10105,5327,78,1,0.0
10106,5328,1,2,0.1
10107,5329,36,1,0.0
10108,5329,87,1,0.15
10109,5330,1,3,0.0
10110,5330,37,2,0.02
10111,5330,20,1,0.0
10112,5330,21,1,0.0
10113,5331,72,1,0.15
10114,5331,16,1,0.0
10115,5332,35,2,0.05
10116,5333,32,1,0.05
10117,5334,38,1,0.0
10118,5334,22,1,0.1
10119,5335,68,1,0.02
10120,5335,3,1,0.0
10121,5335,16,1,0.0
10122,5335,39,2,0.02
10123,5336,66,1,0.0
10124,5336,72,3,0.0
10125,5337,29,1,0.0
10126,5337,35,1,0.0
10127,5337,56,1,0.02
10128,5338,92,1,0.0
10129,5339,65,1,0.05
10130,5339,30,3,0.02
10131,5339,95,1,0.02
10132,5339,40,1,0.0
10133,5339,19,2,0.1
10134,5340,19,3,0.0
10135,5341,89,3,0.0
10136,5342,74,2,0.1
10137,5342,45,1,0.0
10138,5342,40,1,0.1
10139,5343,77,2,0.02
10140,5343,65,3,0.1
10141,5343,53,2,0.05
10142,5344,15,1,0.02
10143,5344,52,1,0.05
10144,5345,82,1,0.05
10145,5345,90,2,0.1
10146,5345,78,1,0.05
10147,5345,80,2,0.0
10148,5346,34,3,0.02
10149,5346,48,2,0.1
10150,5346,36,1,0.0
10151,5347,78,2,0.02
10152,5347,82,2,0.05
10153,5348,82,1,0.0
10154,5349,76,2,0.0
10155,5349,71,4,0.02
10156,5350,10,1,0.05
10157,5351,70,1,0.0
10158,5352,5,1,0.02
10159,5353,82,2,0.05
10160,5353,14,1,0.0
10161,5353,77,2,0.02
10162,5353,73,1,0.0
10163,5354,15,2,0.0
10164,5355,57,2,0.0
10165,5356,67,2,0.05
10166,5357,5,1,0.0
10167,5358,38,2,0.0
10168,5359,17,4,0.0
10169,5359,89,2,0.05
10170,5359,80,2,0.02
10171,5360,26,1,0.05
10172,5361,26,3,0.0
10173,5362,78,2,0.02
10174,5363,46,3,0.0
10175,5364,22,1,0.0
10176,5364,85,1,0.02
10177,5365,67,2,0.1
10178,5366,49,1,0.05
10179,5367,75,1,0.05
10180,5367,36,1,0.0
10181,5367,23,1,0.0
10182,5367,16,1,0.05
10183,5368,6,2,0.15
10184,5368,15,1,0.02
10185,5369,39,1,0.1
10186,5370,44,1,0.0
10187,5371,50,1,0.05
10188,5372,40,1,0.1
10189,5372,55,1,0.15
10190,5372,50,4,0.0
10191,5372,24,1,0.02
10192,5373,67,2,0.1
10193,5374,84,3,0.05
10194,5374,68,1,0.05
10195,5375,94,3,0.1
10196,5375,21,3,0.1
10197,5375,87,1,0.0
10198,5375,78,2,0.0
10199,5376,3,2,0.0
10200,5377,2,1,0.0
10201,5378,86,4,0.0
10202,5379,27,1,0.05
10203,5380,70,2,0.1
10204,5380,66,3,0.1
10205,5381,87,1,0.0
10206,5381,29,1,0.0
10207,5381,91,1,0.0
10208,5382,90,3,0.0
10209,5382,66,1,0.1
10210,5382,54,1,0.0
10211,5382,73,1,0.02
10212,5383,33,1,0.05
10213,5383,94,1,0.0
10214,5384,64,1,0.05
10215,5385,52,2,0.0
10216,5385,56,2,0.0
10217,5386,96,1,0.0
10218,5387,30,2,0.05
10219,5388,39,1,0.0
10220,5389,11,2,0.02
10221,5390,40,1,0.0
10222,5391,79,2,0.0
10223,5391,96,3,0.0
10224,5392,77,1,0.0
10225,5392,74,2,0.0
10226,5393,9,2,0.02
10227,5394,13,1,0.0
10228,5395,93,2,0.02
10229,5396,5,2,0.1
10230,5397,48,1,0.05
10231,5398,61,1,0.0
10232,5399,23,2,0.0
10233,5400,56,1,0.0
10234,5400,57,2,0.15
10235,5401,87,1,0.0
10236,5401,78,2,0.0
10237,5401,68,1,0.05
10238,5401,57,1,0.02
10239,5402,88,1,0.15
10240,5403,49,1,0.02
10241,5403,78,1,0.02
10242,5403,26,2,0.05
10243,5404,72,1,0.02
10244,5404,54,1,0.0
10245,5404,18,2,0.0
10246,5404,56,1,0.0
10247,5405,41,2,0.1
10248,5406,5,1,0.05
10249,5406,85,1,0.02
10250,5406,77,1,0.1
10251,5407,9,1,0.0
10252,5408,89,1,0.1
10253,5408,76,1,0.0
10254,5409,88,1,0.0
10255,5409,72,1,0.0
10256,5410,9,4,0.02
10257,5411,37,1,0.1
10258,5411,19,1,0.0
10259,5412,38,3,0.02
10260,5412,11,2,0.02
10261,5412,29,1,0.02
10262,5412,19,1,0.0
10263,5413,96,2,0.0
10264,5414,6,2,0.05
10265,5415,90,1,0.1
10266,5416,18,3,0.0
10267,5416,54,2,0.1
10268,5417,27,1,0.1
10269,5418,1,3,0.0
10270,5418,23,1,0.0
10271,5418,31,1,0.0
10272,5418,69,1,0.0
10273,5419,2,3,0.0
10274,5419,75,1,0.0
10275,5419,87,4,0.1
10276,5420,62,1,0.1
10277,5421,26,1,0.0
10278,5421,14,1,0.05
10279,5422,56,4,0.0
10280,5422,95,1,0.02
10281,5423,69,1,0.0
10282,5423,64,1,0.0
10283,5423,76,1,0.02
10284,5424,64,2,0.05
10285,5424,85,1,0.0
10286,5424,14,1,0.05
10287,5425,66,1,0.0
10288,5425,75,1,0.0
10289,5425,8,1,0.0
10290,5426,79,1,0.05
10291,5427,28,2,0.02
10292,5427,4,2,0.1
10293,5427,92,2,0.0
10294,5428,46,1,0.0
10295,5428,25,1,0.02
10296,5428,74,1,0.02
10297,5429,42,2,0.05
10298,5430,1,1,0.02
10299,5431,77,2,0.05
10300,5432,40,4,0.02
10301,5432,49,1,0.0
10302,5432,71,1,0.05
10303,5433,77,1,0.05
10304,5434,67,1,0.02
10305,5435,56,1,0.02
10306,5436,38,4,0.0
10307,5436,80,1,0.0
10308,5437,52,1,0.1
10309,5438,96,1,0.05
10310,5439,67,1,0.05
10311,5439,62,1,0.15
10312,5439,41,2,0.0
10313,5439,49,1,0.0
10314,5440,71,3,0.05
10315,5440,33,1,0.0
10316,5440,1,3,0.02
10317,5441,5,2,0.0
10318,5442,29,1,0.0
10319,5442,73,2,0.0
10320,5443,92,1,0.0
10321,5443,66,2,0.0
10322,5444,3,1,0.02
10323,5444,64,1,0.0
10324,5444,52,1,0.0
10325,5444,22,1,0.0
10326,5445,20,1,0.05
10327,5446,85,1,0.05
10328,5446,69,4,0.0
10329,5446,64,3,0.05
10330,5446,42,1,0.05
10331,5446,27,1,0.05
10332,5447,38,2,0.0
10333,5447,1,1,0.0
10334,5447,74,2,0.1
10335,5448,59,2,0.0
10336,5449,2,1,0.0
10337,5450,58,2,0.0
10338,5450,12,1,0.05
10339,5451,45,2,0.02
10340,5451,31,2,0.0
10341,5452,43,1,0.15
10342,5452,48,3,0.0
10343,5453,23,1,0.0
10344,5453,52,3,0.05
10345,5454,90,1,0.0
10346,5454,31,1,0.0
10347,5455,79,3,0.02
10348,5455,8,3,0.15
10349,5456,32,1,0.0
10350,5457,15,1,0.0
10351,5458,21,2,0.02
10352,5458,41,2,0.0
10353,5458,31,1,0.05
10354,5459,44,1,0.02
10355,5460,6,2,0.02
10356,5461,49,1,0.02
10357,5461,8,1,0.1
10358,5462,70,1,0.0
10359,5462,20,2,0.02
10360,5462,54,1,0.02
10361,5463,16,1,0.05
10362,5463,73,1,0.1
10363,5464,36,1,0.0
10364,5464,87,1,0.0
10365,5464,12,1,0.02
10366,5464,33,2,0.0
10367,5465,50,2,0.0
10368,5465,65,1,0.15
10369,5466,40,1,0.0
10370,5466,12,2,0.0
10371,5467,39,1,0.1
10372,5467,46,2,0.1
10373,5468,27,4,0.0
10374,5469,16,3,0.0
10375,5470,47,1,0.0
10376,5470,41,3,0.0
10377,5470,32,2,0.0
10378,5470,38,1,0.0
10379,5471,42,1,0.02
10380,5472,89,2,0.0
10381,5473,39,1,0.0
10382,5473,57,2,0.0
10383,5474,30,1,0.1
10384,5474,88,4,0.0
10385,5475,2,1,0.0
10386,5475,16,2,0.02
10387,5476,10,3,0.0
10388,5476,56,1,0.0
10389,5476,68,1,0.0
10390,5477,84,3,0.0
10391,5478,22,1,0.0
10392,5478,59,1,0.02
10393,5478,27,2,0.0
10394,5479,79,3,0.02
10395,5479,4,1,0.0
10396,5480,72,1,0.0
10397,5480,13,1,0.05
10398,5481,94,2,0.05
10399,5481,83,1,0.02
10400,5481,60,2,0.0
10401,5481,5,1,0.05
10402,5482,45,1,0.0
10403,5483,16,1,0.0
10404,5483,81,3,0.02
10405,5483,74,1,0.15
10406,5484,22,1,0.05
10407,5484,84,1,0.05
10408,5485,1,1,0.1
10409,5486,67,1,0.0
10410,5486,41,2,0.1
10411,5486,66,2,0.02
10412,5487,67,1,0.05
10413,5488,3,2,0.05
10414,5488,44,1,0.0
10415,5489,35,2,0.05
10416,5489,63,1,0.0
10417,5490,44,1,0.1
10418,5490,72,1,0.05
10419,5491,44,1,0.05
10420,5492,34,1,0.05
10421,5492,94,2,0.0
10422,5493,27,1,0.02
10423,5494,62,3,0.05
10424,5495,53,3,0.0
10425,5495,27,1,0.05
10426,5495,78,1,0.0
10427,5495,71,2,0.02
10428,5495,69,1,0.0
10429,5496,71,1,0.02
10430,5496,44,3,0.05
10431,5497,33,2,0.0
10432,5498,7,1,0.05
10433,5499,35,1,0.0
10434,5500,6,1,0.0
10435,5501,65,2,0.05
10436,5502,56,1,0.1
10437,5502,78,1,0.0
10438,5502,38,1,0.0
10439,5502,39,2,0.05
10440,5503,23,2,0.02
10441,5504,19,3,0.02
10442,5505,2,1,0.0
10443,5506,91,1,0.0
10444,5507,1,1,0.02
10445,5508,22,1,0.0
10446,5509,1,1,0.0
10447,5510,56,1,0.15
10448,5510,83,1,0.05
10449,5510,13,1,0.0
10450,5510,61,1,0.0
10451,5511,29,1,0.05
10452,5511,71,1,0.05
10453,5512,71,1,0.0
10454,5513,40,1,0.02
10455,5514,2,1,0.0
10456,5515,36,4,0.02
10457,5516,9,3,0.0
10458,5516,48,1,0.0
10459,5517,18,1,0.02
10460,5517,88,2,0.0
10461,5518,75,1,0.15
10462,5519,61,1,0.02
10463,5519,24,1,0.02
10464,5520,4,2,0.02
10465,5520,80,2,0.1
10466,5521,82,1,0.0
10467,5521,55,1,0.0
10468,5521,59,2,0.02
10469,5522,36,1,0.02
10470,5523,59,3,0.0
10471,5524,96,1,0.0
10472,5525,24,2,0.0
10473,5526,13,1,0.15
10474,5527,58,2,0.0
10475,5527,22,1,0.0
10476,5528,51,1,0.0
10477,5529,73,1,0.0
10478,5530,38,1,0.05
10479,5531,27,1,0.0
10480,5532,12,1,0.0
10481,5533,91,3,0.0
10482,5534,43,2,0.0
10483,5535,57,3,0.05
10484,5535,2,1,0.02
10485,5536,84,2,0.0
10486,5537,50,1,0.0
10487,5537,8,1,0.0
10488,5537,14,3,0.0
10489,5537,52,1,0.0
10490,5537,49,4,0.02
10491,5538,91,1,0.0
10492,5539,85,1,0.0
10493,5540,68,2,0.15
10494,5541,23,2,0.05
10495,5542,40,1,0.0
10496,5542,64,1,0.0
10497,5542,65,2,0.0
10498,5542,32,2,0.1
10499,5543,30,1,0.02
10500,5543,42,1,0.1
10501,5543,38,3,0.0
10502,5544,89,1,0.1
10503,5544,88,3,0.0
10504,5544,10,1,0.0
10505,5544,47,4,0.0
10506,5545,83,1,0.05
10507,5546,81,1,0.1
10508,5547,25,2,0.02
10509,5548,89,1,0.0
10510,5549,23,1,0.0
10511,5550,77,3,0.0
10512,5551,81,1,0.0
10513,5552,94,1,0.02
10514,5553,10,1,0.0
10515,5554,57,2,0.02
10516,5554,71,1,0.0
10517,5555,7,1,0.02
10518,5555,83,2,0.1
10519,5555,32,1,0.0
10520,5556,60,2,0.0
10521,5557,59,2,0.05
10522,5558,34,1,0.0
10523,5559,4,1,0.05
10524,5560,77,3,0.0
10525,5560,91,1,0.0
10526,5561,22,1,0.02
10527,5561,2,2,0.05
10528,5562,45,1,0.02
10529,5562,3,2,0.0
10530,5563,91,3,0.0
10531,5563,77,1,0.02
10532,5564,42,2,0.0
10533,5565,63,2,0.05
10534,5565,88,1,0.0
10535,5566,31,1,0.02
10536,5566,65,2,0.05
10537,5566,74,1,0.05
10538,5566,82,1,0.0
10539,5567,52,1,0.1
10540,5567,84,1,0.0
10541,5567,3,2,0.1
10542,5568,57,1,0.0
10543,5568,34,1,0.02
10544,5568,85,1,0.0
10545,5568,8,2,0.0
10546,5569,77,1,0.05
10547,5569,32,3,0.0
10548,5570,76,1,0.02
10549,5571,26,1,0.1
10550,5571,55,1,0.0
10551,5572,14,3,0.1
10552,5572,81,1,0.0
10553,5572,52,3,0.0
10554,5573,52,1,0.02
10555,5573,91,3,0.02
10556,5574,24,1,0.0
10557,5575,3,2,0.0
10558,5576,7,2,0.0
10559,5576,90,1,0.15
10560,5577,8,2,0.0
10561,5578,92,1,0.02
10562,5579,11,1,0.0
10563,5580,7,1,0.02
10564,5580,17,1,0.0
10565,5581,19,1,0.1
10566,5581,63,3,0.05
10567,5581,30,1,0.1
10568,5582,23,1,0.0
10569,5582,89,1,0.1
10570,5582,29,1,0.05
10571,5582,9,1,0.0
10572,5583,15,2,0.0
10573,5584,47,2,0.05
10574,5584,2,2,0.0
10575,5584,41,1,0.05
10576,5585,6,1,0.0
10577,5586,46,1,0.0
10578,5586,31,1,0.0
10579,5587,7,1,0.1
10580,5588,52,3,0.0
10581,5589,55,1,0.05
10582,5590,11,4,0.02
10583,5591,1,1,0.05
10584,5592,49,1,0.05
10585,5593,61,1,0.0
10586,5593,72,1,0.1
10587,5593,4,1,0.0
10588,5594,66,1,0.05
10589,5595,22,1,0.02
10590,5595,54,1,0.0
10591,5595,4,1,0.0
10592,5595,75,1,0.02
10593,5596,20,1,0.0
10594,5597,77,1,0.0
10595,5597,43,1,0.02
10596,5598,75,1,0.0
10597,5599,71,1,0.02
10598,5599,65,2,0.05
10599,5599,24,4,0.0
10600,5600,92,3,0.0
10601,5601,30,3,0.0
10602,5601,87,3,0.0
10603,5601,56,1,0.0
10604,5602,65,1,0.02
10605,5603,57,1,0.05
10606,5604,87,1,0.0
10607,5605,74,1,0.0
10608,5605,56,1,0.05
10609,5606,33,1,0.0
10610,5606,34,1,0.1
10611,5606,91,1,0.0
10612,5606,11,3,0.05
10613,5606,26,1,0.1
10614,5607,40,1,0.0
10615,5607,7,4,0.0
10616,5608,3,1,0.0
10617,5608,84,1,0.0
10618,5609,53,1,0.0
10619,5610,38,3,0.02
10620,5611,21,1,0.0
10621,5611,87,1,0.05
10622,5612,1,1,0.0
10623,5613,78,2,0.02
10624,5614,18,1,0.0
10625,5615,9,3,0.05
10626,5615,96,3,0.0
10627,5616,60,2,0.0
10628,5616,7,3,0.0
10629,5617,9,2,0.1
10630,5617,71,1,0.05
10631,5618,49,1,0.02
10632,5619,8,1,0.05
10633,5619,9,1,0.0
10634,5619,32,2,0.0
10635,5619,54,2,0.05
10636,5620,6,1,0.05
10637,5621,51,1,0.02
10638,5622,80,1,0.05
10639,5622,64,2,0.05
10640,5622,92,2,0.0
10641,5623,62,1,0.0
10642,5624,12,1,0.0
10643,5625,91,2,0.0
10644,5626,86,2,0.1
10645,5626,25,1,0.05
10646,5626,66,2,0.0
10647,5627,18,1,0.02
10648,5628,65,1,0.1
10649,5629,39,2,0.0
10650,5629,45,1,0.0
10651,5630,20,1,0.0
10652,5631,20,1,0.0
10653,5632,30,2,0.0
10654,5632,54,3,0.1
10655,5633,95,2,0.0
10656,5633,82,1,0.0
10657,5634,4,2,0.1
10658,5634,84,1,0.0
10659,5635,24,1,0.0
10660,5635,73,1,0.0
10661,5636,28,1,0.0
10662,5637,83,3,0.02
10663,5638,33,1,0.0
10664,5638,93,1,0.15
10665,5639,30,1,0.05
10666,5639,36,3,0.1
10667,5640,39,4,0.0
10668,5641,59,1,0.05
10669,5641,10,1,0.0
10670,5642,86,2,0.0
10671,5643,89,2,0.0
10672,5644,9,2,0.1
10673,5644,65,2,0.0
10674,5645,56,1,0.05
10675,5645,90,1,0.0
10676,5645,35,1,0.02
10677,5645,86,1,0.02
10678,5645,73,3,0.0
10679,5646,14,1,0.0
10680,5647,6,2,0.02
10681,5648,93,1,0.0
10682,5649,51,3,0.0
10683,5649,58,1,0.0
10684,5649,25,1,0.0
10685,5650,33,1,0.0
10686,5651,59,1,0.05
10687,5652,53,1,0.0
10688,5652,26,1,0.0
10689,5652,50,1,0.02
10690,5653,14,2,0.0
10691,5653,61,1,0.0
10692,5653,62,2,0.02
10693,5653,41,1,0.05
10694,5653,25,2,0.0
10695,5654,12,1,0.0
10696,5654,15,1,0.0
10697,5654,80,2,0.0
10698,5654,5,1,0.15
10699,5655,46,3,0.05
10700,5656,94,3,0.0
10701,5657,7,2,0.05
10702,5658,29,1,0.05
10703,5659,37,1,0.15
10704,5659,95,2,0.0
10705,5659,55,1,0.0
10706,5660,48,1,0.0
10707,5661,49,2,0.05
10708,5662,55,1,0.0
10709,5662,10,1,0.02
10710,5663,56,1,0.02
10711,5663,92,1,0.0
10712,5664,65,1,0.02
10713,5665,88,1,0.0
10714,5666,44,3,0.05
10715,5667,90,3,0.0
10716,5667,7,2,0.1
10717,5668,46,2,0.05
10718,5669,8,2,0.0
10719,5669,78,1,0.0
10720,5669,92,1,0.0
10721,5670,82,1,0.02
10722,5670,11,1,0.02
10723,5670,78,2,0.1
10724,5670,43,1,0.0
10725,5671,84,1,0.0
10726,5672,89,1,0.0
10727,5673,1,1,0.02
10728,5674,47,1,0.0
10729,5675,82,1,0.02
10730,5675,67,1,0.1
10731,5675,74,1,0.02
10732,5675,48,2,0.0
10733,5676,44,2,0.02
10734,5677,96,1,0.05
10735,5677,32,1,0.05
10736,5678,25,1,0.0
10737,5679,80,3,0.0
10738,5680,6,2,0.0
10739,5681,37,1,0.0
10740,5681,94,1,0.02
10741,5681,42,1,0.0
10742,5682,50,1,0.0
10743,5682,71,1,0.0
10744,5683,27,2,0.0
10745,5684,51,3,0.0
10746,5685,70,1,0.1
10747,5686,93,2,0.0
10748,5687,73,1,0.15
10749,5688,26,1,0.05
10750,5688,61,1,0.15
10751,5689,34,1,0.0
10752,5690,46,1,0.1
10753,5691,23,1,0.0
10754,5691,61,2,0.0
10755,5691,65,2,0.0
10756,5691,45,1,0.1
10757,5692,23,1,0.0
10758,5693,44,4,0.0
10759,5694,33,1,0.0
10760,5694,12,2,0.0
10761,5695,33,2,0.02
10762,5695,39,1,0.0
10763,5695,56,3,0.05
10764,5696,34,1,0.02
10765,5696,19,2,0.05
10766,5696,70,2,0.05
10767,5697,82,1,0.0
10768,5698,33,1,0.05
10769,5698,29,1,0.0
10770,5698,88,1,0.05
10771,5698,64,4,0.0
10772,5699,82,1,0.0
10773,5699,59,2,0.0
10774,5699,20,2,0.02
10775,5699,8,2,0.02
10776,5700,17,4,0.02
10777,5701,57,1,0.0
10778,5701,40,1,0.05
10779,5701,15,2,0.1
10780,5702,12,1,0.0
10781,5703,31,1,0.15
10782,5703,68,2,0.05
10783,5704,8,1,0.0
10784,5704,75,2,0.05
10785,5704,66,1,0.0
10786,5705,42,1,0.0
10787,5705,48,1,0.0
10788,5706,43,1,0.1
10789,5707,37,1,0.05
10790,5708,10,4,0.05
10791,5708,69,1,0.0
10792,5708,23,1,0.0
10793,5708,38,1,0.02
10794,5709,77,1,0.15
10795,5710,79,1,0.05
10796,5711,45,1,0.0
10797,5711,37,2,0.02
10798,5711,85,3,0.0
10799,5711,94,1,0.05
10800,5712,18,4,0.0
10801,5713,9,3,0.02
10802,5713,53,2,0.0
10803,5714,92,1,0.0
10804,5715,50,2,0.02
10805,5715,13,1,0.0
10806,5716,11,1,0.0
10807,5717,19,3,0.0
10808,5717,67,2,0.0
10809,5717,2,1,0.15
10810,5717,6,1,0.02
10811,5718,41,1,0.0
10812,5718,84,1,0.1
10813,5718,29,1,0.05
10814,5719,44,1,0.0
10815,5720,91,1,0.15
10816,5720,89,1,0.02
10817,5721,24,1,0.0
10818,5722,29,3,0.02
10819,5722,10,1,0.0
10820,5723,32,1,0.0
10821,5724,53,1,0.0
10822,5724,28,1,0.05
10823,5724,47,1,0.02
10824,5724,62,2,0.0
10825,5725,14,1,0.02
10826,5726,25,2,0.0
10827,5727,11,3,0.02
10828,5728,94,1,0.0
10829,5728,19,2,0.05
10830,5728,50,1,0.15
10831,5729,62,1,0.0
10832,5729,56,2,0.0
10833,5729,5,2,0.0
10834,5730,51,2,0.1
10835,5730,45,1,0.0
10836,5731,28,1,0.05
10837,5731,48,1,0.05
10838,5732,61,1,0.0
10839,5732,16,1,0.05
10840,5733,37,2,0.15
10841,5733,9,4,0.0
10842,5733,94,1,0.0
10843,5734,34,1,0.05
10844,5734,31,1,0.02
10845,5735,75,2,0.02
10846,5736,5,2,0.02
10847,5737,76,4,0.15
10848,5737,88,2,0.02
10849,5738,2,1,0.0
10850,5738,8,1,0.1
10851,5738,18,1,0.05
10852,5739,16,2,0.02
10853,5739,39,2,0.05
10854,5740,46,2,0.15
10855,5740,7,2,0.1
10856,5740,50,1,0.0
10857,5740,55,3,0.0
10858,5741,82,1,0.0
10859,5741,20,2,0.02
10860,5741,38,1,0.1
10861,5742,66,2,0.0
10862,5742,46,1,0.02
10863,5742,40,2,0.15
10864,5743,94,1,0.05
10865,5743,5,2,0.0
10866,5743,75,1,0.0
10867,5743,65,1,0.02
10868,5743,39,2,0.0
10869,5744,68,2,0.05
10870,5744,58,1,0.0
10871,5745,72,1,0.0
10872,5745,28,2,0.05
10873,5746,58,3,0.1
10874,5747,68,1,0.05
10875,5748,24,1,0.0
10876,5748,39,4,0.1
10877,5748,87,1,0.05
10878,5749,20,1,0.05
10879,5749,9,1,0.05
10880,5750,48,1,0.0
10881,5751,3,1,0.02
10882,5751,93,1,0.0
10883,5752,82,1,0.0
10884,5752,20,1,0.0
10885,5753,25,1,0.05
10886,5753,85,1,0.0
10887,5754,74,1,0.0
10888,5755,55,2,0.05
10889,5755,47,2,0.0
10890,5756,6,1,0.05
10891,5757,71,2,0.0
10892,5758,8,1,0.1
10893,5758,64,1,0.05
10894,5758,69,2,0.0
10895,5759,16,2,0.0
10896,5760,51,1,0.02
10897,5761,71,1,0.0
10898,5762,26,1,0.0
10899,5763,66,2,0.1
10900,5763,88,1,0.02
10901,5764,58,1,0.05
10902,5764,1,2,0.02
10903,5765,59,1,0.0
10904,5766,79,1,0.15
10905,5766,72,2,0.0
10906,5766,41,1,0.0
10907,5766,9,1,0.0
10908,5767,96,2,0.0
10909,5768,5,1,0.05
10910,5769,29,2,0.1
10911,5769,35,2,0.0
10912,5770,58,1,0.15
10913,5770,66,1,0.0
10914,5771,78,1,0.05
10915,5771,66,1,0.05
10916,5772,93,2,0.05
10917,5772,11,1,0.15
10918,5772,79,2,0.0
10919,5773,37,1,0.05
10920,5774,94,2,0.0
10921,5775,31,1,0.02
10922,5775,82,2,0.1
10923,5776,8,1,0.0
10924,5776,82,4,0.02
10925,5776,75,2,0.02
10926,5776,46,1,0.05
10927,5777,41,2,0.0
10928,5777,52,1,0.05
10929,5778,32,1,0.0
10930,5779,13,1,0.0
10931,5779,14,3,0.15
10932,5780,4,1,0.0
10933,5780,80,3,0.0
10934,5780,44,2,0.02
10935,5781,19,1,0.0
10936,5782,59,1,0.05
10937,5783,27,1,0.0
10938,5783,15,2,0.02
10939,5783,59,1,0.0
10940,5784,30,1,0.1
10941,5784,93,1,0.0
10942,5784,63,3,0.0
10943,5785,82,1,0.02
10944,5786,2,1,0.0
10945,5786,21,3,0.0
10946,5786,18,1,0.02
10947,5786,10,4,0.05
10948,5786,40,1,0.0
10949,5787,38,1,0.0
10950,5788,19,1,0.02
10951,5788,6,2,0.0
10952,5789,38,1,0.0
10953,5789,68,1,0.0
10954,5789,2,1,0.05
10955,5790,93,1,0.02
10956,5790,87,1,0.1
10957,5790,34,1,0.0
10958,5791,12,1,0.0
10959,5792,18,1,0.0
10960,5793,29,3,0.0
10961,5794,56,1,0.02
10962,5794,44,1,0.0
10963,5794,2,4,0.02
10964,5795,96,1,0.0
10965,5796,59,1,0.0
10966,5796,25,2,0.0
10967,5797,39,1,0.0
10968,5798,60,3,0.0
10969,5799,85,1,0.0
10970,5800,67,1,0.0
10971,5801,55,1,0.1
10972,5802,91,2,0.1
10973,5802,94,3,0.0
10974,5802,77,1,0.02
10975,5802,73,1,0.05
10976,5803,11,1,0.0
10977,5804,22,1,0.15
10978,5805,78,1,0.1
10979,5805,96,1,0.02
10980,5805,6,1,0.05
10981,5805,80,1,0.0
10982,5806,8,1,0.1
10983,5806,73,1,0.02
10984,5806,64,1,0.02
10985,5806,14,1,0.0
10986,5806,12,2,0.0
10987,5807,27,1,0.02
10988,5807,66,3,0.0
10989,5808,75,1,0.05
10990,5809,78,3,0.02
10991,5809,66,1,0.05
10992,5810,55,2,0.0
10993,5810,19,1,0.02
10994,5811,79,2,0.0
10995,5812,32,1,0.05
10996,5812,84,1,0.0
10997,5813,65,1,0.02
10998,5814,2,1,0.05
10999,5815,42,1,0.0
11000,5816,91,1,0.0
11001,5817,3,1,0.02
11002,5817,17,1,0.02
11003,5818,47,3,0.0
11004,5818,55,2,0.0
11005,5819,42,4,0.0
11006,5819,54,2,0.0
11007,5820,18,2,0.05
11008,5820,79,1,0.1
11009,5820,44,1,0.0
11010,5821,84,1,0.02
11011,5821,64,2,0.02
11012,5821,69,1,0.0
11013,5821,90,1,0.0
11014,5822,23,2,0.0
11015,5823,62,1,0.0
11016,5824,32,2,0.0
11017,5824,66,4,0.02
11018,5824,11,1,0.0
11019,5825,47,1,0.05
11020,5825,82,2,0.0
11021,5825,83,1,0.1
11022,5826,5,1,0.02
11023,5827,64,3,0.02
11024,5827,6,2,0.0
11025,5828,95,1,0.0
11026,5829,46,1,0.05
11027,5830,96,4,0.0
11028,5830,30,1,0.0
11029,5831,78,1,0.0
11030,5831,56,1,0.0
11031,5832,88,1,0.0
11032,5832,61,2,0.1
11033,5832,49,1,0.05
11034,5832,30,2,0.05
11035,5833,27,1,0.02
11036,5833,10,1,0.02
11037,5834,42,2,0.05
11038,5835,69,2,0.0
11039,5835,89,1,0.02
11040,5836,15,2,0.0
11041,5836,17,1,0.02
11042,5836,77,1,0.15
11043,5836,14,1,0.02
11044,5837,70,2,0.0
11045,5838,59,1,0.05
11046,5838,44,1,0.05
11047,5838,57,1,0.0
11048,5839,52,1,0.0
11049,5839,24,1,0.02
11050,5839,25,1,0.02
11051,5840,2,1,0.0
11052,5840,73,2,0.0
11053,5841,37,4,0.05
11054,5841,19,2,0.1
11055,5842,51,1,0.0
11056,5843,12,3,0.0
11057,5843,68,2,0.15
11058,5843,65,1,0.1
11059,5843,43,2,0.15
11060,5844,35,1,0.0
11061,5844,9,1,0.05
11062,5845,81,1,0.02
11063,5846,66,1,0.02
11064,5846,54,1,0.05
11065,5847,42,1,0.02
11066,5848,95,3,0.0
11067,5848,15,1,0.05
11068,5848,51,1,0.02
11069,5849,43,2,0.15
11070,5849,72,1,0.0
11071,5850,65,1,0.05
11072,5851,27,1,0.02
11073,5852,36,1,0.1
11074,5853,79,1,0.02
11075,5853,21,1,0.02
11076,5854,70,2,0.02
11077,5854,80,2,0.1
11078,5854,89,1,0.0
11079,5855,85,1,0.0
11080,5855,95,2,0.02
11081,5856,65,1,0.05
11082,5857,70,1,0.0
11083,5858,44,1,0.0
11084,5858,4,1,0.0
11085,5859,4,1,0.0
11086,5859,16,1,0.05
11087,5859,82,1,0.15
11088,5859,10,1,0.0
11089,5860,85,1,0.0
11090,5860,58,3,0.02
11091,5860,74,1,0.0
11092,5861,1,1,0.05
11093,5861,49,2,0.0
11094,5861,10,2,0.1
11095,5861,5,2,0.0
11096,5861,40,3,0.05
11097,5862,38,3,0.0
11098,5862,55,1,0.0
11099,5863,33,1,0.0
11100,5864,87,2,0.0
11101,5864,6,1,0.0
11102,5865,74,1,0.02
11103,5866,47,1,0.05
11104,5866,90,1,0.05
11105,5867,93,1,0.15
11106,5868,23,2,0.0
11107,5868,3,2,0.05
11108,5869,37,2,0.02
11109,5869,7,2,0.05
11110,5870,84,1,0.05
11111,5870,57,2,0.02
11112,5871,81,1,0.0
11113,5872,31,2,0.0
11114,5872,63,1,0.05
11115,5873,66,1,0.02
11116,5873,43,2,0.05
11117,5874,25,2,0.1
11118,5875,7,4,0.0
11119,5875,33,2,0.05
11120,5875,20,2,0.0
11121,5876,40,2,0.0
11122,5877,89,1,0.02
11123,5877,6,2,0.0
11124,5878,20,1,0.0
11125,5878,50,1,0.0
11126,5879,21,1,0.15
11127,5879,41,2,0.0
11128,5879,94,1,0.0
11129,5880,47,1,0.02
11130,5881,10,1,0.15
11131,5882,54,1,0.02
11132,5882,78,1,0.1
11133,5883,53,2,0.05
11134,5884,23,1,0.0
11135,5884,35,3,0.0
11136,5885,77,2,0.0
11137,5885,37,1,0.02
11138,5885,1,2,0.0
11139,5886,91,2,0.02
11140,5886,62,4,0.02
11141,5887,79,1,0.0
11142,5887,66,2,0.02
11143,5888,15,1,0.0
11144,5889,5,2,0.05
11145,5889,78,1,0.0
11146,5890,72,2,0.0
11147,5891,54,3,0.0
11148,5892,57,1,0.02
11149,5892,39,1,0.0
11150,5893,46,2,0.05
11151,5894,31,2,0.0
11152,5895,30,1,0.02
11153,5896,45,3,0.0
11154,5897,76,2,0.05
11155,5898,45,1,0.0
11156,5898,63,1,0.05
11157,5899,56,2,0.02
11158,5900,49,1,0.0
11159,5901,12,2,0.05
11160,5901,15,2,0.0
11161,5902,35,3,0.1
11162,5902,9,1,0.0
11163,5903,62,1,0.02
11164,5903,44,2,0.0
11165,5904,28,1,0.0
11166,5905,30,1,0.0
11167,5905,12,1,0.0
11168,5905,36,1,0.02
11169,5906,20,1,0.05
11170,5906,17,2,0.05
11171,5907,38,3,0.0
11172,5908,62,3,0.1
11173,5909,57,2,0.0
11174,5909,2,1,0.0
11175,5910,21,1,0.0
11176,5911,77,4,0.02
11177,5912,22,3,0.02
11178,5913,19,1,0.05
11179,5914,73,1,0.02
11180,5915,75,1,0.05
11181,5916,76,1,0.0
11182,5916,25,1,0.0
11183,5917,33,1,0.0
11184,5918,23,1,0.02
11185,5918,8,2,0.0
11186,5919,21,1,0.0
11187,5920,58,1,0.05
11188,5920,2,1,0.05
11189,5920,83,3,0.02
11190,5921,44,1,0.0
11191,5921,38,1,0.02
11192,5921,88,3,0.0
11193,5922,78,1,0.05
11194,5922,77,1,0.05
11195,5922,50,2,0.02
11196,5922,37,3,0.0
11197,5923,86,2,0.02
11198,5923,55,1,0.0
11199,5923,71,2,0.05
11200,5923,29,4,0.0
11201,5924,17,1,0.05
11202,5925,29,2,0.15
11203,5925,71,2,0.0
11204,5925,95,1,0.0
11205,5926,32,1,0.02
11206,5926,51,2,0.0
11207,5927,68,1,0.02
11208,5928,11,4,0.05
11209,5928,50,2,0.02
11210,5929,54,1,0.0
11211,5930,73,1,0.0
11212,5931,74,1,0.15
11213,5932,93,1,0.0
11214,5933,3,1,0.02
11215,5934,85,1,0.15
11216,5935,21,4,0.02
11217,5935,53,1,0.1
11218,5935,94,1,0.02
11219,5935,15,1,0.05
11220,5935,86,4,0.0
11221,5936,19,1,0.02
11222,5936,12,2,0.05
11223,5936,94,2,0.1
11224,5937,4,1,0.0
11225,5938,58,1,0.02
11226,5939,53,2,0.05
11227,5940,67,1,0.0
11228,5941,18,1,0.0
11229,5941,47,2,0.0
11230,5941,77,2,0.1
11231,5941,91,1,0.15
11232,5941,12,1,0.0
11233,5942,37,2,0.02
11234,5942,92,1,0.05
11235,5942,71,1,0.1
11236,5943,35,1,0.05
11237,5943,47,2,0.0
11238,5944,62,1,0.05
11239,5945,93,1,0.02
11240,5946,5,1,0.15
11241,5946,33,1,0.0
11242,5947,7,1,0.05
11243,5947,44,1,0.05
11244,5947,56,1,0.15
11245,5948,58,1,0.1
11246,5949,58,2,0.1
11247,5949,29,1,0.02
11248,5949,6,1,0.0
11249,5949,63,1,0.05
11250,5950,26,1,0.0
11251,5950,8,1,0.0
11252,5950,66,1,0.02
11253,5950,10,1,0.05
11254,5951,69,1,0.05
11255,5951,83,1,0.05
11256,5951,91,3,0.02
11257,5951,94,2,0.1
11258,5952,82,1,0.05
11259,5953,41,3,0.1
11260,5954,30,1,0.0
11261,5955,28,2,0.02
11262,5955,32,1,0.0
11263,5956,54,1,0.0
11264,5956,5,1,0.15
11265,5957,9,1,0.1
11266,5957,68,2,0.0
11267,5958,95,1,0.1
11268,5958,71,1,0.02
11269,5959,28,1,0.0
11270,5960,4,2,0.0
11271,5961,94,2,0.05
11272,5962,48,1,0.1
11273,5963,85,2,0.0
11274,5964,11,1,0.15
11275,5964,32,1,0.0
11276,5964,24,1,0.0
11277,5964,10,4,0.0
11278,5965,88,1,0.0
11279,5966,83,2,0.05
11280,5966,69,1,0.0
11281,5966,60,2,0.02
11282,5966,11,1,0.05
11283,5966,5,1,0.0
11284,5967,8,1,0.15
11285,5968,80,1,0.0
11286,5968,52,1,0.05
11287,5968,51,1,0.05
11288,5968,79,2,0.02
11289,5968,84,1,0.02
11290,5969,92,2,0.1
11291,5970,88,1,0.02
11292,5970,9,1,0.02
11293,5971,43,2,0.1
11294,5971,61,1,0.0
11295,5972,23,4,0.02
11296,5973,24,1,0.02
11297,5973,10,3,0.05
11298,5974,13,1,0.02
11299,5975,62,3,0.0
11300,5976,83,1,0.0
11301,5976,55,1,0.0
11302,5976,50,3,0.0
11303,5977,75,1,0.0
11304,5978,70,3,0.1
11305,5978,39,1,0.02
11306,5978,59,1,0.15
11307,5978,16,1,0.1
11308,5978,80,2,0.05
11309,5979,72,2,0.02
11310,5979,66,1,0.05
11311,5980,60,1,0.0
11312,5980,31,1,0.1
11313,5981,79,2,0.0
11314,5982,41,1,0.1
11315,5983,1,3,0.0
11316,5983,35,2,0.0
11317,5984,71,1,0.0
11318,5985,26,1,0.05
11319,5986,85,1,0.05
11320,5986,4,1,0.15
11321,5986,58,2,0.0
11322,5987,71,1,0.02
11323,5987,91,2,0.05
11324,5988,33,1,0.05
11325,5988,25,1,0.0
11326,5988,28,2,0.0
11327,5988,23,1,0.0
11328,5989,71,1,0.0
11329,5989,3,3,0.0
11330,5990,80,4,0.02
11331,5990,66,1,0.0
11332,5990,8,1,0.1
11333,5991,66,1,0.02
11334,5991,47,1,0.05
11335,5991,73,2,0.1
11336,5992,45,1,0.02
11337,5992,75,1,0.02
11338,5993,34,4,0.05
11339,5994,12,1,0.0
11340,5995,59,1,0.0
11341,5996,37,1,0.0
11342,5996,32,3,0.02
11343,5997,14,1,0.1
11344,5997,33,1,0.15
11345,5998,71,1,0.0
11346,5999,62,1,0.02
11347,5999,18,1,0.05
11348,6000,53,2,0.0
11349,6001,84,1,0.05
11350,6001,14,3,0.05
11351,6001,52,1,0.0
11352,6002,8,3,0.15
11353,6002,32,4,0.0
11354,6003,56,2,0.1
11355,6004,46,1,0.0
11356,6005,27,1,0.0
11357,6006,49,1,0.0
11358,6006,20,1,0.0
11359,6006,5,2,0.0
11360,6007,48,2,0.1
11361,6008,39,1,0.02
11362,6009,24,2,0.05
11363,6010,70,3,0.0
11364,6010,20,2,0.1
11365,6010,5,1,0.05
11366,6011,12,1,0.0
11367,6012,74,1,0.05
11368,6012,11,1,0.05
11369,6013,34,1,0.05
11370,6013,5,2,0.05
11371,6014,32,2,0.0
11372,6015,65,1,0.0
11373,6015,20,2,0.02
11374,6015,58,3,0.1
11375,6015,14,1,0.0
11376,6016,79,1,0.0
11377,6016,21,2,0.0
11378,6017,36,1,0.02
11379,6017,33,1,0.0
11380,6017,93,3,0.05
11381,6018,81,1,0.0
11382,6019,25,2,0.05
11383,6020,27,2,0.1
11384,6020,87,1,0.0
11385,6021,78,2,0.05
11386,6022,92,1,0.05
11387,6023,5,1,0.0
11388,6024,20,2,0.0
11389,6025,7,2,0.05
11390,6025,35,2,0.1
11391,6026,28,2,0.0
11392,6027,63,1,0.02
11393,6028,50,2,0.15
11394,6028,27,1,0.05
11395,6029,71,1,0.02
11396,6029,10,3,0.0
11397,6029,45,2,0.1
11398,6029,33,1,0.05
11399,6029,21,1,0.02
11400,6030,71,2,0.0
11401,6030,9,1,0.1
11402,6031,37,1,0.1
11403,6031,57,2,0.0
11404,6031,8,1,0.02
11405,6032,20,2,0.02
11406,6032,27,1,0.05
11407,6032,62,1,0.0
11408,6032,21,2,0.1
11409,6033,10,2,0.05
11410,6033,59,3,0.02
11411,6034,65,2,0.05
11412,6034,82,1,0.05
11413,6034,16,1,0.0
11414,6035,55,1,0.0
11415,6035,90,2,0.0
11416,6036,53,1,0.0
11417,6037,19,2,0.02
11418,6037,44,4,0.02
11419,6037,1,1,0.15
11420,6038,62,2,0.05
11421,6038,95,1,0.02
11422,6039,28,1,0.05
11423,6039,29,1,0.0
11424,6040,47,1,0.0
11425,6040,15,2,0.0
11426,6041,7,2,0.0
11427,6042,77,1,0.05
11428,6043,33,2,0.02
11429,6044,75,1,0.0
11430,6044,1,1,0.02
11431,6045,94,1,0.05
11432,6046,9,1,0.02
11433,6046,21,1,0.0
11434,6047,24,1,0.0
11435,6047,85,1,0.0
11436,6048,81,1,0.05
11437,6048,37,2,0.0
11438,6049,1,1,0.0
11439,6050,42,1,0.0
11440,6051,30,1,0.0
11441,6051,52,1,0.0
11442,6052,19,1,0.05
11443,6053,79,1,0.0
11444,6054,10,2,0.0
11445,6055,30,2,0.0
11446,6056,72,1,0.1
11447,6057,50,2,0.0
11448,6057,85,1,0.02
11449,6057,76,3,0.0
11450,6058,62,2,0.0
11451,6059,85,1,0.0
11452,6060,34,1,0.02
11453,6061,13,1,0.0
11454,6061,1,1,0.02
11455,6062,54,3,0.0
11456,6062,44,2,0.1
11457,6063,68,1,0.02
11458,6063,21,1,0.1
11459,6063,85,1,0.0
11460,6064,70,1,0.0
11461,6065,44,3,0.05
11462,6066,90,1,0.0
11463,6066,21,1,0.02
11464,6067,34,1,0.02
11465,6067,92,1,0.1
11466,6067,49,1,0.0
11467,6068,61,1,0.02
11468,6069,6,1,0.02
11469,6070,7,1,0.05
11470,6070,67,1,0.0
11471,6070,85,3,0.05
11472,6070,90,1,0.02
11473,6070,59,4,0.0
11474,6071,67,2,0.02
11475,6072,25,2,0.1
11476,6072,77,2,0.05
11477,6072,93,1,0.0
11478,6072,32,1,0.0
11479,6072,56,1,0.0
11480,6073,33,2,0.0
11481,6073,38,1,0.02
11482,6073,91,1,0.05
11483,6073,14,1,0.0
11484,6073,24,2,0.0
11485,6074,56,1,0.05
11486,6075,68,1,0.05
11487,6076,60,1,0.05
11488,6077,37,1,0.05
11489,6078,63,2,0.1
11490,6078,18,1,0.0
11491,6078,62,1,0.02
11492,6079,94,1,0.0
11493,6080,62,1,0.0
11494,6080,19,2,0.15
11495,6080,12,1,0.05
11496,6081,95,1,0.0
11497,6081,24,2,0.02
11498,6082,70,2,0.0
11499,6082,4,1,0.0
11500,6082,14,1,0.0
11501,6083,60,1,0.15
11502,6083,44,1,0.05
11503,6084,80,1,0.02
11504,6085,26,1,0.0
11505,6086,74,3,0.1
11506,6086,14,1,0.0
11507,6087,13,2,0.0
11508,6087,45,1,0.1
11509,6087,16,1,0.0
11510,6087,32,1,0.0
11511,6087,25,2,0.0
11512,6088,27,1,0.02
11513,6089,26,1,0.05
11514,6089,91,1,0.0
11515,6089,7,1,0.0
11516,6089,89,1,0.02
11517,6090,62,1,0.0
11518,6091,84,1,0.0
11519,6092,46,2,0.05
11520,6093,68,1,0.0
11521,6093,5,1,0.02
11522,6094,80,1,0.0
11523,6095,43,1,0.0
11524,6095,19,1,0.0
11525,6095,10,1,0.0
11526,6096,30,1,0.1
11527,6097,48,1,0.0
11528,6097,79,2,0.02
11529,6098,11,1,0.0
11530,6098,44,2,0.05
11531,6099,11,2,0.0
11532,6099,64,1,0.0
11533,6100,95,1,0.1
11534,6101,2,1,0.0
11535,6101,7,1,0.0
11536,6101,12,1,0.0
11537,6102,56,3,0.0
11538,6103,48,1,0.0
11539,6104,32,1,0.0
11540,6105,48,3,0.0
11541,6106,66,1,0.1
11542,6106,20,1,0.02
11543,6106,22,1,0.02
11544,6107,4,3,0.02
11545,6107,20,1,0.02
11546,6107,24,1,0.0
11547,6108,87,1,0.0
11548,6108,5,1,0.0
11549,6109,34,3,0.05
11550,6110,81,3,0.05
11551,6110,4,2,0.0
11552,6111,94,1,0.0
11553,6111,47,1,0.0
11554,6111,22,1,0.02
11555,6112,44,1,0.1
11556,6113,80,1,0.02
11557,6113,74,1,0.1
11558,6114,55,1,0.05
11559,6115,89,2,0.05
11560,6115,46,1,0.1
11561,6115,70,1,0.0
11562,6115,81,1,0.0
11563,6116,40,2,0.02
11564,6116,72,2,0.05
11565,6116,2,2,0.05
11566,6117,8,3,0.0
11567,6117,95,1,0.0
11568,6117,43,1,0.0
11569,6117,11,1,0.1
11570,6118,64,1,0.0
11571,6118,15,1,0.0
11572,6118,61,2,0.0
11573,6118,35,3,0.0
11574,6118,66,1,0.0
11575,6119,94,1,0.05
11576,6119,90,1,0.0
11577,6120,11,2,0.0
11578,6121,92,3,0.0
11579,6121,55,1,0.0
11580,6122,22,1,0.0
11581,6123,68,1,0.0
11582,6123,54,1,0.0
11583,6124,40,2,0.0
11584,6124,43,2,0.02
11585,6124,86,2,0.1
11586,6124,59,1,0.0
11587,6124,45,2,0.0
11588,6125,36,1,0.02
11589,6125,92,1,0.05
11590,6126,13,2,0.0
11591,6127,18,1,0.1
11592,6127,71,1,0.05
11593,6127,79,1,0.0
11594,6128,45,3,0.0
11595,6128,23,1,0.05
11596,6129,27,2,0.1
11597,6130,51,1,0.0
11598,6131,25,2,0.0
11599,6132,89,1,0.05
11600,6133,57,1,0.0
11601,6134,35,1,0.0
11602,6134,26,1,0.0
11603,6134,74,2,0.0
11604,6134,51,3,0.0
11605,6134,71,3,0.05
11606,6135,54,1,0.1
11607,6135,76,1,0.0
11608,6135,16,1,0.05
11609,6136,53,1,0.05
11610,6136,58,1,0.1
11611,6137,5,1,0.05
11612,6137,30,1,0.1
11613,6138,15,1,0.0
11614,6138,21,1,0.0
11615,6138,36,1,0.0
11616,6138,33,3,0.1
11617,6138,56,1,0.0
11618,6139,95,2,0.0
11619,6139,17,4,0.02
11620,6140,47,1,0.02
11621,6140,1,1,0.0
11622,6141,96,1,0.0
11623,6142,7,3,0.0
11624,6143,55,1,0.02
11625,6143,85,2,0.0
11626,6143,52,1,0.02
11627,6144,30,1,0.0
11628,6145,93,2,0.0
11629,6145,8,3,0.0
11630,6145,50,1,0.1
11631,6146,70,4,0.02
11632,6147,46,1,0.0
11633,6148,41,1,0.02
11634,6149,29,2,0.02
11635,6150,34,1,0.0
11636,6150,52,1,0.05
11637,6151,1,1,0.1
11638,6152,28,2,0.0
11639,6152,70,2,0.0
11640,6153,4,2,0.0
11641,6153,59,1,0.05
11642,6154,89,2,0.05
11643,6154,77,1,0.05
11644,6154,83,1,0.0
11645,6154,24,2,0.1
11646,6154,33,1,0.0
11647,6155,50,1,0.0
11648,6155,20,2,0.0
11649,6155,84,1,0.0
11650,6156,54,1,0.0
11651,6156,60,4,0.1
11652,6157,34,2,0.02
11653,6158,10,1,0.0
11654,6159,96,2,0.05
11655,6159,24,1,0.02
11656,6160,53,1,0.0
11657,6160,65,1,0.1
11658,6161,51,1,0.0
11659,6162,32,1,0.02
11660,6162,17,1,0.05
11661,6162,12,1,0.02
11662,6163,92,1,0.0
11663,6163,20,1,0.0
11664,6164,42,2,0.05
11665,6165,91,1,0.0
11666,6165,44,2,0.0
11667,6166,94,1,0.0
11668,6166,61,2,0.15
11669,6166,93,2,0.05
11670,6167,26,3,0.1
11671,6168,5,1,0.0
11672,6168,79,1,0.0
11673,6169,90,2,0.05
11674,6170,96,1,0.05
11675,6170,95,2,0.0
11676,6171,2,1,0.05
11677,6172,7,1,0.0
11678,6172,28,1,0.15
11679,6173,81,2,0.0
11680,6174,8,1,0.0
11681,6174,28,3,0.0
11682,6174,79,1,0.05
11683,6175,48,1,0.0
11684,6175,95,1,0.0
11685,6176,31,1,0.0
11686,6177,71,3,0.0
11687,6177,22,1,0.05
11688,6177,32,1,0.0
11689,6178,95,1,0.02
11690,6179,17,1,0.0
11691,6179,64,1,0.02
11692,6180,92,2,0.0
11693,6181,51,1,0.05
11694,6182,91,1,0.0
11695,6182,35,1,0.02
11696,6183,12,3,0.0
11697,6184,5,2,0.05
11698,6184,71,2,0.0
11699,6184,14,1,0.1
11700,6184,61,1,0.02
11701,6185,25,1,0.02
11702,6186,71,1,0.0
11703,6186,76,1,0.1
11704,6186,25,3,0.02
11705,6187,68,1,0.05
11706,6188,30,2,0.02
11707,6188,2,2,0.05
11708,6188,4,1,0.05
11709,6188,91,1,0.0
11710,6189,32,1,0.02
11711,6190,62,1,0.0
11712,6191,11,1,0.0
11713,6192,82,2,0.02
11714,6193,70,2,0.0
11715,6193,29,2,0.05
11716,6193,59,1,0.02
11717,6194,13,1,0.1
11718,6194,7,3,0.02
11719,6195,80,1,0.05
11720,6195,43,1,0.0
11721,6195,47,2,0.05
11722,6195,6,2,0.0
11723,6195,8,1,0.02
11724,6196,32,2,0.05
11725,6197,89,1,0.05
11726,6197,4,2,0.02
11727,6198,60,3,0.1
11728,6198,33,3,0.1
11729,6199,56,1,0.0
11730,6200,68,1,0.15
11731,6201,91,1,0.0
11732,6202,80,1,0.05
11733,6203,38,3,0.0
11734,6204,7,2,0.15
11735,6204,78,4,0.1
11736,6205,76,1,0.1
11737,6206,17,2,0.0
11738,6207,66,1,0.0
11739,6207,23,1,0.05
11740,6207,7,1,0.0
11741,6208,46,1,0.0
11742,6208,61,4,0.15
11743,6208,35,1,0.0
11744,6208,32,1,0.0
11745,6209,82,3,0.0
11746,6209,49,2,0.02
11747,6210,17,2,0.0
11748,6211,61,1,0.05
11749,6212,20,3,0.0
11750,6212,84,1,0.02
11751,6213,68,1,0.0
11752,6214,61,1,0.02
11753,6215,83,2,0.1
11754,6215,19,2,0.02
11755,6216,21,2,0.05
11756,6216,94,1,0.0
11757,6217,39,1,0.05
11758,6218,90,2,0.05
11759,6219,10,1,0.0
11760,6219,25,4,0.05
11761,6220,40,3,0.0
11762,6220,81,1,0.05
11763,6221,54,1,0.02
11764,6222,26,2,0.0
11765,6223,31,1,0.0
11766,6224,10,4,0.15
11767,6225,4,1,0.0
11768,6225,21,3,0.02
11769,6225,69,1,0.1
11770,6226,16,1,0.0
11771,6227,16,1,0.0
11772,6227,27,1,0.0
11773,6228,56,1,0.02
11774,6228,36,2,0.0
11775,6228,33,1,0.0
11776,6229,85,2,0.0
11777,6230,79,2,0.0
11778,6230,84,4,0.02
11779,6231,64,1,0.1
11780,6232,84,1,0.0
11781,6232,55,2,0.0
11782,6233,86,2,0.05
11783,6234,48,2,0.1
11784,6234,61,2,0.05
11785,6234,25,1,0.02
11786,6235,34,1,0.1
11787,6235,66,2,0.1
11788,6236,75,1,0.0
11789,6237,19,2,0.02
11790,6237,40,4,0.05
11791,6237,61,1,0.02
11792,6238,52,1,0.15
11793,6238,92,1,0.0
11794,6239,46,1,0.05
11795,6240,63,4,0.0
11796,6240,36,2,0.05
11797,6240,55,2,0.0
11798,6241,60,1,0.0
11799,6242,19,2,0.0
11800,6242,12,1,0.0
11801,6243,17,2,0.02
11802,6244,28,1,0.05
11803,6244,58,1,0.05
11804,6244,31,2,0.1
11805,6245,51,1,0.0
11806,6246,71,1,0.1
11807,6246,10,1,0.02
11808,6246,24,2,0.05
11809,6247,71,1,0.0
11810,6247,18,1,0.02
11811,6248,74,2,0.0
11812,6248,36,1,0.02
11813,6248,54,1,0.0
11814,6249,42,1,0.0
11815,6250,10,2,0.0
11816,6251,29,3,0.1
11817,6251,35,2,0.05
11818,6251,10,1,0.1
11819,6252,80,1,0.1
11820,6252,38,2,0.02
11821,6252,40,4,0.1
11822,6252,47,4,0.0
11823,6252,53,1,0.1
11824,6253,61,1,0.0
11825,6254,93,1,0.0
11826,6255,68,1,0.0
11827,6255,59,2,0.0
11828,6255,24,1,0.05
11829,6256,95,1,0.02
11830,6256,17,1,0.0
11831,6257,62,1,0.0
11832,6257,35,3,0.02
11833,6258,95,1,0.1
11834,6259,2,1,0.02
11835,6259,86,1,0.05
11836,6260,51,2,0.02
11837,6260,61,3,0.02
11838,6260,52,1,0.02
11839,6261,23,1,0.05
11840,6261,29,3,0.02
11841,6261,8,1,0.0
11842,6261,92,1,0.15
11843,6262,52,1,0.05
11844,6263,6,1,0.02
11845,6264,75,3,0.02
11846,6265,70,1,0.0
11847,6265,92,1,0.05
11848,6266,70,1,0.0
11849,6267,90,2,0.0
11850,6268,39,2,0.0
11851,6269,16,1,0.02
11852,6270,54,2,0.0
11853,6271,69,1,0.0
11854,6272,36,1,0.02
11855,6273,16,1,0.1
11856,6273,24,1,0.0
11857,6274,54,1,0.0
11858,6275,78,2,0.0
11859,6276,43,2,0.0
11860,6276,31,3,0.0
11861,6276,10,1,0.1
11862,6276,63,1,0.0
11863,6277,66,2,0.0
11864,6278,24,1,0.1
11865,6279,85,1,0.0
11866,6279,29,3,0.0
11867,6279,30,1,0.0
11868,6280,16,1,0.02
11869,6280,48,1,0.15
11870,6281,86,1,0.1
11871,6281,44,1,0.05
11872,6281,15,3,0.02
11873,6282,14,3,0.1
11874,6283,50,1,0.0
11875,6284,18,2,0.0
11876,6284,26,1,0.02
11877,6285,55,1,0.0
11878,6286,73,2,0.02
11879,6286,62,1,0.05
11880,6286,96,1,0.0
11881,6286,20,1,0.0
11882,6287,12,1,0.02
11883,6288,7,1,0.05
11884,6289,62,2,0.0
11885,6290,39,1,0.0
11886,6290,27,2,0.0
11887,6291,30,1,0.0
11888,6292,75,1,0.0
11889,6293,91,1,0.05
11890,6294,6,2,0.0
11891,6295,43,1,0.02
11892,6295,2,1,0.02
11893,6295,94,3,0.02
11894,6295,38,2,0.0
11895,6296,3,1,0.02
11896,6296,88,1,0.02
11897,6296,79,1,0.05
11898,6297,63,1,0.02
11899,6298,44,1,0.02
11900,6299,4,1,0.15
11901,6299,2,2,0.0
11902,6300,31,2,0.02
11903,6300,26,1,0.02
11904,6300,7,2,0.1
11905,6300,23,1,0.0
11906,6300,53,2,0.02
11907,6301,16,2,0.05
11908,6301,25,3,0.0
11909,6302,77,1,0.0
11910,6302,39,3,0.05
11911,6302,23,1,0.02
11912,6303,93,1,0.05
11913,6304,3,1,0.05
11914,6304,24,3,0.05
11915,6304,22,1,0.05
11916,6304,16,1,0.05
11917,6304,1,1,0.02
11918,6305,11,1,0.02
11919,6305,80,2,0.0
11920,6305,37,1,0.0
11921,6306,42,1,0.0
11922,6306,70,1,0.05
11923,6306,59,1,0.05
11924,6306,7,1,0.02
11925,6307,25,1,0.02
11926,6308,44,1,0.05
11927,6308,13,1,0.0
11928,6309,26,1,0.02
11929,6309,82,2,0.05
11930,6310,1,3,0.1
11931,6311,58,1,0.0
11932,6312,18,2,0.0
11933,6312,77,1,0.02
11934,6312,43,3,0.0
11935,6313,64,4,0.05
11936,6313,9,4,0.0
11937,6313,92,1,0.02
11938,6314,30,1,0.0
11939,6315,83,1,0.15
11940,6316,75,4,0.05
11941,6317,64,2,0.02
11942,6318,18,2,0.0
11943,6318,10,1,0.05
11944,6319,78,3,0.0
11945,6319,29,4,0.05
11946,6320,10,1,0.05
11947,6320,70,1,0.0
11948,6320,64,1,0.02
11949,6320,88,1,0.1
11950,6320,24,1,0.02
11951,6321,40,2,0.05
11952,6321,8,4,0.05
11953,6321,39,2,0.02
11954,6322,81,1,0.1
11955,6322,15,2,0.0
11956,6323,66,4,0.02
11957,6324,34,1,0.05
11958,6324,87,4,0.0
11959,6324,14,1,0.0
11960,6324,49,3,0.05
11961,6324,1,1,0.0
11962,6325,80,2,0.15
11963,6326,76,1,0.05
11964,6326,81,2,0.0
11965,6327,66,1,0.0
11966,6328,12,1,0.05
11967,6329,49,3,0.0
11968,6329,43,1,0.05
11969,6329,52,1,0.05
11970,6330,29,2,0.0
11971,6331,78,1,0.15
11972,6331,65,1,0.1
11973,6331,85,3,0.1
11974,6332,15,1,0.1
11975,6332,38,3,0.02
11976,6333,73,2,0.05
11977,6333,95,1,0.02
11978,6333,22,3,0.02
11979,6334,65,2,0.0
11980,6335,4,2,0.0
11981,6335,19,3,0.02
11982,6336,81,1,0.0
11983,6337,45,1,0.05
11984,6337,68,2,0.05
11985,6337,21,1,0.0
11986,6337,78,1,0.02
11987,6338,48,1,0.0
11988,6338,66,1,0.0
11989,6338,49,2,0.1
11990,6338,43,2,0.0
11991,6339,54,1,0.0
11992,6340,18,1,0.0
11993,6340,77,1,0.0
11994,6341,22,1,0.0
11995,6342,91,1,0.05
11996,6343,2,1,0.0
11997,6344,18,1,0.05
11998,6345,96,4,0.02
11999,6345,25,1,0.02
12000,6345,64,3,0.1
12001,6346,6,1,0.02
12002,6347,50,4,0.02
12003,6348,42,2,0.0
12004,6348,1,1,0.0
12005,6348,78,2,0.0
12006,6349,29,2,0.02
12007,6349,82,1,0.02
12008,6350,87,4,0.02
12009,6350,66,1,0.0
12010,6350,42,2,0.05
12011,6351,48,1,0.05
12012,6351,67,2,0.05
12013,6352,67,1,0.1
12014,6352,96,1,0.1
12015,6353,93,4,0.05
12016,6353,44,2,0.1
12017,6353,54,1,0.0
12018,6353,96,1,0.1
12019,6353,53,1,0.02
12020,6354,24,1,0.0
12021,6355,16,1,0.05
12022,6355,26,1,0.05
12023,6355,57,2,0.0
12024,6355,70,1,0.0
12025,6356,77,1,0.0
12026,6357,80,1,0.15
12027,6357,29,1,0.0
12028,6357,20,2,0.0
12029,6357,92,1,0.0
12030,6357,36,1,0.0
12031,6358,73,1,0.0
12032,6358,2,1,0.02
12033,6358,86,2,0.1
12034,6358,1,1,0.05
12035,6359,67,1,0.0
12036,6360,14,2,0.0
12037,6361,17,2,0.02
12038,6361,38,1,0.0
12039,6362,72,2,0.0
12040,6362,3,1,0.05
12041,6363,55,2,0.0
12042,6363,70,3,0.05
12043,6363,88,4,0.15
12044,6363,40,2,0.1
12045,6364,1,1,0.02
12046,6364,10,1,0.0
12047,6364,79,2,0.1
12048,6364,29,1,0.0
12049,6365,66,1,0.0
12050,6365,71,2,0.05
12051,6366,69,1,0.0
12052,6367,18,2,0.05
12053,6368,28,1,0.0
12054,6369,51,2,0.15
12055,6370,84,3,0.05
12056,6370,17,1,0.02
12057,6370,90,1,0.02
12058,6371,62,1,0.0
12059,6372,69,1,0.02
12060,6372,87,2,0.05
12061,6373,49,2,0.02
12062,6374,61,1,0.05
12063,6375,40,1,0.0
12064,6375,89,1,0.15
12065,6376,20,1,0.05
12066,6377,96,2,0.05
12067,6377,79,1,0.0
12068,6377,14,1,0.1
12069,6378,25,2,0.0
12070,6378,57,2,0.1
12071,6378,6,1,0.0
12072,6379,69,1,0.0
12073,6380,66,4,0.05
12074,6380,83,2,0.02
12075,6381,47,1,0.05
12076,6382,36,1,0.0
12077,6382,87,2,0.0
12078,6383,57,2,0.0
12079,6384,40,1,0.05
12080,6385,50,3,0.05
12081,6385,26,1,0.0
12082,6385,84,1,0.0
12083,6386,8,1,0.0
12084,6387,28,1,0.0
12085,6387,67,1,0.05
12086,6388,64,1,0.15
12087,6389,20,1,0.0
12088,6389,75,1,0.02
12089,6389,42,1,0.05
12090,6389,64,1,0.02
12091,6390,87,1,0.02
12092,6391,78,1,0.0
12093,6391,68,1,0.0
12094,6391,13,1,0.0
12095,6392,78,3,0.0
12096,6393,66,3,0.0
12097,6394,21,1,0.0
12098,6395,66,1,0.05
12099,6396,60,2,0.05
12100,6396,10,1,0.02
12101,6397,50,2,0.05
12102,6398,66,1,0.0
12103,6398,7,1,0.02
12104,6398,37,1,0.02
12105,6399,95,1,0.0
12106,6400,56,2,0.02
12107,6401,24,3,0.0
12108,6402,89,2,0.02
12109,6402,13,1,0.1
12110,6403,83,1,0.0
12111,6403,17,3,0.0
12112,6404,59,1,0.0
12113,6405,58,3,0.05
12114,6405,7,2,0.0
12115,6406,58,1,0.1
12116,6406,26,1,0.0
12117,6406,21,1,0.05
12118,6406,13,3,0.0
12119,6406,74,3,0.05
12120,6407,62,2,0.0
12121,6407,50,1,0.0
12122,6407,64,1,0.0
12123,6407,22,1,0.0
12124,6407,31,1,0.1
12125,6408,66,1,0.0
12126,6408,96,1,0.02
12127,6408,61,1,0.0
12128,6408,8,2,0.1
12129,6408,21,3,0.1
12130,6409,74,1,0.05
12131,6410,62,1,0.02
12132,6411,72,1,0.0
12133,6411,86,1,0.05
12134,6411,40,1,0.02
12135,6411,23,2,0.0
12136,6412,76,1,0.02
12137,6413,38,2,0.0
12138,6413,70,1,0.0
12139,6414,53,1,0.1
12140,6415,95,1,0.0
12141,6415,24,1,0.02
12142,6415,9,2,0.02
12143,6416,25,1,0.02
12144,6416,91,2,0.02
12145,6417,67,1,0.15
12146,6418,23,1,0.0
12147,6419,72,2,0.1
12148,6420,25,3,0.05
12149,6420,21,2,0.02
12150,6420,76,1,0.0
12151,6420,4,2,0.02
12152,6421,87,1,0.02
12153,6421,77,1,0.0
12154,6422,45,1,0.1
12155,6422,1,1,0.02
12156,6422,88,1,0.1
12157,6423,40,3,0.02
12158,6423,20,2,0.1
12159,6424,42,1,0.0
12160,6425,54,1,0.0
12161,6426,66,2,0.02
12162,6426,91,2,0.0
12163,6427,57,2,0.02
12164,6428,70,1,0.0
12165,6428,78,1,0.02
12166,6428,21,2,0.0
12167,6429,58,2,0.0
12168,6430,64,1,0.05
12169,6431,46,3,0.0
12170,6431,75,1,0.0
12171,6432,92,1,0.0
12172,6432,37,3,0.02
12173,6432,72,1,0.0
12174,6433,11,2,0.0
12175,6434,54,1,0.0
12176,6434,18,2,0.02
12177,6435,11,1,0.05
12178,6436,9,1,0.0
12179,6436,39,1,0.02
12180,6436,48,1,0.02
12181,6436,32,2,0.0
12182,6437,69,1,0.05
12183,6437,91,1,0.0
12184,6437,52,1,0.02
12185,6437,49,2,0.02
12186,6437,48,1,0.0
12187,6438,38,2,0.0
12188,6439,50,1,0.05
12189,6439,10,1,0.02
12190,6440,21,2,0.02
12191,6440,87,2,0.0
12192,6440,54,1,0.0
12193,6441,96,1,0.0
12194,6442,87,2,0.0
12195,6443,90,1,0.1
12196,6443,37,2,0.1
12197,6444,57,2,0.02
12198,6444,10,1,0.0
12199,6444,63,1,0.0
12200,6445,96,1,0.1
12201,6446,4,2,0.0
12202,6446,7,2,0.0
12203,6446,75,2,0.0
12204,6447,94,1,0.05
12205,6447,17,4,0.0
12206,6447,69,1,0.1
12207,6448,47,1,0.05
12208,6448,37,1,0.05
12209,6449,61,2,0.0
12210,6450,96,1,0.0
12211,6450,52,4,0.0
12212,6450,23,4,0.15
12213,6450,87,2,0.0
12214,6451,85,3,0.1
12215,6452,64,1,0.0
12216,6452,24,1,0.0
12217,6452,74,2,0.02
12218,6452,94,1,0.05
12219,6453,60,1,0.0
12220,6454,66,1,0.0
12221,6454,12,2,0.0
12222,6455,46,1,0.05
12223,6455,6,2,0.1
12224,6456,53,1,0.05
12225,6456,24,1,0.1
12226,6456,66,1,0.02
12227,6457,71,1,0.15
12228,6458,59,1,0.0
12229,6459,48,1,0.0
12230,6460,3,1,0.05
12231,6460,93,1,0.0
12232,6461,94,2,0.0
12233,6461,27,1,0.1
12234,6462,19,1,0.0
12235,6462,11,1,0.15
12236,6463,85,2,0.0
12237,6463,55,3,0.0
12238,6463,52,1,0.1
12239,6464,92,3,0.0
12240,6465,53,1,0.1
12241,6465,20,1,0.02
12242,6466,48,1,0.0
12243,6467,21,4,0.0
12244,6467,62,3,0.0
12245,6468,65,1,0.0
12246,6469,73,1,0.0
12247,6469,38,1,0.0
12248,6470,67,1,0.05
12249,6471,53,1,0.0
12250,6472,90,1,0.0
12251,6473,49,1,0.0
12252,6474,52,2,0.0
12253,6474,14,1,0.0
12254,6474,91,2,0.0
12255,6475,13,1,0.02
12256,6475,15,1,0.0
12257,6476,90,1,0.02
12258,6477,5,1,0.02
12259,6477,77,1,0.02
12260,6477,64,3,0.0
12261,6477,9,1,0.05
12262,6477,87,3,0.0
12263,6478,53,1,0.05
12264,6479,2,3,0.02
12265,6479,43,1,0.02
12266,6479,23,1,0.0
12267,6479,54,1,0.1
12268,6479,61,2,0.0
12269,6480,87,2,0.05
12270,6481,68,3,0.02
12271,6482,42,2,0.15
12272,6482,8,1,0.0
12273,6482,76,1,0.0
12274,6483,80,1,0.0
12275,6483,32,2,0.15
12276,6484,71,2,0.0
12277,6484,4,1,0.05
12278,6485,29,1,0.0
12279,6486,68,1,0.02
12280,6486,52,1,0.0
12281,6486,46,1,0.0
12282,6486,28,1,0.05
12283,6487,47,1,0.1
12284,6487,77,2,0.0
12285,6487,26,1,0.02
12286,6488,95,2,0.05
12287,6489,70,1,0.0
12288,6489,21,1,0.1
12289,6489,4,2,0.0
12290,6489,53,2,0.05
12291,6489,27,2,0.0
12292,6490,15,3,0.0
12293,6490,66,2,0.0
12294,6491,4,2,0.0
12295,6491,40,2,0.05
12296,6492,58,1,0.05
12297,6493,79,1,0.0
12298,6494,77,2,0.0
12299,6495,57,1,0.15
12300,6495,66,1,0.0
12301,6495,31,1,0.0
12302,6495,91,1,0.02
12303,6496,19,1,0.0
12304,6496,32,3,0.05
12305,6496,53,1,0.02
12306,6496,87,2,0.1
12307,6496,77,1,0.0
12308,6497,69,2,0.0
12309,6497,14,2,0.0
12310,6498,10,1,0.1
12311,6499,62,2,0.1
12312,6499,56,1,0.05
12313,6500,91,2,0.0
12314,6501,91,1,0.0
12315,6501,10,3,0.0
12316,6501,13,1,0.1
12317,6501,62,1,0.02
12318,6502,23,3,0.0
12319,6503,26,1,0.0
12320,6503,20,1,0.02
12321,6504,5,3,0.0
12322,6505,33,1,0.0
12323,6506,34,2,0.02
12324,6506,47,1,0.0
12325,6507,13,1,0.0
12326,6507,71,2,0.0
12327,6508,49,1,0.15
12328,6509,96,1,0.0
12329,6510,86,3,0.0
12330,6511,36,1,0.05
12331,6512,55,3,0.02
12332,6512,30,3,0.02
12333,6513,57,1,0.05
12334,6514,31,1,0.0
12335,6515,25,3,0.02
12336,6516,16,1,0.05
12337,6516,86,1,0.05
12338,6517,41,2,0.0
12339,6517,80,1,0.05
12340,6518,12,2,0.0
12341,6518,51,2,0.0
12342,6518,58,2,0.0
12343,6519,50,3,0.02
12344,6520,27,1,0.0
12345,6520,65,2,0.0
12346,6521,10,1,0.0
12347,6522,77,1,0.0
12348,6522,75,2,0.02
12349,6522,21,1,0.0
12350,6523,36,1,0.0
12351,6523,88,4,0.15
12352,6523,61,2,0.05
12353,6523,83,2,0.05
12354,6523,9,1,0.0
12355,6524,80,1,0.05
12356,6525,66,1,0.0
12357,6526,77,1,0.0
12358,6526,85,3,0.02
12359,6526,33,2,0.05
12360,6527,39,3,0.02
12361,6527,25,1,0.1
12362,6528,18,3,0.0
12363,6529,96,2,0.1
12364,6529,16,1,0.0
12365,6530,51,1,0.02
12366,6530,47,1,0.02
12367,6531,41,1,0.0
12368,6531,24,1,0.05
12369,6532,37,1,0.0
12370,6532,76,1,0.1
12371,6532,42,1,0.0
12372,6532,59,1,0.02
12373,6532,52,1,0.02
12374,6533,18,2,0.02
12375,6534,30,2,0.05
12376,6535,62,2,0.0
12377,6535,26,3,0.0
12378,6536,96,2,0.15
12379,6536,59,1,0.05
12380,6537,54,2,0.0
12381,6537,67,1,0.15
12382,6538,87,1,0.02
12383,6538,91,2,0.15
12384,6538,64,3,0.0
12385,6538,55,2,0.02
12386,6538,23,2,0.0
12387,6539,54,2,0.05
12388,6539,96,2,0.05
12389,6539,94,3,0.0
12390,6540,36,1,0.02
12391,6541,47,4,0.02
12392,6541,58,1,0.02
12393,6542,16,2,0.05
12394,6543,10,1,0.0
12395,6544,62,1,0.15
12396,6544,88,1,0.0
12397,6544,74,1,0.05
12398,6545,37,1,0.1
12399,6546,96,2,0.02
12400,6546,35,1,0.0
12401,6546,64,1,0.05
12402,6547,1,4,0.1
12403,6547,45,2,0.05
12404,6548,17,3,0.0
12405,6548,40,1,0.02
12406,6549,29,1,0.05
12407,6549,58,1,0.02
12408,6549,83,1,0.0
12409,6550,85,1,0.0
12410,6550,4,4,0.0
12411,6551,10,3,0.1
12412,6552,31,3,0.0
12413,6552,85,2,0.1
12414,6552,39,1,0.02
12415,6553,46,1,0.0
12416,6554,10,1,0.0
12417,6555,16,1,0.02
12418,6555,31,1,0.1
12419,6556,19,1,0.0
12420,6556,56,1,0.0
12421,6557,9,1,0.02
12422,6558,62,1,0.15
12423,6559,84,1,0.02
12424,6559,40,2,0.0
12425,6559,80,2,0.0
12426,6559,77,1,0.02
12427,6560,37,1,0.0
12428,6561,15,1,0.0
12429,6562,87,1,0.1
12430,6562,10,1,0.0
12431,6562,35,3,0.05
12432,6562,63,3,0.1
12433,6563,15,1,0.02
12434,6564,38,3,0.1
12435,6564,47,2,0.05
12436,6564,75,2,0.1
12437,6564,21,2,0.1
12438,6565,21,1,0.02
12439,6566,70,1,0.02
12440,6567,53,1,0.15
12441,6567,31,2,0.15
12442,6568,86,3,0.0
12443,6569,17,1,0.0
12444,6569,54,1,0.02
12445,6570,3,1,0.02
12446,6571,82,3,0.0
12447,6571,65,1,0.0
12448,6571,71,2,0.05
12449,6572,20,1,0.0
12450,6573,67,1,0.0
12451,6574,51,2,0.02
12452,6575,5,1,0.0
12453,6576,60,1,0.02
12454,6577,95,1,0.02
12455,6578,25,1,0.0
12456,6579,4,1,0.0
12457,6579,78,1,0.0
12458,6580,47,1,0.0
12459,6581,53,1,0.0
12460,6581,4,1,0.0
12461,6581,80,1,0.0
12462,6582,79,2,0.05
12463,6583,28,1,0.0
12464,6584,71,2,0.0
12465,6585,89,1,0.0
12466,6585,70,1,0.02
12467,6585,57,1,0.02
12468,6585,6,1,0.0
12469,6586,8,2,0.0
12470,6587,72,1,0.0
12471,6588,70,1,0.1
12472,6589,25,1,0.05
12473,6590,11,3,0.05
12474,6590,7,1,0.0
12475,6590,43,2,0.0
12476,6591,78,3,0.0
12477,6592,15,1,0.0
12478,6593,8,2,0.05
12479,6594,87,1,0.02
12480,6594,84,1,0.02
12481,6594,25,2,0.02
12482,6594,78,3,0.02
12483,6595,3,3,0.0
12484,6596,19,1,0.0
12485,6596,53,1,0.05
12486,6597,44,1,0.0
12487,6597,72,1,0.02
12488,6598,56,1,0.0
12489,6598,40,1,0.0
12490,6598,62,1,0.0
12491,6598,69,1,0.0
12492,6599,33,2,0.15
12493,6599,68,1,0.0
12494,6599,41,3,0.0
12495,6600,10,1,0.0
12496,6601,66,1,0.05
12497,6602,38,3,0.05
12498,6602,37,2,0.0
12499,6603,74,2,0.0
12500,6603,53,4,0.0
12501,6604,92,1,0.0
12502,6604,51,3,0.0
12503,6604,50,2,0.02
12504,6605,87,1,0.0
12505,6605,51,1,0.0
12506,6605,62,1,0.0
12507,6606,77,1,0.0
12508,6606,36,1,0.0
12509,6607,26,1,0.0
12510,6608,1,1,0.0
12511,6608,14,1,0.0
12512,6608,11,1,0.1
12513,6608,4,1,0.05
12514,6609,85,2,0.05
12515,6610,96,1,0.0
12516,6611,64,1,0.0
12517,6611,65,2,0.02
12518,6612,13,1,0.05
12519,6613,48,2,0.0
12520,6614,30,2,0.0
12521,6615,65,1,0.0
12522,6616,90,1,0.1
12523,6616,61,1,0.0
12524,6617,21,1,0.05
12525,6617,36,1,0.15
12526,6618,17,1,0.02
12527,6618,63,1,0.05
12528,6618,71,1,0.0
12529,6618,12,2,0.0
12530,6619,68,1,0.02
12531,6620,40,1,0.0
12532,6621,26,2,0.0
12533,6621,12,3,0.0
12534,6622,62,1,0.0
12535,6622,55,1,0.15
12536,6623,74,3,0.05
12537,6624,30,1,0.0
12538,6624,55,1,0.05
12539,6625,59,1,0.05
12540,6625,24,1,0.05
12541,6625,2,1,0.02
12542,6626,70,1,0.0
12543,6626,49,1,0.0
12544,6626,2,2,0.02
12545,6627,27,1,0.0
12546,6627,72,1,0.1
12547,6628,58,1,0.0
12548,6628,1,1,0.05
12549,6628,22,4,0.0
12550,6628,64,1,0.02
12551,6629,53,1,0.02
12552,6630,90,1,0.0
12553,6630,17,2,0.0
12554,6630,10,3,0.15
12555,6631,17,2,0.05
12556,6632,68,1,0.02
12557,6633,32,2,0.05
12558,6633,43,2,0.02
12559,6634,60,1,0.0
12560,6635,9,1,0.02
12561,6636,9,4,0.05
12562,6637,11,1,0.0
12563,6637,53,3,0.0
12564,6638,46,1,0.0
12565,6638,81,1,0.0
12566,6638,76,3,0.05
12567,6639,48,1,0.0
12568,6640,33,2,0.02
12569,6640,26,2,0.02
12570,6640,30,1,0.02
12571,6641,7,1,0.0
12572,6641,81,4,0.0
12573,6642,5,1,0.0
12574,6643,30,2,0.15
12575,6644,94,1,0.05
12576,6644,59,4,0.0
12577,6645,34,2,0.0
12578,6646,18,1,0.05
12579,6646,21,1,0.0
12580,6647,87,4,0.0
12581,6647,96,3,0.05
12582,6648,10,3,0.0
12583,6648,53,3,0.0
12584,6648,21,1,0.0
12585,6648,35,2,0.05
12586,6648,46,3,0.1
12587,6649,62,1,0.0
12588,6650,78,2,0.0
12589,6651,9,3,0.05
12590,6651,55,2,0.1
12591,6651,76,3,0.02
12592,6651,56,1,0.0
12593,6652,56,1,0.05
12594,6652,55,2,0.1
12595,6653,78,2,0.0
12596,6654,69,1,0.05
12597,6654,6,1,0.0
12598,6655,74,1,0.05
12599,6656,51,1,0.1
12600,6657,45,1,0.02
12601,6658,44,1,0.05
12602,6658,51,1,0.0
12603,6658,35,3,0.0
12604,6658,53,1,0.0
12605,6658,34,1,0.05
12606,6659,90,4,0.1
12607,6659,96,1,0.05
12608,6660,71,1,0.02
12609,6660,6,1,0.0
12610,6660,28,2,0.0
12611,6661,9,1,0.15
12612,6661,8,3,0.0
12613,6661,1,2,0.0
12614,6662,57,1,0.0
12615,6662,7,1,0.0
12616,6662,95,3,0.15
12617,6662,40,1,0.02
12618,6663,69,3,0.0
12619,6664,38,2,0.0
12620,6665,96,1,0.1
12621,6665,19,2,0.0
12622,6666,70,1,0.1
12623,6666,59,3,0.1
12624,6667,83,3,0.1
12625,6667,46,1,0.1
12626,6668,84,1,0.05
12627,6668,90,1,0.05
12628,6668,21,1,0.0
12629,6668,47,1,0.0
12630,6668,29,1,0.15
12631,6669,89,2,0.0
12632,6670,90,2,0.0
12633,6671,9,1,0.1
12634,6671,24,1,0.1
12635,6672,47,3,0.0
12636,6672,37,3,0.1
12637,6672,83,1,0.05
12638,6672,38,3,0.05
12639,6673,3,1,0.0
12640,6673,17,1,0.0
12641,6673,38,1,0.0
12642,6674,86,1,0.1
12643,6674,59,2,0.0
12644,6674,6,1,0.15
12645,6675,11,1,0.05
12646,6675,5,1,0.1
12647,6675,24,1,0.05
12648,6676,7,1,0.05
12649,6676,86,1,0.0
12650,6676,70,2,0.0
12651,6677,56,2,0.05
12652,6678,90,1,0.02
12653,6678,26,2,0.0
12654,6678,91,1,0.02
12655,6679,49,1,0.15
12656,6680,61,1,0.0
12657,6681,66,1,0.05
12658,6682,68,1,0.05
12659,6683,23,2,0.0
12660,6683,41,2,0.0
12661,6683,86,1,0.0
12662,6684,73,1,0.05
12663,6685,37,1,0.0
12664,6685,43,2,0.05
12665,6686,95,2,0.0
12666,6687,45,1,0.0
12667,6687,85,3,0.0
12668,6687,34,2,0.0
12669,6688,63,1,0.02
12670,6688,79,1,0.02
12671,6689,34,4,0.0
12672,6690,50,1,0.0
12673,6691,91,3,0.02
12674,6692,31,1,0.02
12675,6692,50,2,0.0
12676,6693,73,1,0.1
12677,6693,8,3,0.1
12678,6694,89,2,0.15
12679,6695,64,1,0.0
12680,6696,55,1,0.0
12681,6696,93,2,0.0
12682,6697,18,1,0.02
12683,6697,47,1,0.0
12684,6698,34,3,0.0
12685,6698,61,1,0.0
12686,6698,21,1,0.0
12687,6699,89,2,0.0
12688,6699,2,1,0.15
12689,6700,86,2,0.0
12690,6701,7,1,0.0
12691,6701,16,2,0.05
12692,6701,69,1,0.15
12693,6701,95,1,0.05
12694,6701,3,1,0.05
12695,6702,82,2,0.05
12696,6702,3,1,0.1
12697,6702,74,2,0.05
12698,6702,17,3,0.0
12699,6703,22,1,0.1
12700,6704,65,3,0.02
12701,6704,41,3,0.0
12702,6704,82,2,0.0
12703,6704,90,2,0.0
12704,6704,36,1,0.02
12705,6705,46,1,0.05
12706,6705,64,1,0.1
12707,6706,95,2,0.05
12708,6707,23,1,0.0
12709,6708,90,1,0.05
12710,6708,69,1,0.1
12711,6708,10,1,0.0
12712,6709,22,1,0.02
12713,6710,51,1,0.1
12714,6710,84,2,0.05
12715,6711,3,2,0.0
12716,6712,35,1,0.0
12717,6712,78,1,0.0
12718,6712,72,2,0.0
12719,6713,47,1,0.05
12720,6713,51,3,0.0
12721,6713,29,2,0.0
12722,6714,84,1,0.1
12723,6715,37,2,0.05
12724,6716,35,1,0.0
12725,6717,92,1,0.0
12726,6717,28,1,0.0
12727,6718,25,1,0.0
12728,6718,78,1,0.02
12729,6718,67,1,0.02
12730,6718,81,2,0.02
12731,6719,18,2,0.0
12732,6720,35,1,0.05
12733,6720,2,1,0.02
12734,6720,27,2,0.05
12735,6721,87,1,0.0
12736,6721,55,1,0.02
12737,6722,81,1,0.0
12738,6722,32,1,0.0
12739,6723,28,1,0.0
12740,6724,78,1,0.0
12741,6724,71,1,0.02
12742,6725,15,1,0.05
12743,6725,44,1,0.05
12744,6726,81,1,0.05
12745,6727,56,2,0.1
12746,6727,59,3,0.0
12747,6728,57,1,0.0
12748,6728,64,1,0.0
12749,6729,14,1,0.05
12750,6730,1,4,0.02
12751,6730,55,1,0.02
12752,6730,52,1,0.02
12753,6731,52,2,0.0
12754,6732,41,1,0.0
12755,6732,23,1,0.02
12756,6732,35,1,0.05
12757,6733,72,1,0.05
12758,6733,21,1,0.05
12759,6734,76,1,0.05
12760,6734,14,1,0.05
12761,6734,37,4,0.0
12762,6734,75,1,0.15
12763,6735,78,3,0.05
12764,6736,35,1,0.02
12765,6736,13,1,0.02
12766,6736,7,1,0.0
12767,6737,8,2,0.0
12768,6737,35,3,0.05
12769,6737,43,3,0.0
12770,6738,17,2,0.0
12771,6738,42,2,0.05
12772,6739,21,3,0.0
12773,6739,93,1,0.0
12774,6740,3,1,0.0
12775,6741,42,1,0.0
12776,6741,93,1,0.02
12777,6741,85,1,0.02
12778,6742,59,2,0.0
12779,6743,44,1,0.0
12780,6744,59,1,0.02
12781,6744,8,1,0.0
12782,6745,20,2,0.1
12783,6745,14,3,0.0
12784,6746,14,4,0.0
12785,6747,17,2,0.0
12786,6747,69,4,0.02
12787,6748,57,2,0.0
12788,6748,11,1,0.0
12789,6749,48,1,0.0
12790,6750,78,2,0.05
12791,6751,66,1,0.0
12792,6751,52,1,0.0
12793,6751,84,1,0.0
12794,6752,82,3,0.0
12795,6752,86,3,0.02
12796,6753,41,2,0.02
12797,6754,5,1,0.0
12798,6755,50,1,0.0
12799,6756,56,1,0.02
12800,6756,96,1,0.1
12801,6757,95,1,0.0
12802,6758,77,1,0.0
12803,6759,26,1,0.1
12804,6759,24,1,0.05
12805,6760,3,1,0.02
12806,6760,71,2,0.02
12807,6760,96,2,0.1
12808,6761,88,1,0.1
12809,6761,65,2,0.02
12810,6762,42,1,0.1
12811,6763,62,3,0.02
12812,6763,3,3,0.0
12813,6764,65,1,0.1
12814,6765,61,1,0.0
12815,6766,7,3,0.1
12816,6766,2,2,0.0
12817,6767,57,1,0.0
12818,6768,79,2,0.0
12819,6768,75,3,0.05
12820,6769,33,1,0.05
12821,6770,36,1,0.0
12822,6770,57,2,0.0
12823,6771,10,1,0.0
12824,6772,52,2,0.1
12825,6773,83,1,0.05
12826,6773,68,1,0.02
12827,6773,46,2,0.0
12828,6774,55,1,0.0
12829,6774,68,2,0.02
12830,6774,10,1,0.0
12831,6774,96,1,0.02
12832,6775,5,1,0.05
12833,6776,78,1,0.0
12834,6777,77,1,0.0
12835,6778,69,2,0.15
12836,6779,22,1,0.0
12837,6779,83,1,0.0
12838,6780,23,1,0.1
12839,6780,48,1,0.15
12840,6780,87,1,0.02
12841,6781,34,1,0.0
12842,6782,28,3,0.0
12843,6782,11,1,0.05
12844,6782,37,1,0.05
12845,6783,87,2,0.1
12846,6783,22,1,0.05
12847,6784,49,2,0.0
12848,6785,42,1,0.1
12849,6786,61,1,0.05
12850,6786,4,2,0.0
12851,6786,34,1,0.1
12852,6787,40,1,0.0
12853,6787,61,1,0.0
12854,6788,12,2,0.0
12855,6789,91,1,0.0
12856,6790,63,1,0.02
12857,6790,76,1,0.05
12858,6790,36,1,0.0
12859,6791,86,2,0.0
12860,6791,11,1,0.05
12861,6792,86,2,0.0
12862,6793,12,1,0.02
12863,6793,75,2,0.15
12864,6794,2,1,0.15
12865,6794,63,1,0.05
12866,6794,84,1,0.05
12867,6795,25,2,0.02
12868,6795,54,2,0.0
12869,6795,35,1,0.02
12870,6796,96,2,0.0
12871,6796,74,2,0.0
12872,6797,94,3,0.05
12873,6797,9,2,0.05
12874,6798,33,1,0.0
12875,6798,1,1,0.0
12876,6798,27,2,0.0
12877,6799,87,1,0.02
12878,6799,33,4,0.1
12879,6799,19,2,0.02
12880,6799,61,1,0.05
12881,6799,69,3,0.0
12882,6800,2,1,0.15
12883,6800,76,1,0.0
12884,6800,1,4,0.02
12885,6801,3,2,0.1
12886,6801,82,3,0.1
12887,6801,89,2,0.0
12888,6802,37,1,0.02
12889,6803,33,2,0.1
12890,6803,76,4,0.02
12891,6804,15,1,0.0
12892,6805,73,1,0.0
12893,6805,51,2,0.15
12894,6805,92,2,0.0
12895,6805,75,2,0.0
12896,6806,51,1,0.0
12897,6807,49,3,0.0
12898,6808,35,2,0.02
12899,6808,22,3,0.05
12900,6809,63,1,0.0
12901,6810,93,1,0.0
12902,6810,69,1,0.05
12903,6811,58,1,0.05
12904,6812,28,1,0.0
12905,6812,19,3,0.0
12906,6812,85,1,0.0
12907,6813,83,2,0.05
12908,6813,22,2,0.0
12909,6813,23,1,0.02
12910,6814,28,3,0.15
12911,6815,85,1,0.05
12912,6816,69,1,0.0
12913,6816,82,3,0.0
12914,6817,66,1,0.02
12915,6817,20,2,0.05
12916,6817,41,1,0.0
12917,6818,7,1,0.02
12918,6818,88,1,0.02
12919,6819,22,2,0.0
12920,6819,10,2,0.05
12921,6820,20,2,0.02
12922,6821,15,1,0.02
12923,6821,54,2,0.05
12924,6822,13,1,0.05
12925,6822,80,2,0.0
12926,6822,2,1,0.02
12927,6823,30,1,0.0
12928,6824,3,1,0.0
12929,6825,8,1,0.02
12930,6826,72,1,0.0
12931,6827,59,1,0.02
12932,6828,47,3,0.0
12933,6828,85,2,0.0
12934,6828,52,1,0.0
12935,6829,25,3,0.1
12936,6829,32,1,0.0
12937,6829,30,1,0.05
12938,6830,73,2,0.0
12939,6830,75,2,0.02
12940,6830,58,1,0.05
12941,6831,86,1,0.1
12942,6831,14,2,0.05
12943,6831,53,1,0.0
12944,6832,64,2,0.0
12945,6832,6,3,0.0
12946,6833,26,1,0.02
12947,6833,59,1,0.02
12948,6833,15,1,0.0
12949,6833,96,2,0.0
12950,6833,47,1,0.0
12951,6834,44,3,0.0
12952,6835,55,1,0.0
12953,6836,75,2,0.15
12954,6836,44,2,0.0
12955,6836,33,2,0.02
12956,6836,58,3,0.0
12957,6837,77,1,0.0
12958,6838,81,1,0.1
12959,6839,27,2,0.02
12960,6840,28,1,0.0
12961,6840,5,3,0.02
12962,6840,62,1,0.0
12963,6841,2,2,0.05
12964,6841,59,1,0.0
12965,6842,66,1,0.0
12966,6842,92,2,0.0
12967,6843,49,2,0.02
12968,6844,90,1,0.0
12969,6844,62,3,0.05
12970,6844,94,1,0.0
12971,6845,29,3,0.1
12972,6846,75,2,0.05
12973,6846,37,1,0.02
12974,6846,58,1,0.1
12975,6846,30,1,0.02
12976,6846,9,2,0.0
12977,6847,42,1,0.0
12978,6847,28,1,0.02
12979,6848,66,1,0.02
12980,6849,9,1,0.0
12981,6849,86,1,0.0
12982,6849,40,3,0.0
12983,6850,64,1,0.0
12984,6851,43,3,0.0
12985,6852,25,1,0.05
12986,6852,5,2,0.0
12987,6853,85,2,0.0
12988,6853,73,2,0.0
12989,6854,6,3,0.02
12990,6855,38,2,0.0
12991,6856,83,1,0.0
12992,6857,64,2,0.1
12993,6858,38,2,0.0
12994,6859,19,1,0.02
12995,6860,52,1,0.0
12996,6861,84,2,0.0
12997,6862,39,1,0.0
12998,6863,8,3,0.02
12999,6863,71,1,0.0
13000,6864,51,1,0.05
13001,6864,60,1,0.02
13002,6865,62,1,0.05
13003,6866,2,1,0.02
13004,6867,8,3,0.0
13005,6867,54,2,0.1
13006,6867,13,2,0.05
13007,6868,61,2,0.0
13008,6869,74,1,0.0
13009,6869,61,1,0.02
13010,6870,35,1,0.0
13011,6871,83,2,0.05
13012,6871,70,3,0.1
13013,6872,56,1,0.0
13014,6873,80,1,0.0
13015,6873,86,2,0.0
13016,6873,73,1,0.0
13017,6874,62,1,0.02
13018,6875,28,1,0.05
13019,6875,50,1,0.0
13020,6876,93,3,0.0
13021,6876,84,1,0.0
13022,6877,70,1,0.0
13023,6877,35,1,0.0
13024,6878,18,4,0.05
13025,6878,47,1,0.0
13026,6879,24,3,0.0
13027,6880,16,1,0.05
13028,6880,89,3,0.02
13029,6880,73,2,0.1
13030,6880,48,1,0.0
13031,6880,56,1,0.05
13032,6881,5,2,0.0
13033,6881,48,1,0.05
13034,6882,33,1,0.15
13035,6882,21,1,0.0
13036,6883,87,2,0.0
13037,6883,22,1,0.02
13038,6884,20,1,0.0
13039,6884,17,2,0.0
13040,6884,7,1,0.0
13041,6885,55,2,0.02
13042,6885,35,1,0.0
13043,6886,25,1,0.0
13044,6887,36,1,0.15
13045,6887,30,1,0.0
13046,6887,59,1,0.05
13047,6887,47,1,0.02
13048,6888,52,2,0.0
13049,6888,70,2,0.1
13050,6888,34,2,0.0
13051,6889,42,1,0.15
13052,6889,87,1,0.0
13053,6890,2,3,0.0
13054,6891,7,1,0.0
13055,6892,74,2,0.1
13056,6893,13,1,0.0
13057,6894,87,1,0.0
13058,6894,47,4,0.05
13059,6895,36,1,0.02
13060,6895,13,1,0.0
13061,6895,63,1,0.0
13062,6896,74,2,0.0
13063,6896,21,1,0.02
13064,6896,60,1,0.0
13065,6897,85,1,0.02
13066,6897,37,1,0.15
13067,6898,7,1,0.0
13068,6899,42,2,0.0
13069,6900,35,3,0.15
13070,6900,5,2,0.0
13071,6901,24,1,0.05
13072,6902,27,1,0.05
13073,6902,76,2,0.05
13074,6902,37,3,0.05
13075,6902,14,1,0.05
13076,6903,23,2,0.0
13077,6904,86,1,0.05
13078,6905,29,1,0.0
13079,6906,12,1,0.0
13080,6906,36,1,0.0
13081,6907,78,2,0.0
13082,6907,96,1,0.05
13083,6907,75,1,0.0
13084,6908,35,1,0.02
13085,6909,96,1,0.0
13086,6910,15,1,0.1
13087,6910,26,1,0.05
13088,6911,45,1,0.0
13089,6912,60,1,0.05
13090,6913,92,1,0.05
13091,6914,8,2,0.0
13092,6914,95,1,0.02
13093,6915,24,1,0.0
13094,6915,68,1,0.02
13095,6916,42,1,0.1
13096,6917,75,1,0.0
13097,6917,65,1,0.02
13098,6917,74,1,0.05
13099,6918,51,1,0.02
13100,6918,37,1,0.05
13101,6919,28,2,0.0
13102,6919,88,1,0.0
13103,6919,67,1,0.0
13104,6919,71,2,0.15
13105,6920,11,2,0.0
13106,6921,13,1,0.0
13107,6921,5,1,0.0
13108,6921,48,1,0.05
13109,6921,73,3,0.0
13110,6921,62,1,0.0
13111,6922,25,1,0.0
13112,6923,5,1,0.15
13113,6923,48,2,0.0
13114,6924,88,1,0.05
13115,6924,15,1,0.0
13116,6925,17,1,0.05
13117,6926,6,1,0.02
13118,6926,17,2,0.05
13119,6926,94,1,0.05
13120,6927,52,3,0.0
13121,6928,41,2,0.02
13122,6928,72,3,0.1
13123,6928,87,2,0.02
13124,6928,28,3,0.0
13125,6929,68,1,0.02
13126,6929,3,1,0.1
13127,6929,1,1,0.05
13128,6929,26,1,0.15
13129,6929,86,1,0.02
13130,6930,19,1,0.0
13131,6931,40,2,0.0
13132,6931,39,1,0.0
13133,6931,59,1,0.02
13134,6932,55,1,0.02
13135,6932,10,2,0.0
13136,6933,24,1,0.0
13137,6934,42,1,0.0
13138,6934,72,1,0.0
13139,6935,58,4,0.02
13140,6936,24,2,0.0
13141,6936,29,1,0.0
13142,6937,57,2,0.0
13143,6938,75,1,0.05
13144,6938,26,1,0.05
13145,6938,27,3,0.0
13146,6939,78,1,0.05
13147,6939,92,1,0.0
13148,6940,55,1,0.05
13149,6940,30,1,0.0
13150,6941,11,1,0.1
13151,6941,46,1,0.05
13152,6941,7,1,0.0
13153,6942,51,1,0.0
13154,6942,65,2,0.0
13155,6943,55,1,0.0
13156,6944,56,2,0.15
13157,6944,57,2,0.0
13158,6944,17,1,0.0
13159,6944,33,1,0.1
13160,6944,46,1,0.02
13161,6945,49,1,0.02
13162,6945,67,1,0.0
13163,6946,4,2,0.0
13164,6946,69,1,0.1
13165,6946,89,1,0.0
13166,6946,32,1,0.02
13167,6946,3,2,0.05
13168,6947,83,1,0.02
13169,6948,22,3,0.02
13170,6948,11,1,0.05
13171,6948,81,1,0.0
13172,6949,80,1,0.0
13173,6949,47,1,0.1
13174,6950,19,1,0.05
13175,6950,65,1,0.02
13176,6951,82,2,0.0
13177,6951,16,1,0.05
13178,6951,37,1,0.1
13179,6952,40,1,0.05
13180,6953,48,2,0.02
13181,6953,80,2,0.0
13182,6954,32,2,0.0
13183,6954,42,2,0.02
13184,6955,93,1,0.0
13185,6956,51,2,0.02
13186,6957,74,2,0.0
13187,6957,9,2,0.0
13188,6958,26,2,0.0
13189,6958,77,1,0.1
13190,6958,18,1,0.0
13191,6959,18,1,0.05
13192,6959,90,1,0.1
13193,6959,67,1,0.05
13194,6960,36,2,0.0
13195,6960,52,2,0.0
13196,6960,37,2,0.0
13197,6961,44,3,0.0
13198,6961,83,1,0.0
13199,6961,13,1,0.05
13200,6962,23,1,0.02
13201,6963,20,1,0.0
13202,6964,51,3,0.05
13203,6965,22,1,0.05
13204,6965,1,1,0.1
13205,6965,62,1,0.0
13206,6966,78,1,0.02
13207,6966,17,2,0.0
13208,6967,78,1,0.0
13209,6968,57,1,0.0
13210,6969,73,1,0.0
13211,6970,78,2,0.0
13212,6971,76,2,0.05
13213,6971,70,3,0.05
13214,6971,9,2,0.0
13215,6971,80,2,0.0
13216,6972,25,1,0.0
13217,6972,16,2,0.0
13218,6973,89,2,0.02
13219,6974,91,1,0.1
13220,6975,13,2,0.0
13221,6976,51,2,0.15
13222,6977,85,2,0.0
13223,6978,84,3,0.0
13224,6979,80,1,0.05
13225,6980,96,1,0.02
13226,6980,51,3,0.0
13227,6981,8,4,0.0
13228,6981,84,1,0.0
13229,6982,9,3,0.1
13230,6982,51,2,0.15
13231,6983,86,1,0.05
13232,6984,45,1,0.0
13233,6985,91,1,0.1
13234,6986,73,1,0.0
13235,6987,96,1,0.0
13236,6987,15,1,0.15
13237,6988,49,1,0.02
13238,6989,80,1,0.0
13239,6990,3,1,0.0
13240,6990,55,2,0.0
13241,6990,12,1,0.02
13242,6991,79,1,0.0
13243,6991,22,1,0.05
13244,6992,70,1,0.1
13245,6992,20,2,0.0
13246,6992,82,2,0.0
13247,6992,14,2,0.0
13248,6993,1,1,0.05
13249,6993,53,1,0.02
13250,6994,43,1,0.0
13251,6994,46,3,0.0
13252,6994,61,2,0.0
13253,6994,92,3,0.0
13254,6995,57,1,0.0
13255,6996,65,1,0.05
13256,6996,69,1,0.1
13257,6996,25,2,0.02
13258,6996,73,1,0.05
13259,6997,96,1,0.02
13260,6997,21,1,0.1
13261,6997,35,1,0.0
13262,6997,23,1,0.0
13263,6998,19,1,0.0
13264,6999,74,1,0.0
13265,6999,55,2,0.0
13266,7000,28,1,0.1
13267,7000,46,1,0.02
13268,7000,36,2,0.0
13269,7000,43,2,0.0
13270,7001,90,2,0.0
13271,7002,37,1,0.02
13272,7003,38,1,0.05
13273,7003,24,4,0.0
13274,7004,56,2,0.1
13275,7005,57,2,0.0
13276,7005,74,1,0.0
13277,7005,16,1,0.0
13278,7005,46,2,0.02
13279,7005,4,1,0.0
13280,7006,49,3,0.05
13281,7006,39,1,0.0
13282,7006,79,2,0.0
13283,7006,65,1,0.02
13284,7007,23,2,0.0
13285,7008,42,2,0.02
13286,7008,18,1,0.02
13287,7009,15,2,0.0
13288,7010,16,1,0.0
13289,7010,7,1,0.0
13290,7011,96,2,0.05
13291,7012,56,1,0.05
13292,7013,40,4,0.05
13293,7014,37,1,0.1
13294,7014,10,1,0.0
13295,7014,92,3,0.1
13296,7015,19,1,0.1
13297,7016,25,1,0.0
13298,7017,65,2,0.0
13299,7018,49,1,0.1
13300,7019,5,1,0.0
13301,7019,49,1,0.0
13302,7020,46,1,0.02
13303,7020,1,1,0.05
13304,7021,78,1,0.1
13305,7022,45,2,0.0
13306,7023,54,1,0.02
13307,7023,53,1,0.0
13308,7023,1,2,0.1
13309,7024,93,1,0.02
13310,7024,13,1,0.0
13311,7024,94,1,0.0
13312,7025,59,1,0.0
13313,7025,69,1,0.0
13314,7025,90,1,0.1
13315,7026,29,1,0.1
13316,7027,71,1,0.05
13317,7028,80,1,0.0
13318,7028,10,2,0.0
13319,7028,18,1,0.0
13320,7028,16,2,0.0
13321,7029,70,3,0.1
13322,7030,38,2,0.15
13323,7031,96,1,0.05
13324,7031,83,2,0.15
13325,7032,35,1,0.0
13326,7032,80,2,0.02
13327,7032,91,1,0.1
13328,7033,94,1,0.0
13329,7034,2,1,0.0
13330,7034,8,1,0.0
13331,7035,70,1,0.0
13332,7035,18,1,0.1
13333,7035,29,1,0.02
13334,7035,28,1,0.0
13335,7035,16,2,0.05
13336,7036,26,2,0.02
13337,7037,77,1,0.0
13338,7037,36,2,0.0
13339,7038,57,2,0.02
13340,7039,51,2,0.1
13341,7040,80,1,0.0
13342,7040,21,1,0.1
13343,7040,30,3,0.0
13344,7041,74,1,0.1
13345,7042,58,1,0.15
13346,7042,46,3,0.02
13347,7043,94,1,0.02
13348,7043,9,1,0.02
13349,7044,18,1,0.0
13350,7044,21,1,0.0
13351,7045,31,2,0.0
13352,7045,4,1,0.05
13353,7046,22,1,0.1
13354,7046,11,2,0.05
13355,7046,39,1,0.0
13356,7046,87,1,0.0
13357,7046,79,4,0.0
13358,7047,33,1,0.02
13359,7047,69,1,0.0
13360,7048,52,2,0.0
13361,7048,29,1,0.0
13362,7048,41,1,0.0
13363,7049,21,1,0.0
13364,7050,42,1,0.0
13365,7051,73,2,0.05
13366,7052,34,1,0.02
13367,7052,33,1,0.02
13368,7052,29,2,0.0
13369,7052,17,1,0.0
13370,7053,75,1,0.0
13371,7054,3,3,0.0
13372,7054,66,1,0.0
13373,7055,41,2,0.05
13374,7055,56,1,0.0
13375,7055,10,1,0.0
13376,7056,40,2,0.0
13377,7057,63,1,0.0
13378,7058,74,1,0.0
13379,7058,92,2,0.05
13380,7059,19,1,0.1
13381,7060,55,1,0.0
13382,7061,61,1,0.0
13383,7062,96,1,0.0
13384,7063,40,2,0.05
13385,7063,67,3,0.0
13386,7064,68,1,0.05
13387,7065,72,3,0.0
13388,7065,67,3,0.05
13389,7066,95,1,0.05
13390,7066,75,1,0.0
13391,7066,72,3,0.0
13392,7066,35,2,0.0
13393,7067,56,1,0.0
13394,7068,14,1,0.02
13395,7068,62,1,0.0
13396,7069,85,3,0.02
13397,7070,93,2,0.1
13398,7070,27,1,0.0
13399,7070,54,1,0.02
13400,7071,3,1,0.1
13401,7071,25,1,0.0
13402,7071,26,1,0.0
13403,7071,17,1,0.0
13404,7072,35,1,0.0
13405,7072,4,2,0.0
13406,7073,88,1,0.05
13407,7073,8,2,0.1
13408,7073,96,1,0.0
13409,7074,70,1,0.05
13410,7074,71,1,0.02
13411,7075,29,1,0.0
13412,7075,49,1,0.05
13413,7076,58,2,0.02
13414,7077,36,1,0.0
13415,7078,43,1,0.0
13416,7078,6,1,0.0
13417,7079,78,1,0.0
13418,7080,68,1,0.1
13419,7080,84,1,0.0
13420,7081,83,1,0.05
13421,7081,41,2,0.0
13422,7082,3,1,0.1
13423,7083,8,1,0.02
13424,7084,22,1,0.02
13425,7085,60,1,0.0
13426,7085,93,1,0.05
13427,7086,10,2,0.02
13428,7086,63,1,0.0
13429,7087,82,1,0.05
13430,7087,38,1,0.0
13431,7087,65,1,0.05
13432,7087,54,2,0.0
13433,7088,19,1,0.02
13434,7088,40,2,0.02
13435,7089,86,1,0.0
13436,7089,26,3,0.0
13437,7089,25,1,0.05
13438,7089,57,2,0.05
13439,7090,93,1,0.1
13440,7090,19,1,0.0
13441,7090,90,4,0.05
13442,7090,11,1,0.0
13443,7091,4,1,0.05
13444,7091,50,2,0.0
13445,7092,83,1,0.0
13446,7092,58,2,0.05
13447,7093,65,1,0.1
13448,7094,31,2,0.0
13449,7095,8,1,0.0
13450,7096,42,1,0.0
13451,7097,1,1,0.0
13452,7098,34,1,0.02
13453,7099,90,1,0.0
13454,7099,8,4,0.0
13455,7100,28,1,0.1
13456,7101,62,4,0.0
13457,7101,63,1,0.15
13458,7101,72,3,0.15
13459,7102,76,1,0.0
13460,7103,85,1,0.0
13461,7103,3,2,0.0
13462,7104,19,1,0.0
13463,7105,86,1,0.15
13464,7105,43,1,0.02
13465,7105,58,2,0.0
13466,7105,81,1,0.02
13467,7106,46,1,0.0
13468,7106,14,3,0.0
13469,7106,82,3,0.0
13470,7106,76,1,0.05
13471,7107,64,1,0.0
13472,7107,9,1,0.0
13473,7107,71,2,0.05
13474,7108,60,2,0.0
13475,7109,86,2,0.1
13476,7109,27,1,0.05
13477,7109,63,1,0.05
13478,7110,46,2,0.0
13479,7110,4,1,0.0
13480,7110,87,1,0.0
13481,7111,62,1,0.1
13482,7112,34,2,0.0
13483,7112,25,2,0.05
13484,7112,47,1,0.0
13485,7112,63,2,0.0
13486,7113,36,1,0.02
13487,7113,49,1,0.02
13488,7114,62,1,0.0
13489,7114,52,1,0.05
13490,7114,30,3,0.02
13491,7114,26,1,0.0
13492,7115,11,1,0.05
13493,7115,88,1,0.02
13494,7116,40,2,0.02
13495,7116,42,3,0.0
13496,7116,83,1,0.05
13497,7117,20,1,0.05
13498,7118,79,2,0.0
13499,7118,80,2,0.0
13500,7119,50,3,0.15
13501,7119,25,1,0.0
13502,7120,3,2,0.0
13503,7120,18,3,0.05
13504,7120,2,4,0.0
13505,7121,75,2,0.02
13506,7121,45,2,0.0
13507,7122,88,1,0.1
13508,7122,85,1,0.02
13509,7123,41,1,0.02
13510,7123,21,2,0.02
13511,7123,1,1,0.0
13512,7124,35,1,0.02
13513,7124,92,1,0.0
13514,7124,91,2,0.0
13515,7124,41,1,0.0
13516,7125,15,1,0.05
13517,7125,81,1,0.05
13518,7126,70,1,0.0
13519,7127,25,2,0.05
13520,7128,36,1,0.0
13521,7129,75,1,0.0
13522,7129,24,2,0.0
13523,7129,15,1,0.0
13524,7129,95,1,0.02
13525,7130,74,2,0.05
13526,7131,87,2,0.05
13527,7132,30,3,0.05
13528,7133,24,2,0.0
13529,7133,77,2,0.02
13530,7133,32,1,0.0
13531,7133,27,1,0.0
13532,7133,68,1,0.0
13533,7134,46,1,0.0
13534,7135,92,2,0.0
13535,7135,2,1,0.05
13536,7136,3,2,0.0
13537,7137,4,4,0.0
13538,7137,56,2,0.0
13539,7138,78,1,0.0
13540,7139,73,1,0.05
13541,7140,75,2,0.02
13542,7141,68,3,0.0
13543,7142,49,4,0.05
13544,7143,20,1,0.0
13545,7144,85,1,0.05
13546,7144,43,1,0.0
13547,7144,17,1,0.05
13548,7145,37,1,0.05
13549,7146,29,1,0.15
13550,7147,21,2,0.0
13551,7147,53,1,0.0
13552,7148,1,2,0.0
13553,7148,80,2,0.0
13554,7149,73,1,0.0
13555,7149,96,1,0.0
13556,7150,85,1,0.0
13557,7151,3,2,0.02
13558,7151,91,1,0.05
13559,7152,70,2,0.02
13560,7153,61,1,0.0
13561,7153,63,1,0.0
13562,7153,32,1,0.05
13563,7154,20,1,0.02
13564,7155,24,1,0.02
13565,7156,23,1,0.05
13566,7157,78,1,0.0
13567,7158,67,3,0.0
13568,7158,63,1,0.0
13569,7159,11,1,0.0
13570,7160,4,2,0.0
13571,7161,56,3,0.05
13572,7162,22,2,0.05
13573,7163,1,1,0.0
13574,7163,84,1,0.15
13575,7164,45,1,0.0
13576,7164,34,2,0.0
13577,7165,10,2,0.05
13578,7165,70,1,0.15
13579,7166,60,1,0.02
13580,7167,79,1,0.05
13581,7167,83,1,0.0
13582,7168,20,1,0.0
13583,7169,66,1,0.0
13584,7169,55,2,0.1
13585,7170,24,1,0.0
13586,7171,7,1,0.0
13587,7171,41,1,0.02
13588,7171,23,1,0.0
13589,7172,66,1,0.0
13590,7172,25,2,0.05
13591,7172,65,1,0.0
13592,7173,7,3,0.0
13593,7174,89,1,0.0
13594,7175,47,2,0.05
13595,7175,12,1,0.05
13596,7176,87,1,0.02
13597,7177,80,3,0.1
13598,7177,92,1,0.0
13599,7177,33,2,0.0
13600,7177,8,1,0.0
13601,7178,29,1,0.05
13602,7178,64,1,0.05
13603,7179,48,1,0.0
13604,7180,37,1,0.0
13605,7180,29,2,0.0
13606,7181,77,1,0.1
13607,7182,7,1,0.05
13608,7183,63,1,0.02
13609,7183,22,1,0.0
13610,7183,17,1,0.0
13611,7184,79,2,0.0
13612,7184,45,2,0.02
13613,7184,95,2,0.0
13614,7184,29,1,0.0
13615,7184,87,2,0.02
13616,7185,44,1,0.0
13617,7185,48,2,0.0
13618,7186,55,1,0.0
13619,7187,65,1,0.05
13620,7188,50,1,0.0
13621,7188,35,2,0.15
13622,7188,31,1,0.05
13623,7189,34,1,0.05
13624,7190,9,1,0.02
13625,7191,38,1,0.0
13626,7192,50,1,0.02
13627,7192,90,2,0.02
13628,7192,1,1,0.0
13629,7193,54,1,0.0
13630,7193,25,2,0.15
13631,7193,42,2,0.0
13632,7194,69,1,0.0
13633,7195,69,1,0.05
13634,7196,3,1,0.0
13635,7196,74,1,0.1
13636,7196,14,1,0.02
13637,7197,94,1,0.02
13638,7198,18,1,0.0
13639,7198,53,2,0.0
13640,7198,80,3,0.1
13641,7199,75,2,0.0
13642,7200,38,1,0.05
13643,7200,7,1,0.0
13644,7200,81,1,0.0
13645,7201,27,1,0.0
13646,7201,80,2,0.1
13647,7202,22,1,0.0
13648,7203,31,3,0.0
13649,7204,54,1,0.0
13650,7205,36,1,0.02
13651,7206,63,3,0.02
13652,7207,48,2,0.0
13653,7208,81,2,0.05
13654,7209,84,1,0.05
13655,7209,26,1,0.05
13656,7210,82,1,0.02
13657,7211,3,1,0.0
13658,7211,30,1,0.1
13659,7211,29,1,0.1
13660,7211,6,3,0.1
13661,7212,93,1,0.05
13662,7213,69,3,0.0
13663,7213,70,1,0.05
13664,7214,95,1,0.0
13665,7214,45,2,0.0
13666,7214,36,1,0.0
13667,7214,92,1,0.02
13668,7215,7,1,0.1
13669,7215,65,1,0.0
13670,7216,89,1,0.1
13671,7217,39,2,0.02
13672,7218,50,1,0.05
13673,7219,78,1,0.05
13674,7219,87,1,0.0
13675,7220,90,2,0.05
13676,7220,6,1,0.0
13677,7221,30,1,0.02
13678,7222,56,2,0.05
13679,7222,23,1,0.0
13680,7223,10,3,0.0
13681,7224,36,1,0.0
13682,7224,9,1,0.02
13683,7224,77,1,0.0
13684,7225,27,1,0.05
13685,7225,58,2,0.0
13686,7225,67,1,0.02
13687,7226,25,1,0.0
13688,7227,62,1,0.05
13689,7227,90,2,0.0
13690,7228,24,1,0.02
13691,7228,2,1,0.05
13692,7229,53,2,0.0
13693,7229,46,2,0.1
13694,7230,88,1,0.0
13695,7231,90,1,0.15
13696,7231,66,1,0.0
13697,7231,68,3,0.1
13698,7232,57,1,0.0
13699,7233,54,1,0.0
13700,7234,94,2,0.05
13701,7235,32,1,0.05
13702,7235,8,2,0.1
13703,7235,20,1,0.0
13704,7236,12,1,0.0
13705,7237,28,2,0.05
13706,7237,19,1,0.02
13707,7238,31,1,0.02
13708,7238,75,2,0.05
13709,7238,29,1,0.05
13710,7238,78,1,0.0
13711,7238,30,2,0.02
13712,7239,8,2,0.05
13713,7239,38,2,0.0
13714,7240,3,2,0.05
13715,7241,50,2,0.0
13716,7242,57,1,0.0
13717,7242,86,1,0.05
13718,7243,93,1,0.02
13719,7243,89,1,0.0
13720,7243,50,1,0.05
13721,7244,26,3,0.0
13722,7245,72,1,0.05
13723,7246,90,2,0.0
13724,7247,21,1,0.05
13725,7248,80,1,0.15
13726,7249,2,1,0.02
13727,7250,43,1,0.1
13728,7251,71,1,0.1
13729,7251,16,4,0.0
13730,7251,18,1,0.0
13731,7252,19,1,0.05
13732,7253,30,3,0.0
13733,7254,74,3,0.02
13734,7255,19,3,0.0
13735,7255,28,1,0.02
13736,7256,23,1,0.0
13737,7256,28,1,0.0
13738,7257,51,1,0.02
13739,7258,86,1,0.0
13740,7259,13,1,0.02
13741,7259,61,1,0.05
13742,7260,71,3,0.0
13743,7261,60,1,0.0
13744,7262,21,1,0.1
13745,7263,58,2,0.0
13746,7263,5,1,0.02
13747,7263,80,1,0.02
13748,7264,4,2,0.0
13749,7264,28,3,0.0
13750,7264,67,2,0.02
13751,7264,46,2,0.1
13752,7264,23,1,0.15
13753,7265,80,1,0.05
13754,7265,96,1,0.05
13755,7265,26,2,0.05
13756,7266,47,3,0.05
13757,7267,18,1,0.0
13758,7267,56,1,0.02
13759,7268,62,1,0.0
13760,7269,31,2,0.0
13761,7269,29,2,0.0
13762,7269,32,1,0.05
13763,7269,55,1,0.05
13764,7269,13,1,0.0
13765,7270,94,2,0.02
13766,7271,72,1,0.0
13767,7271,51,1,0.15
13768,7271,45,1,0.05
13769,7272,48,1,0.02
13770,7273,72,1,0.02
13771,7274,88,3,0.0
13772,7275,34,1,0.02
13773,7276,17,1,0.05
13774,7276,21,3,0.0
13775,7276,83,2,0.05
13776,7276,25,1,0.0
13777,7277,32,1,0.0
13778,7277,51,1,0.0
13779,7277,37,1,0.02
13780,7278,93,1,0.0
13781,7279,10,2,0.05
13782,7279,51,3,0.02
13783,7279,37,3,0.05
13784,7280,4,1,0.0
13785,7281,29,1,0.1
13786,7282,79,2,0.1
13787,7282,71,2,0.0
13788,7283,89,2,0.02
13789,7283,33,2,0.0
13790,7284,68,3,0.0
13791,7285,72,1,0.05
13792,7286,76,1,0.1
13793,7286,24,2,0.05
13794,7287,89,2,0.0
13795,7288,56,1,0.05
13796,7289,41,1,0.05
13797,7290,75,1,0.0
13798,7290,58,1,0.05
13799,7291,60,2,0.02
13800,7291,5,1,0.05
13801,7291,73,1,0.0
13802,7291,12,1,0.0
13803,7291,82,3,0.1
13804,7292,13,2,0.0
13805,7293,72,3,0.0
13806,7294,11,1,0.0
13807,7295,89,2,0.0
13808,7296,66,3,0.0
13809,7297,35,1,0.02
13810,7297,60,4,0.05
13811,7298,27,3,0.0
13812,7298,63,2,0.02
13813,7298,89,1,0.02
13814,7298,66,2,0.0
13815,7299,36,1,0.0
13816,7299,62,4,0.0
13817,7299,55,2,0.0
13818,7300,42,3,0.0
13819,7301,53,1,0.05
13820,7301,82,2,0.0
13821,7302,52,2,0.02
13822,7302,28,1,0.0
13823,7303,48,1,0.05
13824,7303,5,1,0.0
13825,7304,27,3,0.02
13826,7304,74,1,0.02
13827,7305,21,3,0.05
13828,7305,65,1,0.05
13829,7305,75,1,0.0
13830,7305,5,3,0.0
13831,7305,32,1,0.1
13832,7306,57,4,0.02
13833,7306,65,2,0.02
13834,7306,70,1,0.02
13835,7307,75,1,0.0
13836,7308,27,1,0.0
13837,7308,88,1,0.02
13838,7308,79,1,0.05
13839,7308,49,1,0.0
13840,7308,45,1,0.02
13841,7309,90,1,0.02
13842,7310,59,1,0.05
13843,7310,88,1,0.02
13844,7311,86,2,0.05
13845,7312,90,1,0.1
13846,7313,91,1,0.0
13847,7313,69,1,0.0
13848,7314,60,2,0.05
13849,7314,36,2,0.1
13850,7314,80,1,0.0
13851,7315,49,2,0.0
13852,7315,4,2,0.1
13853,7316,3,1,0.05
13854,7317,54,3,0.0
13855,7318,71,4,0.0
13856,7318,10,2,0.05
13857,7319,28,1,0.0
13858,7320,58,1,0.05
13859,7321,22,1,0.1
13860,7321,43,1,0.0
13861,7322,45,1,0.05
13862,7323,82,2,0.0
13863,7324,62,2,0.1
13864,7325,4,2,0.0
13865,7325,15,1,0.05
13866,7326,27,1,0.1
13867,7327,9,1,0.05
13868,7327,15,4,0.0
13869,7328,91,1,0.0
13870,7329,92,2,0.0
13871,7329,69,1,0.1
13872,7329,84,1,0.02
13873,7329,46,1,0.05
13874,7329,35,2,0.02
13875,7330,38,1,0.05
13876,7330,75,2,0.02
13877,7331,11,1,0.1
13878,7331,18,1,0.1
13879,7332,52,1,0.0
13880,7333,16,1,0.0
13881,7334,49,2,0.02
13882,7335,1,1,0.0
13883,7335,34,2,0.0
13884,7335,65,1,0.05
13885,7336,3,1,0.0
13886,7337,24,1,0.0
13887,7338,66,1,0.05
13888,7339,13,1,0.0
13889,7340,39,2,0.1
13890,7340,28,1,0.0
13891,7340,80,1,0.05
13892,7340,93,1,0.0
13893,7340,19,1,0.02
13894,7341,2,1,0.02
13895,7341,77,1,0.0
13896,7342,26,1,0.1
13897,7343,14,1,0.0
13898,7344,81,2,0.0
13899,7345,66,1,0.1
13900,7346,29,1,0.1
13901,7346,31,2,0.02
13902,7346,23,1,0.02
13903,7346,9,1,0.0
13904,7346,93,2,0.0
13905,7347,16,3,0.0
13906,7347,11,1,0.0
13907,7347,22,1,0.0
13908,7348,58,1,0.15
13909,7349,32,2,0.0
13910,7349,59,1,0.1
13911,7350,36,1,0.0
13912,7350,31,1,0.0
13913,7351,14,2,0.0
13914,7352,26,1,0.05
13915,7352,25,1,0.0
13916,7352,96,2,0.0
13917,7352,45,1,0.05
13918,7352,44,2,0.0
13919,7353,62,2,0.1
13920,7353,27,1,0.0
13921,7354,71,2,0.0
13922,7355,78,4,0.0
13923,7356,10,1,0.02
13924,7357,90,2,0.15
13925,7357,50,1,0.0
13926,7358,17,2,0.05
13927,7359,88,2,0.05
13928,7360,37,2,0.02
13929,7360,69,1,0.0
13930,7360,70,1,0.0
13931,7361,78,1,0.15
13932,7361,2,1,0.0
13933,7362,39,1,0.0
13934,7362,10,1,0.0
13935,7363,52,1,0.02
13936,7363,48,1,0.02
13937,7364,49,1,0.05
13938,7365,42,1,0.0
13939,7366,66,1,0.0
13940,7366,48,4,0.05
13941,7367,33,2,0.02
13942,7368,60,1,0.15
13943,7369,50,1,0.0
13944,7370,91,1,0.05
13945,7370,31,1,0.0
13946,7371,85,1,0.0
13947,7371,52,1,0.05
13948,7371,67,2,0.05
13949,7371,61,1,0.0
13950,7372,69,1,0.0
13951,7373,47,1,0.0
13952,7374,24,3,0.02
13953,7374,58,3,0.0
13954,7375,89,1,0.05
13955,7376,68,2,0.0
13956,7377,49,1,0.0
13957,7377,44,2,0.0
13958,7377,21,2,0.05
13959,7378,86,1,0.0
13960,7378,61,1,0.0
13961,7379,48,2,0.0
13962,7380,86,1,0.1
13963,7381,93,1,0.1
13964,7382,82,3,0.0
13965,7382,11,2,0.05
13966,7382,6,1,0.0
13967,7383,29,1,0.1
13968,7383,76,1,0.0
13969,7383,93,1,0.05
13970,7383,31,3,0.0
13971,7384,60,2,0.05
13972,7384,23,1,0.0
13973,7384,94,1,0.05
13974,7385,63,1,0.0
13975,7385,79,1,0.0
13976,7386,67,2,0.0
13977,7386,72,1,0.02
13978,7387,73,2,0.02
13979,7388,92,1,0.0
13980,7388,32,1,0.02
13981,7388,62,1,0.1
13982,7388,72,1,0.0
13983,7389,19,2,0.1
13984,7390,88,2,0.0
13985,7391,31,1,0.05
13986,7391,57,1,0.1
13987,7392,50,3,0.05
13988,7392,18,1,0.1
13989,7392,48,1,0.0
13990,7393,71,1,0.0
13991,7393,18,1,0.02
13992,7393,44,3,0.1
13993,7394,84,2,0.0
13994,7395,57,1,0.0
13995,7396,86,1,0.0
13996,7397,58,2,0.02
13997,7397,48,1,0.0
13998,7398,20,1,0.0
13999,7398,93,1,0.0
14000,7399,57,1,0.05
14001,7400,65,1,0.0
14002,7401,57,1,0.0
14003,7402,80,1,0.05
14004,7403,46,1,0.05
14005,7403,37,1,0.0
14006,7404,83,1,0.1
14007,7404,92,2,0.05
14008,7405,67,1,0.02
14009,7406,60,1,0.0
14010,7407,8,1,0.02
14011,7408,42,2,0.0
14012,7408,9,2,0.02
14013,7408,27,1,0.05
14014,7409,68,1,0.0
14015,7409,14,2,0.0
14016,7410,92,2,0.02
14017,7411,45,2,0.0
14018,7412,90,2,0.0
14019,7413,73,1,0.0
14020,7413,82,1,0.1
14021,7414,95,1,0.1
14022,7414,34,1,0.0
14023,7414,48,1,0.05
14024,7415,16,3,0.0
14025,7415,40,1,0.1
14026,7415,13,3,0.0
14027,7415,44,1,0.02
14028,7416,46,1,0.0
14029,7416,69,1,0.0
14030,7416,21,2,0.0
14031,7417,42,1,0.05
14032,7418,67,1,0.0
14033,7418,41,1,0.05
14034,7418,80,1,0.0
14035,7418,91,1,0.0
14036,7418,31,1,0.0
14037,7419,45,3,0.0
14038,7420,16,1,0.0
14039,7420,87,4,0.05
14040,7420,55,3,0.0
14041,7421,37,2,0.0
14042,7421,58,1,0.1
14043,7422,84,2,0.0
14044,7423,92,3,0.0
14045,7423,7,1,0.0
14046,7423,75,1,0.02
14047,7423,41,2,0.02
14048,7424,62,4,0.05
14049,7424,79,1,0.05
14050,7425,21,2,0.1
14051,7426,79,2,0.0
14052,7427,80,1,0.05
14053,7427,58,1,0.0
14054,7428,14,1,0.0
14055,7428,80,1,0.05
14056,7429,22,1,0.05
14057,7429,14,2,0.1
14058,7429,50,1,0.0
14059,7430,37,3,0.0
14060,7431,1,3,0.0
14061,7432,24,3,0.05
14062,7432,15,2,0.02
14063,7433,71,1,0.05
14064,7434,79,3,0.05
14065,7435,80,3,0.1
14066,7436,85,1,0.0
14067,7436,20,1,0.0
14068,7436,7,1,0.0
14069,7437,51,1,0.05
14070,7438,13,2,0.1
14071,7439,8,2,0.02
14072,7439,73,2,0.0
14073,7439,77,2,0.0
14074,7440,65,1,0.0
14075,7440,32,1,0.1
14076,7441,78,1,0.0
14077,7442,61,1,0.0
14078,7442,71,2,0.0
14079,7443,94,1,0.05
14080,7444,76,1,0.0
14081,7445,86,1,0.0
14082,7446,9,2,0.0
14083,7447,73,1,0.0
14084,7448,24,1,0.05
14085,7449,69,2,0.02
14086,7449,41,1,0.0
14087,7449,28,1,0.02
14088,7450,39,1,0.05
14089,7451,55,2,0.0
14090,7452,19,2,0.05
14091,7453,38,1,0.0
14092,7453,77,1,0.1
14093,7453,96,1,0.05
14094,7453,11,1,0.05
14095,7453,22,1,0.0
14096,7454,60,2,0.0
14097,7455,8,1,0.1
14098,7455,35,2,0.05
14099,7455,18,1,0.1
14100,7456,68,2,0.0
14101,7456,27,2,0.0
14102,7456,82,1,0.02
14103,7457,74,1,0.02
14104,7458,78,2,0.0
14105,7458,94,1,0.15
14106,7459,7,1,0.05
14107,7460,39,4,0.0
14108,7461,44,1,0.0
14109,7461,67,1,0.0
14110,7462,82,2,0.0
14111,7462,69,1,0.05
14112,7462,44,1,0.0
14113,7462,34,1,0.05
14114,7463,2,1,0.02
14115,7464,42,2,0.0
14116,7464,30,1,0.0
14117,7464,52,1,0.0
14118,7464,96,1,0.0
14119,7464,27,3,0.1
14120,7465,70,3,0.02
14121,7465,45,2,0.02
14122,7465,71,1,0.02
14123,7465,13,2,0.1
14124,7466,81,1,0.0
14125,7467,86,1,0.0
14126,7467,69,1,0.02
14127,7468,75,3,0.05
14128,7468,54,2,0.05
14129,7468,55,1,0.0
14130,7468,42,1,0.15
14131,7469,86,1,0.0
14132,7470,29,2,0.0
14133,7470,23,1,0.05
14134,7470,31,1,0.02
14135,7471,44,1,0.0
14136,7472,80,1,0.02
14137,7472,28,1,0.0
14138,7472,88,4,0.02
14139,7472,89,1,0.0
14140,7472,57,1,0.0
14141,7473,69,2,0.0
14142,7474,73,1,0.02
14143,7474,1,1,0.02
14144,7475,46,1,0.02
14145,7476,36,1,0.0
14146,7476,8,1,0.0
14147,7477,2,2,0.0
14148,7478,52,2,0.0
14149,7479,55,1,0.02
14150,7479,43,2,0.0
14151,7479,53,1,0.0
14152,7479,91,1,0.0
14153,7479,62,2,0.02
14154,7480,45,1,0.02
14155,7481,23,3,0.02
14156,7481,9,1,0.0
14157,7482,9,2,0.0
14158,7483,96,3,0.0
14159,7483,40,4,0.02
14160,7484,13,1,0.05
14161,7485,86,2,0.1
14162,7485,34,1,0.02
14163,7486,51,2,0.0
14164,7486,41,4,0.02
14165,7487,38,2,0.05
14166,7488,82,1,0.0
14167,7488,39,1,0.05
14168,7489,66,1,0.0
14169,7490,65,3,0.05
14170,7490,81,2,0.02
14171,7491,19,3,0.0
14172,7491,31,3,0.1
14173,7491,6,2,0.1
14174,7491,40,1,0.1
14175,7491,25,1,0.0
14176,7492,43,1,0.0
14177,7492,72,1,0.02
14178,7493,85,2,0.02
14179,7494,74,1,0.05
14180,7495,54,1,0.05
14181,7495,40,1,0.0
14182,7496,36,2,0.02
14183,7497,65,1,0.05
14184,7497,42,1,0.02
14185,7498,74,1,0.0
14186,7498,63,2,0.0
14187,7499,10,1,0.0
14188,7500,55,1,0.02
14189,7501,50,2,0.0
14190,7502,62,1,0.05
14191,7502,60,1,0.0
14192,7503,80,2,0.0
14193,7503,70,2,0.1
14194,7503,13,1,0.05
14195,7503,19,1,0.0
14196,7504,59,2,0.02
14197,7505,8,2,0.05
14198,7505,73,1,0.0
14199,7506,51,1,0.0
14200,7507,4,2,0.0
14201,7507,77,1,0.02
14202,7507,9,3,0.0
14203,7508,1,1,0.1
14204,7509,3,2,0.02
14205,7509,63,1,0.15
14206,7510,62,2,0.0
14207,7510,35,1,0.02
14208,7510,43,1,0.0
14209,7511,83,1,0.15
14210,7512,62,2,0.0
14211,7512,83,1,0.0
14212,7512,44,1,0.0
14213,7513,37,1,0.05
14214,7514,56,1,0.0
14215,7515,41,2,0.05
14216,7516,74,1,0.0
14217,7516,63,1,0.0
14218,7517,22,1,0.15
14219,7518,11,1,0.1
14220,7518,23,1,0.0
14221,7519,85,1,0.0
14222,7519,81,2,0.05
14223,7519,57,4,0.1
14224,7520,46,1,0.0
14225,7520,48,1,0.05
14226,7520,70,4,0.0
14227,7520,67,1,0.02
14228,7520,23,1,0.0
14229,7521,77,1,0.15
14230,7521,18,2,0.05
14231,7521,52,1,0.0
14232,7521,96,3,0.0
14233,7521,48,3,0.0
14234,7522,89,1,0.05
14235,7522,39,2,0.0
14236,7522,8,4,0.02
14237,7523,32,2,0.02
14238,7524,88,1,0.02
14239,7524,42,1,0.05
14240,7524,61,1,0.02
14241,7525,10,1,0.0
14242,7526,46,1,0.1
14243,7526,35,4,0.15
14244,7526,20,1,0.0
14245,7527,61,3,0.0
14246,7528,85,1,0.02
14247,7529,5,1,0.02
14248,7530,25,1,0.05
14249,7530,61,1,0.02
14250,7531,67,2,0.02
14251,7531,3,1,0.02
14252,7531,66,2,0.0
14253,7531,46,1,0.0
14254,7532,25,1,0.0
14255,7533,27,1,0.02
14256,7533,38,1,0.0
14257,7534,19,1,0.0
14258,7534,33,3,0.05
14259,7535,30,1,0.0
14260,7536,20,1,0.0
14261,7536,73,1,0.0
14262,7536,33,3,0.15
14263,7537,9,1,0.0
14264,7538,56,1,0.0
14265,7538,37,1,0.0
14266,7539,81,1,0.1
14267,7540,96,1,0.02
14268,7540,69,3,0.02
14269,7540,34,2,0.0
14270,7541,44,1,0.0
14271,7541,67,1,0.1
14272,7542,27,3,0.0
14273,7543,71,2,0.05
14274,7543,62,2,0.1
14275,7544,82,2,0.05
14276,7544,55,1,0.02
14277,7544,47,1,0.15
14278,7545,14,2,0.05
14279,7545,33,1,0.0
14280,7546,84,1,0.02
14281,7546,95,1,0.0
14282,7547,90,1,0.0
14283,7548,96,1,0.0
14284,7548,26,3,0.1
14285,7548,32,1,0.1
14286,7549,36,1,0.0
14287,7550,63,1,0.1
14288,7550,34,3,0.0
14289,7551,62,2,0.05
14290,7552,4,1,0.0
14291,7552,71,1,0.05
14292,7553,76,1,0.05
14293,7554,30,1,0.05
14294,7555,74,1,0.0
14295,7556,37,1,0.1
14296,7557,96,3,0.1
14297,7558,40,1,0.02
14298,7558,56,1,0.0
14299,7558,96,1,0.0
14300,7558,72,1,0.0
14301,7559,4,1,0.02
14302,7559,45,2,0.02
14303,7560,94,2,0.0
14304,7560,90,1,0.05
14305,7561,75,2,0.05
14306,7562,90,1,0.0
14307,7562,61,1,0.05
14308,7563,52,4,0.05
14309,7563,92,1,0.0
14310,7564,96,1,0.1
14311,7565,3,2,0.02
14312,7566,80,1,0.05
14313,7567,59,1,0.05
14314,7567,15,2,0.0
14315,7568,25,1,0.1
14316,7569,67,1,0.0
14317,7570,25,2,0.02
14318,7570,91,2,0.0
14319,7571,7,1,0.0
14320,7572,60,1,0.05
14321,7572,57,2,0.0
14322,7572,76,4,0.0
14323,7572,2,1,0.0
14324,7573,32,1,0.0
14325,7573,20,2,0.15
14326,7574,61,1,0.05
14327,7575,95,2,0.1
14328,7576,92,1,0.0
14329,7577,15,1,0.02
14330,7578,81,3,0.05
14331,7578,14,2,0.0
14332,7578,63,2,0.15
14333,7578,8,2,0.0
14334,7579,68,1,0.0
14335,7580,79,1,0.0
14336,7581,30,2,0.1
14337,7582,54,2,0.15
14338,7583,40,1,0.0
14339,7584,14,1,0.0
14340,7585,51,1,0.02
14341,7586,76,2,0.0
14342,7586,34,1,0.0
14343,7586,90,1,0.0
14344,7586,48,1,0.0
14345,7587,62,2,0.02
14346,7587,33,1,0.0
14347,7587,18,1,0.0
14348,7588,85,2,0.02
14349,7588,45,1,0.02
14350,7588,9,3,0.0
14351,7589,48,1,0.05
14352,7590,15,1,0.02
14353,7590,50,3,0.0
14354,7590,26,1,0.0
14355,7590,19,3,0.15
14356,7590,22,1,0.05
14357,7591,51,1,0.1
14358,7592,51,3,0.02
14359,7592,49,1,0.05
14360,7593,35,2,0.02
14361,7594,82,3,0.0
14362,7594,38,1,0.1
14363,7594,85,1,0.02
14364,7594,78,1,0.05
14365,7594,3,1,0.0
14366,7595,61,2,0.15
14367,7596,13,2,0.02
14368,7596,58,1,0.0
14369,7596,2,1,0.0
14370,7596,27,1,0.0
14371,7597,41,1,0.0
14372,7598,38,4,0.0
14373,7599,17,1,0.02
14374,7599,34,1,0.0
14375,7600,12,1,0.02
14376,7600,61,2,0.0
14377,7601,34,1,0.0
14378,7602,88,1,0.02
14379,7603,19,1,0.0
14380,7603,87,1,0.0
14381,7603,79,2,0.1
14382,7603,14,3,0.0
14383,7604,26,1,0.0
14384,7604,48,1,0.0
14385,7604,60,1,0.02
14386,7605,86,1,0.0
14387,7606,45,1,0.05
14388,7607,58,2,0.0
14389,7608,2,1,0.0
14390,7609,44,4,0.02
14391,7609,79,3,0.05
14392,7610,46,1,0.05
14393,7610,61,1,0.0
14394,7611,2,1,0.0
14395,7612,69,1,0.05
14396,7613,61,1,0.0
14397,7613,81,1,0.05
14398,7614,69,1,0.0
14399,7614,64,4,0.0
14400,7615,42,1,0.02
14401,7616,62,4,0.0
14402,7617,2,2,0.05
14403,7618,21,1,0.02
14404,7618,14,2,0.02
14405,7619,95,3,0.0
14406,7619,81,2,0.1
14407,7619,86,1,0.02
14408,7619,29,1,0.15
14409,7620,28,1,0.0
14410,7620,21,1,0.15
14411,7620,34,2,0.0
14412,7621,33,3,0.05
14413,7622,32,1,0.02
14414,7622,65,1,0.0
14415,7623,31,2,0.0
14416,7623,62,1,0.02
14417,7623,89,1,0.0
14418,7624,88,3,0.02
14419,7624,20,1,0.05
14420,7625,4,1,0.0
14421,7626,76,1,0.1
14422,7627,70,2,0.0
14423,7628,91,1,0.0
14424,7628,17,1,0.02
14425,7629,48,1,0.0
14426,7629,43,2,0.0
14427,7629,39,1,0.05
14428,7629,53,1,0.05
14429,7629,58,2,0.02
14430,7630,32,1,0.0
14431,7631,70,2,0.0
14432,7631,37,3,0.05
14433,7631,91,2,0.05
14434,7631,54,1,0.0
14435,7632,27,2,0.05
14436,7632,53,2,0.0
14437,7633,32,1,0.0
14438,7633,17,1,0.05
14439,7633,51,1,0.0
14440,7634,3,3,0.0
14441,7635,83,1,0.0
14442,7636,39,2,0.0
14443,7636,26,2,0.05
14444,7637,1,1,0.0
14445,7638,11,1,0.0
14446,7639,48,1,0.0
14447,7640,19,1,0.1
14448,7641,18,1,0.0
14449,7642,36,4,0.0
14450,7642,67,1,0.1
14451,7643,57,1,0.0
14452,7643,4,1,0.02
14453,7644,3,1,0.05
14454,7645,78,2,0.05
14455,7646,28,1,0.05
14456,7647,24,1,0.0
14457,7648,96,3,0.1
14458,7649,42,1,0.02
14459,7649,26,1,0.0
14460,7650,42,2,0.0
14461,7650,62,2,0.0
14462,7650,69,1,0.05
14463,7650,29,1,0.0
14464,7651,40,1,0.15
14465,7651,56,1,0.02
14466,7651,3,1,0.0
14467,7652,79,1,0.02
14468,7653,70,1,0.02
14469,7654,91,2,0.02
14470,7655,70,1,0.0
14471,7655,37,1,0.0
14472,7655,55,1,0.05
14473,7656,11,1,0.05
14474,7657,4,1,0.1
14475,7657,14,1,0.0
14476,7658,54,3,0.05
14477,7658,77,1,0.0
14478,7659,53,2,0.0
14479,7659,13,1,0.02
14480,7659,65,1,0.05
14481,7659,29,1,0.1
14482,7660,12,4,0.0
14483,7661,27,1,0.1
14484,7661,38,1,0.05
14485,7662,5,2,0.0
14486,7663,56,2,0.02
14487,7664,28,2,0.02
14488,7665,68,1,0.0
14489,7666,9,2,0.02
14490,7667,88,1,0.0
14491,7668,31,1,0.02
14492,7669,85,2,0.02
14493,7670,57,1,0.15
14494,7670,71,3,0.05
14495,7671,73,1,0.05
14496,7671,80,2,0.0
14497,7671,10,2,0.0
14498,7672,22,1,0.0
14499,7672,92,1,0.0
14500,7672,49,1,0.0
14501,7673,35,1,0.0
14502,7673,50,1,0.1
14503,7673,77,1,0.0
14504,7674,37,1,0.0
14505,7674,19,1,0.1
14506,7675,1,1,0.0
14507,7675,57,1,0.0
14508,7675,30,3,0.05
14509,7676,9,1,0.02
14510,7676,12,2,0.0
14511,7677,43,1,0.02
14512,7678,79,3,0.05
14513,7679,13,1,0.0
14514,7679,6,2,0.02
14515,7680,16,2,0.05
14516,7681,95,1,0.1
14517,7681,39,1,0.0
14518,7682,58,1,0.0
14519,7683,92,1,0.0
14520,7684,51,1,0.0
14521,7684,64,2,0.05
14522,7685,27,2,0.05
14523,7686,18,1,0.02
14524,7686,22,3,0.02
14525,7686,39,3,0.05
14526,7686,91,1,0.02
14527,7687,92,2,0.1
14528,7688,51,1,0.0
14529,7688,89,2,0.02
14530,7688,57,1,0.0
14531,7689,21,2,0.0
14532,7689,47,1,0.0
14533,7690,43,1,0.05
14534,7690,13,1,0.0
14535,7690,34,1,0.0
14536,7690,92,1,0.1
14537,7691,32,1,0.02
14538,7692,44,4,0.1
14539,7693,32,1,0.0
14540,7694,79,1,0.0
14541,7695,13,1,0.0
14542,7696,15,1,0.0
14543,7696,49,2,0.05
14544,7697,23,1,0.0
14545,7698,21,1,0.05
14546,7698,65,1,0.0
14547,7698,34,1,0.0
14548,7699,4,1,0.0
14549,7700,12,1,0.02
14550,7700,5,1,0.0
14551,7700,67,2,0.05
14552,7700,94,2,0.15
14553,7701,90,1,0.0
14554,7701,46,1,0.0
14555,7701,56,2,0.0
14556,7702,51,1,0.02
14557,7702,68,2,0.05
14558,7702,54,2,0.0
14559,7703,43,1,0.02
14560,7703,67,1,0.0
14561,7704,90,1,0.0
14562,7705,27,1,0.05
14563,7705,80,2,0.0
14564,7706,74,1,0.15
14565,7707,90,1,0.0
14566,7707,79,1,0.05
14567,7708,13,2,0.0
14568,7709,74,1,0.05
14569,7709,39,2,0.05
14570,7709,73,2,0.0
14571,7710,29,1,0.0
14572,7710,81,1,0.05
14573,7710,65,4,0.0
14574,7711,86,2,0.05
14575,7711,88,1,0.1
14576,7711,44,1,0.0
14577,7712,30,1,0.0
14578,7713,20,1,0.05
14579,7713,34,1,0.0
14580,7713,57,1,0.0
14581,7714,52,1,0.0
14582,7715,33,1,0.05
14583,7715,2,2,0.0
14584,7715,72,1,0.0
14585,7715,94,1,0.02
14586,7716,34,1,0.1
14587,7716,40,2,0.15
14588,7717,83,3,0.0
14589,7717,51,1,0.05
14590,7718,40,2,0.0
14591,7718,4,2,0.02
14592,7718,84,1,0.0
14593,7718,58,2,0.02
14594,7718,80,3,0.02
14595,7719,58,2,0.0
14596,7719,50,1,0.1
14597,7720,25,3,0.0
14598,7720,60,2,0.0
14599,7721,4,1,0.05
14600,7721,84,3,0.15
14601,7722,29,1,0.0
14602,7722,81,1,0.02
14603,7723,8,1,0.02
14604,7724,82,1,0.0
14605,7725,30,1,0.05
14606,7725,43,1,0.02
14607,7726,64,3,0.02
14608,7727,11,3,0.0
14609,7727,65,3,0.02
14610,7728,20,3,0.0
14611,7728,26,1,0.0
14612,7729,43,2,0.02
14613,7729,45,1,0.15
14614,7729,61,1,0.0
14615,7729,95,2,0.1
14616,7730,38,1,0.02
14617,7730,75,1,0.05
14618,7730,25,1,0.0
14619,7730,64,1,0.15
14620,7730,14,2,0.05
14621,7731,85,1,0.05
14622,7732,33,3,0.0
14623,7733,27,1,0.05
14624,7734,9,1,0.0
14625,7735,24,2,0.05
14626,7736,56,3,0.0
14627,7737,44,1,0.02
14628,7737,67,3,0.0
14629,7737,89,2,0.0
14630,7737,34,2,0.02
14631,7738,96,1,0.02
14632,7738,67,1,0.02
14633,7739,44,1,0.0
14634,7739,31,1,0.05
14635,7739,48,1,0.02
14636,7740,25,2,0.05
14637,7741,19,2,0.0
14638,7741,64,2,0.02
14639,7742,69,1,0.0
14640,7742,82,2,0.0
14641,7742,44,1,0.0
14642,7743,24,1,0.05
14643,7744,90,3,0.0
14644,7744,58,2,0.05
14645,7745,68,2,0.05
14646,7746,4,1,0.15
14647,7746,27,1,0.05
14648,7746,39,1,0.0
14649,7746,57,1,0.0
14650,7747,3,1,0.05
14651,7747,23,1,0.0
14652,7747,90,1,0.0
14653,7747,77,3,0.02
14654,7748,37,2,0.15
14655,7749,48,1,0.0
14656,7749,38,3,0.0
14657,7750,19,2,0.02
14658,7751,68,3,0.0
14659,7752,79,1,0.0
14660,7753,61,1,0.05
14661,7753,75,2,0.02
14662,7754,7,2,0.05
14663,7754,74,1,0.0
14664,7754,60,1,0.0
14665,7755,85,1,0.0
14666,7755,89,1,0.0
14667,7756,73,1,0.0
14668,7757,26,3,0.0
14669,7758,92,4,0.0
14670,7759,11,1,0.02
14671,7759,40,1,0.0
14672,7759,12,1,0.1
14673,7759,34,1,0.0
14674,7760,34,1,0.02
14675,7761,84,1,0.0
14676,7762,34,1,0.05
14677,7763,91,1,0.05
14678,7764,12,1,0.0
14679,7764,78,3,0.0
14680,7764,35,2,0.05
14681,7764,40,1,0.05
14682,7765,18,2,0.05
14683,7765,79,1,0.02
14684,7766,61,1,0.1
14685,7767,38,2,0.0
14686,7768,62,1,0.0
14687,7768,73,1,0.02
14688,7769,37,1,0.0
14689,7770,57,1,0.02
14690,7771,61,2,0.05
14691,7771,65,2,0.0
14692,7771,85,1,0.02
14693,7772,85,2,0.1
14694,7773,5,3,0.0
14695,7773,67,4,0.05
14696,7773,74,2,0.02
14697,7774,28,1,0.05
14698,7775,25,1,0.0
14699,7776,94,2,0.0
14700,7776,18,2,0.0
14701,7777,96,1,0.0
14702,7778,81,1,0.0
14703,7778,47,1,0.02
14704,7778,49,1,0.0
14705,7779,91,1,0.0
14706,7779,72,1,0.0
14707,7780,24,4,0.0
14708,7780,12,1,0.0
14709,7781,35,1,0.0
14710,7781,13,2,0.02
14711,7782,53,2,0.15
14712,7782,8,1,0.0
14713,7783,60,2,0.0
14714,7783,85,1,0.0
14715,7784,12,3,0.15
14716,7785,93,2,0.1
14717,7786,94,1,0.05
14718,7786,83,1,0.1
14719,7786,67,1,0.0
14720,7787,89,3,0.02
14721,7787,17,1,0.0
14722,7788,66,3,0.02
14723,7789,65,1,0.0
14724,7789,25,1,0.0
14725,7790,86,1,0.02
14726,7791,94,1,0.05
14727,7791,43,1,0.05
14728,7791,32,1,0.0
14729,7791,41,1,0.0
14730,7792,54,3,0.0
14731,7792,43,1,0.0
14732,7793,23,2,0.05
14733,7794,31,2,0.05
14734,7794,86,1,0.0
14735,7795,91,1,0.1
14736,7796,90,1,0.02
14737,7797,48,1,0.0
14738,7797,18,3,0.02
14739,7798,69,1,0.1
14740,7798,50,1,0.15
14741,7798,39,1,0.02
14742,7798,57,1,0.02
14743,7799,96,1,0.0
14744,7800,76,1,0.0
14745,7800,49,2,0.02
14746,7801,90,1,0.02
14747,7802,45,1,0.15
14748,7803,12,2,0.0
14749,7804,46,1,0.02
14750,7805,13,1,0.0
14751,7806,19,1,0.05
14752,7806,96,3,0.0
14753,7806,4,2,0.02
14754,7807,6,2,0.0
14755,7808,75,3,0.0
14756,7809,96,2,0.0
14757,7810,67,2,0.05
14758,7811,86,2,0.0
14759,7812,94,1,0.0
14760,7812,84,4,0.0
14761,7813,94,2,0.02
14762,7813,57,1,0.0
14763,7813,22,1,0.05
14764,7813,52,2,0.05
14765,7814,40,4,0.0
14766,7815,44,1,0.0
14767,7816,31,3,0.0
14768,7817,8,1,0.15
14769,7817,44,1,0.02
14770,7818,72,1,0.02
14771,7819,63,1,0.0
14772,7819,11,1,0.05
14773,7820,81,1,0.0
14774,7821,81,1,0.15
14775,7821,39,1,0.15
14776,7821,74,3,0.05
14777,7821,77,2,0.0
14778,7822,9,1,0.02
14779,7823,78,1,0.0
14780,7823,81,1,0.0
14781,7824,52,1,0.02
14782,7824,33,1,0.1
14783,7824,29,1,0.02
14784,7825,95,3,0.0
14785,7826,59,1,0.0
14786,7826,74,1,0.05
14787,7827,89,1,0.15
14788,7827,45,3,0.1
14789,7828,13,1,0.0
14790,7828,3,1,0.05
14791,7829,19,3,0.02
14792,7829,48,3,0.05
14793,7830,33,3,0.0
14794,7831,24,1,0.1
14795,7832,8,2,0.02
14796,7833,4,3,0.0
14797,7834,70,2,0.05
14798,7835,57,2,0.0
14799,7835,9,1,0.0
14800,7835,43,2,0.0
14801,7835,13,3,0.05
14802,7835,76,1,0.0
14803,7836,55,1,0.0
14804,7836,76,1,0.05
14805,7837,45,1,0.05
14806,7838,77,1,0.15
14807,7839,1,1,0.02
14808,7839,75,1,0.05
14809,7839,18,2,0.05
14810,7839,86,1,0.02
14811,7839,70,1,0.02
14812,7840,96,2,0.1
14813,7841,10,1,0.02
14814,7842,32,2,0.0
14815,7843,37,1,0.0
14816,7843,82,2,0.05
14817,7844,28,3,0.02
14818,7844,83,1,0.0
14819,7844,75,2,0.05
14820,7845,90,1,0.0
14821,7846,47,1,0.0
14822,7847,76,1,0.0
14823,7848,46,2,0.05
14824,7848,32,2,0.0
14825,7849,61,2,0.02
14826,7849,39,1,0.0
14827,7850,3,1,0.0
14828,7850,30,3,0.05
14829,7851,30,1,0.1
14830,7851,93,1,0.02
14831,7851,42,1,0.02
14832,7851,65,1,0.0
14833,7852,39,1,0.0
14834,7853,85,2,0.0
14835,7854,40,1,0.05
14836,7854,32,2,0.02
14837,7855,41,1,0.0
14838,7856,57,1,0.0
14839,7857,87,1,0.05
14840,7857,83,4,0.0
14841,7858,84,1,0.02
14842,7858,71,2,0.0
14843,7859,78,1,0.02
14844,7860,35,1,0.05
14845,7861,21,1,0.02
14846,7862,17,1,0.0
14847,7862,29,1,0.05
14848,7863,25,1,0.0
14849,7864,27,1,0.0
14850,7865,92,1,0.0
14851,7865,78,1,0.02
14852,7866,17,1,0.0
14853,7866,46,4,0.0
14854,7867,58,1,0.02
14855,7868,39,1,0.02
14856,7868,54,1,0.0
14857,7869,60,1,0.05
14858,7870,14,3,0.02
14859,7871,43,1,0.0
14860,7872,33,1,0.0
14861,7873,96,3,0.02
14862,7873,88,1,0.05
14863,7874,59,1,0.0
14864,7875,38,2,0.1
14865,7876,27,3,0.02
14866,7877,33,1,0.1
14867,7878,28,1,0.02
14868,7878,1,1,0.0
14869,7879,28,1,0.02
14870,7880,56,1,0.0
14871,7881,20,1,0.02
14872,7881,47,1,0.0
14873,7881,67,1,0.02
14874,7881,21,2,0.15
14875,7881,4,1,0.0
14876,7882,30,1,0.05
14877,7882,44,2,0.05
14878,7883,32,3,0.0
14879,7883,16,1,0.0
14880,7883,70,1,0.1
14881,7884,23,1,0.02
14882,7884,25,1,0.0
14883,7884,74,2,0.05
14884,7884,1,1,0.02
14885,7885,10,1,0.1
14886,7885,80,3,0.05
14887,7885,34,2,0.0
14888,7885,13,1,0.1
14889,7886,81,1,0.1
14890,7886,57,1,0.0
14891,7887,77,1,0.1
14892,7887,74,1,0.1
14893,7888,14,1,0.15
14894,7888,49,2,0.02
14895,7888,66,1,0.15
14896,7888,84,2,0.05
14897,7889,95,1,0.0
14898,7890,3,1,0.02
14899,7890,75,2,0.0
14900,7890,73,1,0.0
14901,7891,80,1,0.0
14902,7892,35,1,0.0
14903,7892,55,1,0.0
14904,7892,88,2,0.05
14905,7892,40,1,0.02
14906,7892,5,1,0.1
14907,7893,40,2,0.0
14908,7893,35,1,0.0
14909,7894,58,1,0.0
14910,7895,46,3,0.0
14911,7895,39,1,0.0
14912,7895,83,1,0.02
14913,7896,14,2,0.0
14914,7896,73,3,0.0
14915,7896,45,1,0.1
14916,7897,69,2,0.1
14917,7897,73,2,0.0
14918,7897,72,1,0.0
14919,7898,78,2,0.02
14920,7898,28,2,0.05
14921,7899,9,1,0.05
14922,7900,26,1,0.1
14923,7900,49,3,0.0
14924,7900,73,2,0.0
14925,7900,78,1,0.0
14926,7901,18,2,0.0
14927,7901,46,1,0.1
14928,7901,49,2,0.0
14929,7902,89,2,0.05
14930,7903,23,3,0.05
14931,7903,56,1,0.0
14932,7903,35,1,0.1
14933,7904,40,3,0.05
14934,7905,86,1,0.0
14935,7905,1,2,0.0
14936,7906,56,1,0.0
14937,7907,65,1,0.0
14938,7908,73,1,0.0
14939,7909,74,1,0.05
14940,7909,31,1,0.0
14941,7910,51,1,0.0
14942,7910,1,4,0.0
14943,7911,95,1,0.0
14944,7911,46,2,0.1
14945,7912,20,1,0.0
14946,7912,29,2,0.0
14947,7913,11,2,0.02
14948,7913,95,1,0.05
14949,7913,85,1,0.02
14950,7914,94,1,0.15
14951,7914,5,1,0.0
14952,7914,84,2,0.0
14953,7914,29,2,0.05
14954,7915,86,2,0.0
14955,7915,47,3,0.0
14956,7916,34,1,0.1
14957,7916,23,1,0.02
14958,7916,76,1,0.05
14959,7916,82,3,0.0
14960,7917,53,2,0.0
14961,7917,67,2,0.0
14962,7918,52,1,0.0
14963,7919,25,1,0.0
14964,7919,96,2,0.05
14965,7920,34,2,0.05
14966,7920,26,1,0.05
14967,7920,53,4,0.0
14968,7921,58,1,0.0
14969,7921,7,2,0.02
14970,7922,6,2,0.1
14971,7922,66,2,0.05
14972,7922,49,2,0.0
14973,7922,93,2,0.0
14974,7923,22,1,0.0
14975,7923,3,2,0.0
14976,7924,30,1,0.0
14977,7924,83,1,0.15
14978,7925,38,1,0.05
14979,7925,17,1,0.15
14980,7926,11,1,0.1
14981,7926,47,2,0.1
14982,7927,81,1,0.02
14983,7927,66,3,0.0
14984,7927,32,2,0.05
14985,7928,72,2,0.0
14986,7928,42,1,0.1
14987,7928,15,1,0.02
14988,7929,5,1,0.0
14989,7930,58,1,0.0
14990,7930,2,1,0.02
14991,7930,33,1,0.1
14992,7931,5,1,0.05
14993,7932,59,1,0.1
14994,7932,83,4,0.0
14995,7933,32,2,0.0
14996,7934,26,4,0.1
14997,7935,12,1,0.0
14998,7935,33,2,0.05
14999,7936,87,2,0.05
15000,7937,7,1,0.02
15001,7938,48,1,0.05
15002,7938,9,1,0.02
15003,7938,43,3,0.0
15004,7939,86,1,0.0
15005,7939,50,1,0.02
15006,7939,2,3,0.05
15007,7939,87,1,0.1
15008,7940,68,1,0.0
15009,7941,26,2,0.0
15010,7941,72,3,0.0
15011,7941,70,1,0.15
15012,7941,67,3,0.0
15013,7942,83,1,0.05
15014,7943,46,2,0.05
15015,7943,65,1,0.1
15016,7944,32,2,0.05
15017,7945,54,3,0.0
15018,7945,69,2,0.05
15019,7945,86,1,0.0
15020,7945,16,1,0.02
15021,7946,76,1,0.0
15022,7947,28,2,0.0
15023,7947,26,1,0.1
15024,7947,71,1,0.0
15025,7947,45,2,0.05
15026,7947,75,2,0.05
15027,7948,1,1,0.05
15028,7949,41,1,0.02
15029,7950,1,1,0.0
15030,7950,78,1,0.0
15031,7951,9,1,0.1
15032,7951,66,1,0.1
15033,7952,5,1,0.02
15034,7952,41,2,0.02
15035,7952,80,1,0.05
15036,7952,6,3,0.0
15037,7953,77,1,0.02
15038,7953,11,2,0.0
15039,7954,23,1,0.02
15040,7954,62,3,0.0
15041,7954,16,1,0.02
15042,7955,84,1,0.15
15043,7955,46,1,0.05
15044,7956,12,3,0.02
15045,7956,4,2,0.0
15046,7956,27,1,0.0
15047,7957,31,1,0.0
15048,7957,69,2,0.02
15049,7958,59,2,0.05
15050,7958,35,1,0.0
15051,7959,15,1,0.05
15052,7960,84,1,0.0
15053,7960,26,1,0.1
15054,7961,81,4,0.0
15055,7961,41,1,0.0
15056,7962,47,1,0.0
15057,7962,95,1,0.0
15058,7962,32,1,0.0
15059,7962,45,2,0.0
15060,7963,86,1,0.02
15061,7964,68,1,0.0
15062,7965,31,1,0.15
15063,7966,30,1,0.0
15064,7966,90,1,0.0
15065,7967,95,1,0.0
15066,7968,51,2,0.0
15067,7968,1,3,0.02
15068,7969,16,1,0.15
15069,7969,20,1,0.0
15070,7969,96,1,0.05
15071,7969,61,1,0.15
15072,7970,58,2,0.05
15073,7971,27,1,0.0
15074,7971,67,1,0.1
15075,7972,24,1,0.05
15076,7972,51,3,0.02
15077,7973,11,1,0.0
15078,7974,6,1,0.0
15079,7975,65,1,0.0
15080,7976,17,1,0.0
15081,7977,66,1,0.0
15082,7977,72,1,0.05
15083,7977,42,2,0.1
15084,7977,49,1,0.1
15085,7977,8,1,0.02
15086,7978,92,1,0.0
15087,7978,10,1,0.0
15088,7978,67,2,0.05
15089,7979,85,1,0.05
15090,7979,5,1,0.0
15091,7980,47,1,0.0
15092,7980,66,1,0.0
15093,7981,37,2,0.02
15094,7982,87,1,0.0
15095,7983,30,1,0.0
15096,7984,30,1,0.1
15097,7985,65,1,0.0
15098,7985,50,2,0.0
15099,7986,38,1,0.0
15100,7986,85,1,0.0
15101,7986,94,3,0.0
15102,7987,24,1,0.0
15103,7988,7,1,0.0
15104,7989,27,1,0.05
15105,7989,39,1,0.0
15106,7989,58,2,0.0
15107,7990,54,3,0.02
15108,7991,38,1,0.1
15109,7992,83,3,0.02
15110,7993,4,1,0.0
15111,7994,83,1,0.0
15112,7994,37,2,0.0
15113,7994,80,1,0.0
15114,7995,78,2,0.0
15115,7996,89,1,0.02
15116,7996,86,1,0.02
15117,7996,92,1,0.02
15118,7996,79,1,0.02
15119,7997,14,1,0.02
15120,7997,12,1,0.05
15121,7998,87,1,0.02
15122,7999,92,2,0.0
15123,7999,7,1,0.1
15124,7999,24,2,0.0
15125,7999,46,2,0.1
15126,8000,77,1,0.0
15127,8001,43,2,0.0
15128,8002,53,1,0.0
15129,8003,79,1,0.0
15130,8003,84,2,0.1
15131,8004,89,1,0.05
15132,8005,35,2,0.0
15133,8005,10,4,0.1
15134,8005,54,3,0.05
15135,8006,62,1,0.1
15136,8006,76,4,0.05
15137,8006,82,1,0.0
15138,8006,57,1,0.0
15139,8007,64,1,0.0
15140,8007,26,2,0.02
15141,8007,53,1,0.0
15142,8007,44,2,0.0
15143,8008,88,2,0.0
15144,8008,65,4,0.0
15145,8009,1,2,0.0
15146,8010,83,1,0.0
15147,8010,20,3,0.02
15148,8010,33,1,0.0
15149,8010,93,2,0.0
15150,8011,72,1,0.1
15151,8011,17,1,0.02
15152,8012,49,1,0.0
15153,8013,48,1,0.0
15154,8014,31,1,0.05
15155,8014,35,1,0.0
15156,8014,12,1,0.02
15157,8014,16,1,0.0
15158,8015,90,2,0.1
15159,8015,46,3,0.0
15160,8015,8,1,0.02
15161,8016,58,1,0.02
15162,8016,70,1,0.0
15163,8016,34,1,0.0
15164,8017,62,1,0.02
15165,8018,82,1,0.0
15166,8019,13,1,0.0
15167,8020,94,1,0.0
15168,8020,69,1,0.0
15169,8021,60,2,0.0
15170,8022,86,1,0.0
15171,8023,72,1,0.0
15172,8024,47,1,0.02
15173,8024,13,3,0.05
15174,8024,74,2,0.0
15175,8024,3,1,0.0
15176,8024,51,1,0.0
15177,8025,24,2,0.0
15178,8025,73,1,0.0
15179,8026,26,1,0.0
15180,8027,16,1,0.0
15181,8028,43,1,0.15
15182,8029,79,2,0.0
15183,8029,57,1,0.05
15184,8030,27,1,0.02
15185,8031,46,3,0.1
15186,8032,25,1,0.0
15187,8032,62,2,0.02
15188,8033,60,1,0.05
15189,8033,26,1,0.0
15190,8034,94,1,0.05
15191,8035,27,1,0.0
15192,8035,54,1,0.02
15193,8035,29,1,0.0
15194,8036,55,2,0.0
15195,8037,15,1,0.02
15196,8037,16,1,0.1
15197,8037,85,1,0.0
15198,8037,2,1,0.15
15199,8038,46,1,0.05
15200,8038,7,2,0.05
15201,8038,78,4,0.02
15202,8038,20,1,0.15
15203,8038,57,1,0.05
15204,8039,52,1,0.1
15205,8039,61,2,0.02
15206,8040,53,1,0.05
15207,8041,82,3,0.0
15208,8041,78,2,0.0
15209,8042,35,1,0.05
15210,8042,57,1,0.0
15211,8043,15,1,0.05
15212,8044,78,1,0.05
15213,8044,56,1,0.02
15214,8045,55,2,0.05
15215,8046,69,1,0.0
15216,8046,92,1,0.0
15217,8046,88,2,0.02
15218,8047,84,1,0.05
15219,8047,10,2,0.0
15220,8048,11,1,0.0
15221,8048,13,3,0.0
15222,8049,56,1,0.0
15223,8049,31,1,0.05
15224,8050,55,1,0.05
15225,8050,51,1,0.1
15226,8051,58,2,0.15
15227,8052,1,1,0.0
15228,8053,30,4,0.05
15229,8053,85,3,0.0
15230,8054,18,1,0.05
15231,8055,51,1,0.05
15232,8055,52,1,0.05
15233,8055,70,1,0.0
15234,8056,88,2,0.0
15235,8057,65,1,0.0
15236,8057,27,1,0.05
15237,8057,33,2,0.0
15238,8058,89,2,0.02
15239,8058,80,1,0.0
15240,8059,15,1,0.02
15241,8060,27,3,0.05
15242,8060,15,1,0.0
15243,8061,14,2,0.0
15244,8061,28,1,0.05
15245,8061,42,2,0.0
15246,8062,82,1,0.0
15247,8063,62,2,0.1
15248,8063,93,3,0.1
15249,8063,15,1,0.0
15250,8064,96,2,0.0
15251,8065,83,1,0.0
15252,8065,29,2,0.05
15253,8066,22,2,0.0
15254,8066,39,1,0.05
15255,8067,93,1,0.0
15256,8068,61,3,0.05
15257,8068,85,1,0.1
15258,8069,51,1,0.1
15259,8069,62,3,0.1
15260,8070,48,1,0.02
15261,8070,27,2,0.0
15262,8070,23,1,0.0
15263,8070,81,2,0.0
15264,8070,20,1,0.15
15265,8071,85,2,0.0
15266,8072,69,2,0.0
15267,8073,75,1,0.0
15268,8073,3,1,0.0
15269,8073,20,1,0.0
15270,8073,65,1,0.05
15271,8073,77,1,0.0
15272,8074,81,1,0.05
15273,8074,69,1,0.0
15274,8075,65,2,0.0
15275,8075,40,1,0.1
15276,8075,86,2,0.1
15277,8076,7,1,0.0
15278,8076,49,1,0.0
15279,8076,66,1,0.0
15280,8076,74,1,0.1
15281,8076,56,1,0.02
15282,8077,69,2,0.02
15283,8077,33,1,0.1
15284,8077,90,1,0.0
15285,8078,93,1,0.02
15286,8079,67,1,0.1
15287,8079,24,1,0.0
15288,8079,70,1,0.0
15289,8080,5,1,0.02
15290,8081,68,2,0.05
15291,8082,5,2,0.0
15292,8082,56,1,0.0
15293,8083,89,2,0.0
15294,8083,73,3,0.02
15295,8083,46,1,0.0
15296,8084,81,1,0.05
15297,8084,42,3,0.02
15298,8085,53,2,0.05
15299,8085,68,1,0.02
15300,8086,32,1,0.02
15301,8086,84,2,0.0
15302,8087,87,1,0.0
15303,8087,85,1,0.1
15304,8088,82,1,0.15
15305,8088,61,2,0.02
15306,8089,42,1,0.05
15307,8089,69,1,0.0
15308,8089,83,1,0.1
15309,8089,39,1,0.05
15310,8089,36,3,0.05
15311,8090,84,3,0.0
15312,8091,75,1,0.0
15313,8091,6,3,0.0
15314,8092,54,2,0.0
15315,8092,53,2,0.0
15316,8093,50,4,0.0
15317,8093,22,1,0.0
15318,8093,96,1,0.02
15319,8093,81,1,0.05
15320,8094,21,1,0.15
15321,8095,42,1,0.0
15322,8096,18,1,0.15
15323,8096,50,3,0.05
15324,8097,75,1,0.15
15325,8098,52,1,0.02
15326,8099,37,1,0.05
15327,8100,81,2,0.0
15328,8100,76,3,0.05
15329,8101,20,1,0.15
15330,8102,12,1,0.1
15331,8103,54,1,0.0
15332,8104,31,1,0.0
15333,8104,86,1,0.0
15334,8104,44,2,0.02
15335,8104,39,1,0.05
15336,8105,80,1,0.0
15337,8105,13,1,0.05
15338,8106,40,1,0.0
15339,8106,8,1,0.05
15340,8107,32,1,0.1
15341,8108,9,2,0.0
15342,8109,22,1,0.0
15343,8110,86,1,0.0
15344,8111,94,1,0.0
15345,8111,36,1,0.02
15346,8111,37,1,0.02
15347,8112,44,1,0.0
15348,8112,78,1,0.0
15349,8113,27,2,0.0
15350,8114,79,1,0.15
15351,8115,46,1,0.1
15352,8116,39,1,0.0
15353,8117,36,2,0.02
15354,8118,74,2,0.0
15355,8118,19,1,0.0
15356,8119,73,3,0.05
15357,8119,23,1,0.0
15358,8119,6,1,0.0
15359,8120,43,1,0.0
15360,8120,1,1,0.05
15361,8120,76,1,0.0
15362,8121,83,1,0.1
15363,8121,24,2,0.05
15364,8121,85,1,0.02
15365,8122,22,1,0.02
15366,8122,40,1,0.0
15367,8122,50,1,0.02
15368,8122,21,3,0.05
15369,8123,13,1,0.0
15370,8123,46,1,0.0
15371,8123,85,1,0.15
15372,8124,55,1,0.1
15373,8124,26,1,0.0
15374,8124,71,1,0.02
15375,8124,24,1,0.1
15376,8125,96,4,0.02
15377,8126,45,1,0.0
15378,8127,94,1,0.0
15379,8128,38,2,0.02
15380,8129,58,2,0.0
15381,8129,40,1,0.05
15382,8129,10,3,0.05
15383,8130,40,1,0.05
15384,8131,46,2,0.0
15385,8132,76,1,0.02
15386,8132,35,1,0.02
15387,8132,37,1,0.0
15388,8132,84,1,0.02
15389,8133,46,1,0.0
15390,8134,31,1,0.0
15391,8135,3,1,0.0
15392,8136,2,1,0.02
15393,8137,6,1,0.05
15394,8138,45,3,0.0
15395,8138,95,3,0.02
15396,8138,87,1,0.02
15397,8139,83,2,0.0
15398,8139,70,1,0.05
15399,8140,51,1,0.02
15400,8141,39,1,0.05
15401,8142,35,1,0.0
15402,8142,14,1,0.02
15403,8143,92,1,0.0
15404,8144,48,2,0.0
15405,8145,90,3,0.0
15406,8145,52,1,0.0
15407,8146,93,1,0.0
15408,8146,13,2,0.0
15409,8147,89,3,0.05
15410,8147,12,4,0.02
15411,8148,20,1,0.0
15412,8149,57,1,0.05
15413,8149,52,1,0.02
15414,8150,78,1,0.0
15415,8151,18,1,0.1
15416,8152,96,1,0.1
15417,8153,86,2,0.0
15418,8154,65,1,0.05
15419,8154,33,1,0.05
15420,8155,76,1,0.02
15421,8155,33,2,0.05
15422,8156,71,1,0.0
15423,8157,78,1,0.0
15424,8158,95,1,0.0
15425,8158,26,3,0.15
15426,8159,23,1,0.0
15427,8159,9,1,0.0
15428,8160,38,1,0.1
15429,8160,35,1,0.0
15430,8161,45,3,0.1
15431,8162,90,2,0.02
15432,8163,28,1,0.0
15433,8163,48,1,0.0
15434,8164,30,1,0.0
15435,8164,92,1,0.02
15436,8165,27,1,0.05
15437,8165,4,1,0.02
15438,8166,94,1,0.02
15439,8166,56,1,0.02
15440,8167,83,1,0.1
15441,8167,89,1,0.02
15442,8167,65,1,0.02
15443,8167,11,1,0.02
15444,8168,61,1,0.0
15445,8169,42,1,0.0
15446,8170,60,2,0.0
15447,8171,16,2,0.0
15448,8172,95,2,0.0
15449,8172,4,1,0.1
15450,8173,73,1,0.0
15451,8173,50,1,0.0
15452,8174,94,3,0.1
15453,8174,30,1,0.02
15454,8175,52,1,0.05
15455,8175,64,1,0.02
15456,8176,84,2,0.0
15457,8176,90,1,0.0
15458,8177,46,1,0.0
15459,8177,52,2,0.05
15460,8178,22,2,0.1
15461,8179,69,1,0.0
15462,8179,9,2,0.02
15463,8180,42,3,0.0
15464,8180,48,1,0.1
15465,8180,64,1,0.05
15466,8181,55,1,0.0
15467,8182,30,1,0.1
15468,8183,49,1,0.0
15469,8183,12,1,0.02
15470,8183,42,2,0.0
15471,8183,27,2,0.1
15472,8184,29,2,0.1
15473,8185,26,4,0.0
15474,8186,84,1,0.05
15475,8187,35,2,0.0
15476,8188,91,1,0.02
15477,8189,49,3,0.0
15478,8189,38,2,0.02
15479,8190,5,1,0.0
15480,8190,34,1,0.0
15481,8191,91,1,0.0
15482,8191,40,2,0.05
15483,8192,21,1,0.1
15484,8192,92,2,0.02
15485,8192,78,1,0.05
15486,8192,61,2,0.02
15487,8193,76,1,0.0
15488,8194,83,2,0.05
15489,8194,9,1,0.0
15490,8195,78,1,0.0
15491,8195,27,1,0.0
15492,8196,10,4,0.05
15493,8196,80,3,0.0
15494,8196,14,2,0.0
15495,8196,79,1,0.02
15496,8196,52,1,0.05
15497,8197,41,1,0.05
15498,8198,38,1,0.05
15499,8198,45,1,0.0
15500,8199,52,2,0.02
15501,8200,74,1,0.0
15502,8200,26,2,0.05
15503,8200,11,1,0.0
15504,8201,4,3,0.0
15505,8201,73,1,0.15
15506,8201,68,1,0.02
15507,8201,58,1,0.0
15508,8202,70,1,0.1
15509,8202,93,2,0.0
15510,8203,13,2,0.1
15511,8203,25,1,0.15
15512,8204,80,3,0.0
15513,8204,11,2,0.0
15514,8205,95,2,0.1
15515,8205,76,1,0.0
15516,8205,6,3,0.0
15517,8206,4,3,0.0
15518,8207,42,1,0.0
15519,8208,54,1,0.02
15520,8209,52,1,0.05
15521,8210,58,1,0.0
15522,8211,3,1,0.02
15523,8212,18,1,0.0
15524,8212,36,1,0.02
15525,8213,19,1,0.02
15526,8213,35,1,0.1
15527,8213,32,1,0.0
15528,8214,38,1,0.15
15529,8214,30,1,0.0
15530,8214,7,2,0.0
15531,8215,75,1,0.0
15532,8215,15,1,0.1
15533,8216,50,1,0.0
15534,8217,28,1,0.0
15535,8217,88,2,0.0
15536,8217,80,2,0.0
15537,8218,75,3,0.0
15538,8219,1,1,0.0
15539,8220,51,2,0.0
15540,8221,71,1,0.1
15541,8222,7,1,0.02
15542,8223,73,1,0.1
15543,8224,1,2,0.15
15544,8225,5,2,0.15
15545,8226,15,1,0.0
15546,8226,74,4,0.0
15547,8226,64,1,0.0
15548,8226,25,1,0.02
15549,8227,40,1,0.0
15550,8228,14,1,0.1
15551,8228,37,3,0.1
15552,8229,62,1,0.0
15553,8230,3,1,0.05
15554,8230,2,2,0.05
15555,8230,29,1,0.0
15556,8230,47,3,0.0
15557,8231,65,2,0.05
15558,8231,83,1,0.0
15559,8231,72,1,0.0
15560,8231,53,3,0.0
15561,8231,43,2,0.1
15562,8232,17,1,0.0
15563,8233,7,1,0.1
15564,8233,88,1,0.1
15565,8234,55,1,0.05
15566,8234,74,1,0.0
15567,8234,27,2,0.02
15568,8234,71,1,0.02
15569,8235,53,2,0.0
15570,8235,89,1,0.0
15571,8235,73,1,0.0
15572,8236,5,1,0.0
15573,8236,76,1,0.05
15574,8237,12,1,0.1
15575,8238,68,1,0.1
15576,8239,62,2,0.0
15577,8239,38,1,0.05
15578,8240,37,1,0.0
15579,8240,89,1,0.1
15580,8241,49,1,0.0
15581,8242,37,2,0.02
15582,8243,30,1,0.1
15583,8243,83,1,0.05
15584,8244,52,1,0.0
15585,8244,48,1,0.02
15586,8245,96,2,0.02
15587,8245,74,3,0.0
15588,8245,80,1,0.02
15589,8245,3,2,0.05
15590,8246,40,3,0.02
15591,8246,30,1,0.15
15592,8247,70,1,0.02
15593,8248,73,1,0.0
15594,8249,73,1,0.02
15595,8249,46,1,0.05
15596,8249,95,2,0.0
15597,8250,35,1,0.05
15598,8250,20,1,0.0
15599,8251,24,2,0.15
15600,8252,54,1,0.0
15601,8253,94,1,0.02
15602,8253,51,2,0.02
15603,8253,93,1,0.1
15604,8254,89,3,0.02
15605,8255,9,1,0.0
15606,8256,92,1,0.02
15607,8257,92,1,0.0
15608,8257,94,1,0.0
15609,8258,70,2,0.02
15610,8259,25,1,0.05
15611,8260,82,2,0.0
15612,8261,89,1,0.0
15613,8262,41,2,0.02
15614,8263,69,1,0.0
15615,8264,61,1,0.0
15616,8264,59,2,0.0
15617,8265,30,2,0.0
15618,8265,64,2,0.05
15619,8266,33,1,0.0
15620,8267,61,1,0.05
15621,8267,13,1,0.02
15622,8267,52,1,0.05
15623,8267,74,1,0.15
15624,8267,24,1,0.0
15625,8268,71,2,0.0
15626,8269,48,2,0.0
15627,8269,51,1,0.0
15628,8269,66,1,0.0
15629,8270,89,4,0.0
15630,8270,51,1,0.05
15631,8270,66,2,0.0
15632,8271,67,1,0.0
15633,8271,21,1,0.15
15634,8272,40,1,0.0
15635,8272,47,1,0.05
15636,8272,69,1,0.1
15637,8273,39,1,0.05
15638,8273,56,1,0.02
15639,8273,2,1,0.02
15640,8273,21,2,0.02
15641,8274,43,1,0.0
15642,8274,22,2,0.02
15643,8275,53,2,0.0
15644,8276,59,1,0.0
15645,8277,55,1,0.05
15646,8278,22,1,0.1
15647,8279,19,2,0.15
15648,8279,5,1,0.02
15649,8280,69,2,0.05
15650,8281,82,1,0.0
15651,8282,38,1,0.0
15652,8283,79,1,0.02
15653,8283,31,3,0.02
15654,8284,22,1,0.02
15655,8285,47,2,0.1
15656,8285,96,1,0.0
15657,8285,28,2,0.0
15658,8286,73,2,0.02
15659,8287,55,1,0.05
15660,8287,45,3,0.0
15661,8287,36,1,0.02
15662,8288,50,1,0.02
15663,8289,75,1,0.15
15664,8289,17,1,0.0
15665,8290,94,1,0.1
15666,8290,37,1,0.0
15667,8291,4,1,0.0
15668,8292,36,1,0.0
15669,8293,74,2,0.05
15670,8293,29,2,0.0
15671,8294,5,1,0.0
15672,8295,35,2,0.02
15673,8296,69,1,0.0
15674,8297,6,1,0.0
15675,8298,3,1,0.0
15676,8298,53,2,0.0
15677,8299,52,1,0.0
15678,8299,96,2,0.02
15679,8300,62,1,0.0
15680,8301,76,2,0.0
15681,8302,2,2,0.0
15682,8302,23,3,0.0
15683,8303,59,1,0.02
15684,8303,37,3,0.0
15685,8304,46,1,0.0
15686,8304,9,1,0.0
15687,8305,6,1,0.0
15688,8305,64,1,0.05
15689,8306,48,2,0.05
15690,8307,63,1,0.05
15691,8307,60,1,0.02
15692,8307,2,3,0.0
15693,8307,88,4,0.0
15694,8307,13,2,0.1
15695,8308,66,3,0.0
15696,8308,7,3,0.02
15697,8308,81,1,0.0
15698,8309,70,2,0.1
15699,8310,16,1,0.05
15700,8310,5,2,0.0
15701,8310,92,1,0.0
15702,8311,19,2,0.05
15703,8311,35,1,0.02
15704,8311,5,1,0.05
15705,8312,44,1,0.02
15706,8313,48,2,0.02
15707,8314,3,1,0.0
15708,8314,63,2,0.0
15709,8314,48,1,0.0
15710,8315,45,2,0.05
15711,8316,84,1,0.0
15712,8317,56,1,0.02
15713,8318,53,2,0.1
15714,8318,14,1,0.1
15715,8319,1,1,0.0
15716,8320,11,3,0.02
15717,8320,85,1,0.0
15718,8321,32,1,0.1
15719,8322,11,1,0.1
15720,8323,70,3,0.0
15721,8323,77,1,0.1
15722,8324,85,1,0.15
15723,8324,49,2,0.02
15724,8325,54,1,0.05
15725,8326,95,2,0.0
15726,8327,55,1,0.0
15727,8327,31,1,0.05
15728,8328,79,1,0.05
15729,8329,42,1,0.15
15730,8329,82,1,0.15
15731,8329,61,1,0.02
15732,8330,85,1,0.0
15733,8330,89,1,0.0
15734,8331,22,1,0.05
15735,8332,7,1,0.05
15736,8332,11,1,0.05
15737,8332,93,1,0.0
15738,8333,65,1,0.0
15739,8333,30,1,0.0
15740,8334,12,1,0.0
15741,8334,5,1,0.0
15742,8335,65,2,0.0
15743,8336,27,2,0.02
15744,8336,22,1,0.02
15745,8337,26,1,0.1
15746,8338,13,4,0.0
15747,8339,15,1,0.05
15748,8340,65,1,0.0
15749,8341,61,1,0.02
15750,8342,6,1,0.0
15751,8343,64,2,0.02
15752,8344,8,2,0.02
15753,8345,56,1,0.1
15754,8346,31,1,0.0
15755,8347,44,1,0.0
15756,8347,29,1,0.02
15757,8348,79,1,0.1
15758,8348,70,1,0.0
15759,8349,18,3,0.15
15760,8349,33,1,0.05
15761,8349,64,2,0.0
15762,8349,17,1,0.1
15763,8350,53,1,0.02
15764,8351,15,1,0.0
15765,8352,37,2,0.0
15766,8352,42,1,0.0
15767,8353,73,1,0.0
15768,8353,24,1,0.0
15769,8354,93,3,0.05
15770,8354,12,2,0.0
15771,8354,52,1,0.0
15772,8354,18,2,0.0
15773,8355,44,2,0.0
15774,8356,89,2,0.0
15775,8357,24,1,0.0
15776,8357,76,2,0.0
15777,8358,90,2,0.05
15778,8359,88,1,0.0
15779,8359,11,1,0.1
15780,8360,93,1,0.0
15781,8360,2,1,0.0
15782,8361,42,2,0.05
15783,8361,84,3,0.0
15784,8361,68,1,0.0
15785,8361,9,1,0.02
15786,8361,70,2,0.1
15787,8362,16,1,0.02
15788,8362,84,1,0.1
15789,8362,43,1,0.1
15790,8363,95,1,0.0
15791,8364,94,2,0.05
15792,8365,47,1,0.05
15793,8366,69,2,0.1
15794,8367,65,1,0.0
15795,8367,27,1,0.0
15796,8367,52,1,0.0
15797,8368,22,2,0.0
15798,8369,81,2,0.0
15799,8370,68,1,0.02
15800,8370,48,2,0.02
15801,8371,82,2,0.15
15802,8372,89,2,0.1
15803,8372,29,2,0.0
15804,8373,28,3,0.1
15805,8373,95,1,0.0
15806,8373,83,1,0.05
15807,8374,25,1,0.0
15808,8374,94,1,0.05
15809,8374,96,1,0.02
15810,8374,93,1,0.02
15811,8374,65,1,0.0
15812,8375,20,1,0.05
15813,8375,44,2,0.0
15814,8376,18,1,0.02
15815,8376,95,2,0.0
15816,8377,21,1,0.05
15817,8377,51,1,0.05
15818,8377,33,1,0.05
15819,8378,40,1,0.0
15820,8379,42,2,0.0
15821,8379,20,1,0.0
15822,8380,13,1,0.0
15823,8381,13,1,0.02
15824,8382,5,1,0.0
15825,8383,40,1,0.0
15826,8384,26,1,0.0
15827,8384,24,4,0.02
15828,8385,90,1,0.15
15829,8386,84,1,0.0
15830,8386,4,1,0.0
15831,8387,34,2,0.02
15832,8388,85,1,0.0
15833,8388,50,2,0.15
15834,8389,20,1,0.02
15835,8390,88,4,0.1
15836,8391,72,4,0.02
15837,8391,90,2,0.0
15838,8392,11,2,0.02
15839,8393,50,1,0.0
15840,8394,70,1,0.0
15841,8394,45,1,0.0
15842,8394,62,1,0.05
15843,8394,75,2,0.0
15844,8395,70,1,0.15
15845,8396,77,1,0.02
15846,8396,9,2,0.05
15847,8397,72,1,0.0
15848,8398,35,4,0.0
15849,8398,27,1,0.02
15850,8398,62,1,0.0
15851,8398,70,1,0.05
15852,8399,65,1,0.05
15853,8399,68,1,0.0
15854,8399,49,1,0.0
15855,8400,55,1,0.02
15856,8400,22,3,0.05
15857,8401,22,3,0.02
15858,8401,11,2,0.02
15859,8401,9,4,0.15
15860,8402,47,2,0.0
15861,8403,47,1,0.15
15862,8403,89,1,0.02
15863,8403,23,1,0.0
15864,8404,46,1,0.0
15865,8404,67,3,0.02
15866,8404,59,1,0.02
15867,8405,45,1,0.15
15868,8405,32,2,0.0
15869,8406,85,2,0.0
15870,8407,68,1,0.05
15871,8408,69,1,0.02
15872,8409,66,1,0.0
15873,8409,5,1,0.0
15874,8409,44,1,0.02
15875,8410,82,1,0.0
15876,8410,41,1,0.02
15877,8411,38,1,0.0
15878,8411,52,1,0.02
15879,8412,45,1,0.0
15880,8413,30,2,0.0
15881,8414,44,3,0.05
15882,8414,75,2,0.02
15883,8415,20,1,0.05
15884,8416,27,1,0.0
15885,8417,28,1,0.0
15886,8418,12,1,0.0
15887,8419,18,1,0.0
15888,8419,4,3,0.0
15889,8420,12,2,0.0
15890,8420,81,1,0.02
15891,8420,29,1,0.0
15892,8421,45,1,0.0
15893,8421,23,1,0.02
15894,8422,78,1,0.15
15895,8423,41,1,0.0
15896,8423,53,1,0.05
15897,8424,22,4,0.1
15898,8425,68,1,0.02
15899,8426,49,1,0.0
15900,8426,33,1,0.0
15901,8427,68,3,0.05
15902,8427,72,3,0.05
15903,8427,90,4,0.0
15904,8427,79,1,0.0
15905,8427,13,1,0.0
15906,8428,5,1,0.0
15907,8428,30,3,0.02
15908,8429,79,1,0.1
15909,8429,15,2,0.0
15910,8430,48,1,0.02
15911,8431,9,1,0.0
15912,8432,37,2,0.05
15913,8433,11,1,0.0
15914,8433,89,2,0.0
15915,8434,54,3,0.0
15916,8435,4,1,0.1
15917,8435,12,1,0.02
15918,8435,66,2,0.1
15919,8436,15,1,0.02
15920,8436,39,2,0.0
15921,8436,64,1,0.1
15922,8436,89,1,0.0
15923,8437,19,2,0.1
15924,8438,6,3,0.0
15925,8439,62,2,0.0
15926,8440,95,1,0.0
15927,8440,1,1,0.0
15928,8440,58,2,0.15
15929,8441,33,1,0.0
15930,8441,58,2,0.0
15931,8441,14,3,0.15
15932,8442,16,1,0.0
15933,8442,78,1,0.0
15934,8443,85,3,0.05
15935,8444,66,2,0.0
15936,8445,94,4,0.02
15937,8446,13,1,0.0
15938,8447,51,1,0.0
15939,8447,14,1,0.0
15940,8448,83,1,0.0
15941,8449,71,1,0.1
15942,8450,9,2,0.05
15943,8451,29,1,0.1
15944,8452,8,2,0.1
15945,8453,94,2,0.02
15946,8453,25,1,0.0
15947,8454,47,2,0.1
15948,8455,29,1,0.1
15949,8455,84,2,0.02
15950,8455,51,1,0.0
15951,8456,36,1,0.0
15952,8456,91,1,0.0
15953,8457,74,2,0.0
15954,8457,84,2,0.0
15955,8458,58,1,0.02
15956,8459,95,1,0.0
15957,8460,57,2,0.02
15958,8460,12,3,0.05
15959,8460,88,1,0.05
15960,8461,54,2,0.0
15961,8461,89,4,0.0
15962,8461,17,1,0.0
15963,8462,96,1,0.0
15964,8462,46,1,0.0
15965,8462,31,1,0.05
15966,8462,92,1,0.02
15967,8463,29,1,0.02
15968,8463,23,1,0.0
15969,8464,63,1,0.0
15970,8465,68,1,0.05
15971,8465,57,2,0.05
15972,8465,65,2,0.0
15973,8465,79,2,0.02
15974,8465,93,1,0.0
15975,8466,11,2,0.0
15976,8466,73,1,0.02
15977,8467,47,1,0.02
15978,8468,55,1,0.05
15979,8469,93,1,0.02
15980,8469,5,4,0.05
15981,8469,68,1,0.15
15982,8470,87,4,0.05
15983,8470,72,3,0.0
15984,8470,77,2,0.0
15985,8470,48,2,0.0
15986,8471,58,1,0.02
15987,8471,65,2,0.02
15988,8472,41,2,0.1
15989,8473,65,2,0.05
15990,8474,9,2,0.02
15991,8474,20,1,0.0
15992,8474,33,2,0.0
15993,8474,43,1,0.0
15994,8475,70,1,0.15
15995,8475,45,3,0.0
15996,8475,75,3,0.05
15997,8476,32,1,0.15
15998,8477,44,1,0.0
15999,8478,37,3,0.0
16000,8479,9,3,0.02
16001,8480,73,1,0.0
16002,8480,35,1,0.1
16003,8481,56,1,0.05
16004,8482,30,3,0.05
16005,8483,67,1,0.0
16006,8483,43,1,0.0
16007,8483,46,1,0.0
16008,8483,96,2,0.02
16009,8483,42,1,0.05
16010,8484,82,1,0.02
16011,8485,25,1,0.05
16012,8485,16,2,0.05
16013,8486,14,1,0.02
16014,8486,36,1,0.02
16015,8486,74,4,0.05
16016,8487,13,4,0.0
16017,8487,90,3,0.05
16018,8488,33,1,0.0
16019,8488,8,1,0.0
16020,8488,34,1,0.0
16021,8489,55,1,0.02
16022,8489,30,1,0.0
16023,8489,43,2,0.0
16024,8489,93,1,0.05
16025,8489,2,2,0.05
16026,8490,45,1,0.0
16027,8491,8,2,0.0
16028,8492,93,1,0.0
16029,8492,91,1,0.0
16030,8493,1,1,0.0
16031,8493,21,1,0.05
16032,8493,96,1,0.1
16033,8494,1,2,0.02
16034,8494,2,2,0.1
16035,8494,72,1,0.05
16036,8495,69,3,0.02
16037,8495,15,1,0.05
16038,8495,61,1,0.0
16039,8496,71,2,0.05
16040,8496,72,1,0.02
16041,8497,5,1,0.0
16042,8497,18,1,0.05
16043,8498,40,1,0.0
16044,8499,38,1,0.02
16045,8499,31,1,0.0
16046,8500,45,1,0.1
16047,8501,39,3,0.0
16048,8502,11,4,0.05
16049,8503,6,1,0.0
16050,8504,88,4,0.0
16051,8505,88,1,0.0
16052,8505,69,3,0.05
16053,8506,50,3,0.05
16054,8506,51,1,0.1
16055,8506,29,2,0.0
16056,8506,89,1,0.02
16057,8507,17,1,0.05
16058,8508,74,1,0.0
16059,8508,88,3,0.05
16060,8508,43,1,0.0
16061,8508,65,1,0.05
16062,8509,56,2,0.05
16063,8509,54,1,0.15
16064,8509,65,1,0.05
16065,8509,69,3,0.05
16066,8510,54,3,0.05
16067,8510,52,3,0.0
16068,8510,58,1,0.0
16069,8511,1,1,0.0
16070,8511,2,1,0.0
16071,8511,92,2,0.0
16072,8511,34,1,0.0
16073,8512,63,2,0.0
16074,8513,43,2,0.0
16075,8513,10,1,0.0
16076,8513,78,1,0.1
16077,8514,47,1,0.02
16078,8515,85,1,0.1
16079,8515,71,1,0.0
16080,8516,24,1,0.02
16081,8516,2,3,0.02
16082,8517,39,1,0.0
16083,8517,57,1,0.1
16084,8517,44,1,0.0
16085,8517,5,1,0.0
16086,8518,40,1,0.0
16087,8519,91,1,0.0
16088,8520,58,2,0.0
16089,8520,90,4,0.0
16090,8521,30,2,0.05
16091,8522,46,1,0.05
16092,8522,56,2,0.1
16093,8523,93,1,0.1
16094,8524,46,2,0.05
16095,8525,16,1,0.0
16096,8526,61,3,0.0
16097,8526,26,2,0.0
16098,8527,52,2,0.1
16099,8527,47,2,0.02
16100,8528,38,2,0.0
16101,8528,93,1,0.05
16102,8528,19,1,0.0
16103,8528,20,1,0.05
16104,8529,40,3,0.1
16105,8529,21,2,0.0
16106,8530,16,2,0.0
16107,8530,84,1,0.15
16108,8530,80,1,0.0
16109,8531,52,1,0.0
16110,8532,48,1,0.0
16111,8533,15,1,0.02
16112,8534,8,1,0.0
16113,8535,63,1,0.0
16114,8535,57,2,0.0
16115,8535,77,1,0.02
16116,8536,79,1,0.0
16117,8536,1,1,0.1
16118,8536,30,1,0.0
16119,8537,20,1,0.05
16120,8538,75,1,0.15
16121,8538,88,1,0.0
16122,8538,48,1,0.0
16123,8539,88,3,0.05
16124,8539,28,2,0.0
16125,8540,2,1,0.05
16126,8540,60,1,0.05
16127,8540,82,1,0.0
16128,8540,72,2,0.0
16129,8541,70,1,0.05
16130,8542,1,3,0.05
16131,8543,52,1,0.05
16132,8543,8,1,0.05
16133,8544,17,2,0.0
16134,8545,95,1,0.05
16135,8545,79,1,0.05
16136,8545,31,3,0.05
16137,8545,3,2,0.0
16138,8545,73,4,0.15
16139,8546,19,1,0.0
16140,8546,42,3,0.0
16141,8546,47,1,0.05
16142,8546,84,3,0.0
16143,8546,85,1,0.0
16144,8547,9,2,0.0
16145,8547,40,1,0.05
16146,8548,27,1,0.02
16147,8549,33,1,0.0
16148,8549,23,1,0.02
16149,8550,25,1,0.02
16150,8550,84,1,0.0
16151,8550,47,1,0.0
16152,8551,62,2,0.0
16153,8552,1,1,0.0
16154,8553,55,3,0.0
16155,8554,28,1,0.0
16156,8555,50,2,0.0
16157,8556,1,1,0.05
16158,8556,45,2,0.0
16159,8557,65,1,0.0
16160,8557,11,1,0.0
16161,8558,63,1,0.05
16162,8558,17,4,0.0
16163,8558,76,1,0.05
16164,8559,22,2,0.02
16165,8560,23,3,0.0
16166,8561,39,1,0.05
16167,8561,48,1,0.02
16168,8561,52,2,0.0
16169,8562,53,1,0.0
16170,8562,7,3,0.05
16171,8563,50,1,0.0
16172,8564,61,2,0.0
16173,8564,35,3,0.0
16174,8565,77,1,0.0
16175,8565,86,2,0.0
16176,8566,90,2,0.0
16177,8567,5,1,0.05
16178,8568,72,1,0.05
16179,8568,14,1,0.02
16180,8569,34,2,0.0
16181,8569,41,3,0.02
16182,8569,32,2,0.05
16183,8569,21,1,0.02
16184,8570,2,1,0.0
16185,8570,6,1,0.1
16186,8571,57,3,0.02
16187,8572,63,2,0.0
16188,8573,59,1,0.0
16189,8573,44,1,0.0
16190,8573,94,2,0.0
16191,8573,46,2,0.05
16192,8574,23,1,0.0
16193,8575,31,1,0.0
16194,8575,28,2,0.02
16195,8576,29,1,0.15
16196,8577,86,1,0.05
16197,8578,31,1,0.0
16198,8579,62,2,0.0
16199,8580,85,1,0.05
16200,8580,64,1,0.0
16201,8581,25,1,0.02
16202,8581,4,1,0.0
16203,8582,80,1,0.02
16204,8582,85,1,0.1
16205,8582,76,1,0.0
16206,8583,48,1,0.0
16207,8584,64,2,0.02
16208,8584,91,2,0.05
16209,8584,37,1,0.0
16210,8585,83,2,0.05
16211,8586,7,1,0.02
16212,8586,41,1,0.1
16213,8587,69,2,0.05
16214,8588,6,1,0.0
16215,8588,32,1,0.0
16216,8588,54,1,0.02
16217,8588,78,1,0.0
16218,8589,78,1,0.0
16219,8590,6,1,0.0
16220,8590,62,1,0.0
16221,8591,5,1,0.02
16222,8591,18,1,0.02
16223,8592,35,1,0.0
16224,8593,70,2,0.02
16225,8593,55,2,0.0
16226,8594,1,4,0.0
16227,8594,61,1,0.0
16228,8595,17,3,0.02
16229,8595,62,1,0.02
16230,8595,3,3,0.0
16231,8595,74,2,0.0
16232,8596,24,2,0.0
16233,8596,80,1,0.1
16234,8596,43,1,0.05
16235,8597,60,2,0.0
16236,8597,43,1,0.05
16237,8598,88,1,0.02
16238,8599,77,4,0.05
16239,8600,75,1,0.02
16240,8601,6,2,0.05
16241,8602,46,1,0.02
16242,8602,96,1,0.02
16243,8602,48,1,0.0
16244,8602,78,1,0.05
16245,8603,59,1,0.05
16246,8604,43,1,0.0
16247,8604,34,2,0.0
16248,8604,14,1,0.0
16249,8605,85,1,0.1
16250,8606,21,1,0.0
16251,8606,66,1,0.05
16252,8606,77,1,0.0
16253,8606,96,2,0.02
16254,8607,5,1,0.0
16255,8608,50,1,0.05
16256,8608,62,1,0.02
16257,8609,71,1,0.02
16258,8609,42,1,0.0
16259,8609,74,1,0.0
16260,8610,83,1,0.02
16261,8611,32,2,0.05
16262,8612,79,1,0.02
16263,8612,35,2,0.0
16264,8613,94,1,0.05
16265,8613,30,1,0.0
16266,8613,7,2,0.02
16267,8614,67,2,0.05
16268,8615,32,4,0.0
16269,8616,22,2,0.0
16270,8617,94,1,0.15
16271,8617,62,1,0.02
16272,8617,48,1,0.0
16273,8618,54,1,0.0
16274,8619,17,1,0.0
16275,8619,56,3,0.0
16276,8620,26,1,0.02
16277,8621,95,2,0.0
16278,8621,70,1,0.0
16279,8622,52,1,0.05
16280,8623,37,2,0.0
16281,8623,89,1,0.05
16282,8624,45,1,0.0
16283,8624,59,1,0.0
16284,8625,66,2,0.05
16285,8626,14,1,0.05
16286,8626,32,2,0.1
16287,8627,81,2,0.15
16288,8627,88,2,0.1
16289,8627,30,1,0.0
16290,8627,58,1,0.02
16291,8627,10,1,0.15
16292,8628,84,2,0.0
16293,8629,80,1,0.05
16294,8629,95,2,0.05
16295,8630,65,1,0.0
16296,8631,85,3,0.1
16297,8631,12,1,0.02
16298,8632,86,1,0.02
16299,8633,89,2,0.0
16300,8633,84,1,0.05
16301,8634,51,2,0.1
16302,8634,28,1,0.0
16303,8634,72,1,0.0
16304,8635,39,1,0.05
16305,8635,69,2,0.0
16306,8635,34,1,0.02
16307,8635,93,2,0.0
16308,8636,73,4,0.02
16309,8637,81,3,0.15
16310,8637,49,1,0.0
16311,8638,60,2,0.02
16312,8638,50,2,0.0
16313,8639,79,2,0.05
16314,8640,19,1,0.0
16315,8641,6,1,0.0
16316,8641,59,2,0.1
16317,8642,61,2,0.1
16318,8643,17,1,0.05
16319,8644,8,1,0.05
16320,8645,10,2,0.1
16321,8646,13,2,0.0
16322,8647,85,1,0.0
16323,8648,90,1,0.02
16324,8649,56,3,0.0
16325,8650,64,2,0.0
16326,8650,67,2,0.0
16327,8650,2,2,0.02
16328,8650,38,2,0.0
16329,8651,45,1,0.05
16330,8652,16,4,0.0
16331,8653,54,1,0.1
16332,8653,57,1,0.0
16333,8653,80,1,0.02
16334,8654,53,1,0.0
16335,8654,20,1,0.0
16336,8654,73,1,0.05
16337,8654,36,2,0.05
16338,8654,49,1,0.1
16339,8655,29,1,0.15
16340,8656,61,2,0.15
16341,8656,66,1,0.0
16342,8657,9,1,0.0
16343,8657,87,1,0.05
16344,8658,13,2,0.05
16345,8659,36,3,0.02
16346,8660,95,1,0.05
16347,8660,9,1,0.05
16348,8660,13,1,0.02
16349,8661,69,1,0.0
16350,8662,40,1,0.15
16351,8662,78,1,0.02
16352,8663,31,2,0.0
16353,8664,84,2,0.15
16354,8664,44,3,0.0
16355,8664,73,2,0.02
16356,8665,91,1,0.0
16357,8666,56,1,0.02
16358,8666,39,1,0.02
16359,8667,53,1,0.05
16360,8667,6,1,0.05
16361,8668,84,4,0.0
16362,8668,17,1,0.0
16363,8669,15,1,0.1
16364,8670,83,1,0.0
16365,8670,33,1,0.05
16366,8670,84,1,0.05
16367,8671,91,2,0.0
16368,8671,32,1,0.05
16369,8672,82,2,0.0
16370,8672,72,1,0.05
16371,8672,47,1,0.1
16372,8673,92,1,0.0
16373,8673,2,1,0.0
16374,8673,59,2,0.02
16375,8673,28,1,0.0
16376,8674,21,2,0.0
16377,8674,81,1,0.0
16378,8674,20,1,0.1
16379,8675,76,2,0.0
16380,8675,72,1,0.05
16381,8675,24,1,0.1
16382,8675,8,1,0.05
16383,8675,23,4,0.0
16384,8676,62,1,0.05
16385,8676,95,1,0.0
16386,8676,38,1,0.15
16387,8677,69,1,0.0
16388,8677,59,1,0.0
16389,8677,65,4,0.0
16390,8678,88,1,0.15
16391,8679,87,1,0.1
16392,8679,37,2,0.05
16393,8679,59,2,0.0
16394,8679,30,1,0.0
16395,8680,53,1,0.0
16396,8680,34,1,0.0
16397,8680,51,1,0.0
16398,8680,6,2,0.1
16399,8680,96,4,0.1
16400,8681,61,4,0.1
16401,8682,16,2,0.05
16402,8682,30,1,0.0
16403,8683,84,1,0.0
16404,8683,55,1,0.0
16405,8684,83,1,0.0
16406,8684,55,1,0.05
16407,8684,40,1,0.05
16408,8684,49,1,0.0
16409,8685,66,2,0.05
16410,8685,10,1,0.05
16411,8685,48,1,0.15
16412,8686,41,2,0.02
16413,8687,33,1,0.02
16414,8688,7,1,0.0
16415,8688,44,1,0.0
16416,8689,77,1,0.0
16417,8689,17,3,0.05
16418,8689,42,2,0.05
16419,8689,64,2,0.0
16420,8689,76,1,0.15
16421,8690,96,1,0.0
16422,8691,73,1,0.05
16423,8692,14,1,0.1
16424,8693,68,1,0.0
16425,8693,38,2,0.0
16426,8693,94,2,0.0
16427,8694,82,1,0.0
16428,8695,88,1,0.0
16429,8696,54,1,0.0
16430,8696,37,1,0.05
16431,8697,90,2,0.05
16432,8698,2,1,0.15
16433,8698,83,2,0.0
16434,8698,5,1,0.1
16435,8699,89,3,0.02
16436,8700,71,1,0.0
16437,8700,36,1,0.15
16438,8700,13,2,0.05
16439,8701,37,1,0.0
16440,8702,56,2,0.1
16441,8702,59,2,0.0
16442,8703,86,1,0.0
16443,8704,78,3,0.1
16444,8704,41,1,0.0
16445,8705,66,2,0.0
16446,8705,38,2,0.0
16447,8706,84,1,0.0
16448,8706,56,1,0.0
16449,8707,15,1,0.0
16450,8707,56,2,0.0
16451,8707,3,1,0.1
16452,8708,9,3,0.0
16453,8709,88,1,0.1
16454,8709,53,1,0.0
16455,8709,15,1,0.1
16456,8710,39,1,0.02
16457,8710,9,1,0.0
16458,8711,69,2,0.0
16459,8712,81,1,0.0
16460,8713,81,1,0.02
16461,8714,1,1,0.0
16462,8715,10,1,0.0
16463,8715,60,2,0.0
16464,8716,68,2,0.05
16465,8716,11,1,0.1
16466,8717,42,1,0.05
16467,8717,77,3,0.02
16468,8717,53,1,0.0
16469,8718,31,4,0.0
16470,8718,68,1,0.05
16471,8719,49,3,0.0
16472,8719,81,3,0.0
16473,8719,1,1,0.0
16474,8719,46,1,0.0
16475,8720,23,2,0.02
16476,8721,80,1,0.0
16477,8721,18,2,0.0
16478,8722,63,1,0.02
16479,8723,2,1,0.05
16480,8724,12,2,0.0
16481,8724,54,2,0.0
16482,8725,96,3,0.0
16483,8726,76,3,0.05
16484,8726,51,2,0.05
16485,8726,58,1,0.0
16486,8727,27,3,0.0
16487,8728,41,1,0.0
16488,8728,34,2,0.02
16489,8728,8,1,0.02
16490,8728,89,2,0.05
16491,8729,44,1,0.0
16492,8729,11,3,0.0
16493,8730,9,2,0.1
16494,8730,49,1,0.05
16495,8730,73,1,0.02
16496,8730,65,1,0.02
16497,8731,91,1,0.05
16498,8731,6,1,0.0
16499,8732,11,2,0.1
16500,8732,17,1,0.0
16501,8733,33,2,0.0
16502,8734,21,2,0.05
16503,8735,57,1,0.05
16504,8735,31,2,0.02
16505,8735,69,2,0.1
16506,8736,46,2,0.0
16507,8736,86,1,0.0
16508,8737,87,1,0.0
16509,8738,50,2,0.05
16510,8738,77,3,0.05
16511,8738,82,1,0.05
16512,8738,21,4,0.0
16513,8739,70,1,0.15
16514,8739,60,1,0.0
16515,8740,10,1,0.0
16516,8740,26,2,0.02
16517,8740,37,1,0.0
16518,8741,59,2,0.0
16519,8742,52,1,0.05
16520,8742,13,1,0.1
16521,8743,52,1,0.0
16522,8744,33,3,0.0
16523,8744,92,2,0.0
16524,8744,49,1,0.05
16525,8745,57,1,0.0
16526,8745,93,1,0.0
16527,8745,73,1,0.0
16528,8746,23,1,0.0
16529,8747,24,1,0.15
16530,8748,84,1,0.05
16531,8748,49,1,0.02
16532,8748,4,1,0.02
16533,8749,20,1,0.0
16534,8750,86,1,0.0
16535,8751,13,2,0.0
16536,8751,53,1,0.0
16537,8751,40,1,0.02
16538,8751,42,1,0.05
16539,8751,39,1,0.05
16540,8752,7,1,0.02
16541,8753,9,2,0.0
16542,8753,65,1,0.0
16543,8753,64,1,0.0
16544,8754,65,1,0.1
16545,8754,80,1,0.05
16546,8754,67,1,0.02
16547,8755,38,1,0.05
16548,8756,14,2,0.0
16549,8757,38,1,0.0
16550,8758,71,1,0.0
16551,8759,29,2,0.0
16552,8759,72,1,0.1
16553,8759,24,1,0.0
16554,8760,80,1,0.0
16555,8760,19,1,0.0
16556,8761,92,1,0.02
16557,8762,12,1,0.02
16558,8762,57,1,0.15
16559,8762,17,3,0.0
16560,8762,32,1,0.0
16561,8763,76,2,0.02
16562,8764,69,1,0.0
16563,8765,65,2,0.0
16564,8765,20,2,0.02
16565,8765,60,1,0.02
16566,8765,79,2,0.0
16567,8766,52,1,0.15
16568,8766,19,2,0.0
16569,8766,58,2,0.0
16570,8767,18,1,0.02
16571,8767,16,1,0.0
16572,8767,2,1,0.1
16573,8767,56,3,0.1
16574,8767,67,4,0.05
16575,8768,30,3,0.0
16576,8769,35,1,0.0
16577,8770,2,1,0.0
16578,8771,45,1,0.02
16579,8771,72,1,0.02
16580,8771,73,1,0.0
16581,8772,75,2,0.0
16582,8772,18,1,0.05
16583,8773,61,4,0.02
16584,8773,32,2,0.0
16585,8773,40,1,0.05
16586,8773,43,1,0.15
16587,8774,44,3,0.0
16588,8774,10,1,0.1
16589,8775,42,1,0.1
16590,8776,8,2,0.05
16591,8776,61,1,0.1
16592,8777,65,4,0.1
16593,8777,34,2,0.02
16594,8777,13,1,0.0
16595,8777,22,2,0.02
16596,8777,59,2,0.02
16597,8778,10,1,0.0
16598,8778,40,1,0.0
16599,8779,28,3,0.1
16600,8779,80,1,0.0
16601,8780,69,3,0.1
16602,8780,2,1,0.05
16603,8781,18,1,0.02
16604,8781,4,1,0.1
16605,8782,62,1,0.0
16606,8782,6,1,0.15
16607,8783,17,2,0.0
16608,8783,82,1,0.15
16609,8784,34,2,0.05
16610,8785,80,3,0.0
16611,8785,86,1,0.02
16612,8786,56,2,0.0
16613,8787,56,1,0.0
16614,8787,8,1,0.15
16615,8788,64,1,0.1
16616,8788,57,3,0.1
16617,8788,66,1,0.0
16618,8788,24,1,0.0
16619,8789,83,1,0.0
16620,8790,44,2,0.02
16621,8790,70,1,0.02
16622,8791,71,2,0.0
16623,8792,1,1,0.02
16624,8792,32,1,0.0
16625,8793,26,1,0.1
16626,8793,93,1,0.0
16627,8794,17,1,0.0
16628,8795,77,2,0.1
16629,8796,77,2,0.02
16630,8796,68,1,0.15
16631,8797,62,1,0.15
16632,8798,74,1,0.0
16633,8798,13,3,0.02
16634,8799,65,2,0.05
16635,8799,57,2,0.0
16636,8800,30,2,0.0
16637,8801,52,3,0.0
16638,8801,71,1,0.05
16639,8802,76,2,0.0
16640,8803,1,1,0.0
16641,8803,70,1,0.0
16642,8804,81,1,0.02
16643,8805,95,2,0.0
16644,8806,21,2,0.02
16645,8807,56,1,0.05
16646,8807,27,1,0.0
16647,8808,53,2,0.0
16648,8809,95,2,0.05
16649,8809,38,1,0.0
16650,8809,51,1,0.0
16651,8809,24,1,0.02
16652,8809,58,3,0.05
16653,8810,50,1,0.0
16654,8810,67,1,0.05
16655,8810,40,2,0.05
16656,8810,4,1,0.05
16657,8811,5,4,0.0
16658,8812,8,1,0.0
16659,8813,52,1,0.02
16660,8813,26,1,0.02
16661,8814,78,2,0.0
16662,8814,40,1,0.0
16663,8815,12,1,0.05
16664,8816,95,1,0.0
16665,8817,41,1,0.15
16666,8818,70,4,0.0
16667,8819,40,2,0.0
16668,8819,36,2,0.02
16669,8819,4,2,0.05
16670,8819,41,2,0.0
16671,8820,8,1,0.0
16672,8821,7,2,0.0
16673,8822,33,1,0.0
16674,8823,40,2,0.02
16675,8823,72,1,0.02
16676,8824,10,1,0.0
16677,8824,47,1,0.1
16678,8824,72,1,0.02
16679,8824,30,3,0.05
16680,8825,85,1,0.05
16681,8825,56,2,0.15
16682,8825,12,1,0.02
16683,8826,11,1,0.05
16684,8826,13,1,0.1
16685,8826,70,4,0.05
16686,8827,13,2,0.15
16687,8828,29,1,0.0
16688,8828,56,1,0.02
16689,8828,65,2,0.0
16690,8829,11,1,0.02
16691,8829,53,1,0.05
16692,8829,71,1,0.0
16693,8830,59,2,0.15
16694,8830,55,1,0.1
16695,8831,24,2,0.02
16696,8832,88,2,0.1
16697,8832,34,2,0.0
16698,8832,28,3,0.0
16699,8832,49,1,0.0
16700,8833,58,1,0.02
16701,8833,85,2,0.1
16702,8834,84,1,0.05
16703,8835,40,1,0.0
16704,8836,36,2,0.02
16705,8837,37,2,0.0
16706,8837,21,4,0.0
16707,8838,27,1,0.05
16708,8838,64,3,0.1
16709,8839,31,1,0.0
16710,8840,50,1,0.0
16711,8840,96,2,0.0
16712,8841,2,3,0.0
16713,8842,38,1,0.02
16714,8843,41,1,0.0
16715,8844,10,2,0.0
16716,8845,54,1,0.05
16717,8845,32,1,0.0
16718,8846,68,1,0.0
16719,8847,88,1,0.05
16720,8848,17,3,0.05
16721,8849,5,3,0.0
16722,8850,64,1,0.0
16723,8850,4,2,0.05
16724,8851,42,1,0.0
16725,8852,93,1,0.0
16726,8853,8,3,0.0
16727,8853,85,1,0.0
16728,8854,74,2,0.0
16729,8854,5,3,0.02
16730,8854,18,1,0.1
16731,8854,81,1,0.05
16732,8855,56,1,0.1
16733,8856,39,1,0.05
16734,8856,56,1,0.02
16735,8857,80,1,0.0
16736,8858,74,1,0.0
16737,8859,57,1,0.05
16738,8859,13,2,0.05
16739,8860,56,3,0.0
16740,8860,74,2,0.02
16741,8860,7,1,0.15
16742,8861,84,1,0.0
16743,8861,83,1,0.0
16744,8861,81,2,0.02
16745,8861,93,3,0.05
16746,8862,64,1,0.0
16747,8863,33,1,0.02
16748,8863,9,2,0.05
16749,8863,70,1,0.0
16750,8864,12,1,0.0
16751,8865,78,1,0.02
16752,8866,44,1,0.1
16753,8867,42,3,0.05
16754,8868,6,2,0.0
16755,8869,69,1,0.05
16756,8870,57,1,0.0
16757,8871,22,2,0.0
16758,8872,27,1,0.0
16759,8872,6,1,0.1
16760,8873,34,1,0.0
16761,8873,75,3,0.02
16762,8873,33,1,0.0
16763,8873,10,1,0.0
16764,8873,28,1,0.0
16765,8874,95,2,0.1
16766,8874,22,3,0.05
16767,8874,71,4,0.0
16768,8875,18,1,0.0
16769,8875,53,1,0.05
16770,8875,92,1,0.0
16771,8876,60,3,0.05
16772,8876,55,2,0.02
16773,8876,49,2,0.0
16774,8877,65,1,0.0
16775,8878,69,2,0.0
16776,8878,26,1,0.0
16777,8879,8,1,0.02
16778,8879,6,3,0.0
16779,8880,81,1,0.02
16780,8881,19,1,0.0
16781,8881,54,1,0.05
16782,8881,88,2,0.15
16783,8882,12,3,0.02
16784,8883,30,1,0.02
16785,8883,56,2,0.0
16786,8884,66,2,0.0
16787,8885,82,1,0.0
16788,8886,77,1,0.0
16789,8886,44,1,0.05
16790,8887,34,1,0.1
16791,8887,59,1,0.0
16792,8888,37,1,0.0
16793,8888,13,2,0.0
16794,8889,93,1,0.05
16795,8889,43,1,0.02
16796,8889,60,3,0.02
16797,8890,85,1,0.0
16798,8890,84,2,0.1
16799,8890,35,1,0.05
16800,8890,57,1,0.0
16801,8890,48,1,0.02
16802,8891,62,2,0.0
16803,8891,74,2,0.1
16804,8892,32,3,0.0
16805,8893,24,1,0.15
16806,8893,28,1,0.0
16807,8894,3,2,0.05
16808,8894,25,2,0.05
16809,8894,35,3,0.0
16810,8894,69,1,0.02
16811,8895,54,2,0.0
16812,8896,17,1,0.1
16813,8896,67,1,0.02
16814,8896,91,1,0.02
16815,8896,69,4,0.0
16816,8897,41,3,0.05
16817,8898,58,2,0.05
16818,8898,38,1,0.05
16819,8898,54,2,0.0
16820,8898,66,1,0.02
16821,8898,50,2,0.02
16822,8899,26,1,0.0
16823,8900,83,2,0.0
16824,8900,15,2,0.1
16825,8900,80,2,0.0
16826,8900,38,1,0.05
16827,8901,10,1,0.1
16828,8902,96,1,0.05
16829,8902,23,2,0.0
16830,8902,60,1,0.05
16831,8903,88,1,0.0
16832,8904,91,1,0.02
16833,8904,17,1,0.15
16834,8905,19,2,0.02
16835,8905,66,1,0.0
16836,8906,79,1,0.0
16837,8907,24,1,0.05
16838,8908,73,1,0.02
16839,8909,41,1,0.0
16840,8909,76,1,0.0
16841,8909,51,1,0.0
16842,8909,73,2,0.05
16843,8910,12,1,0.0
16844,8910,16,1,0.0
16845,8911,4,2,0.05
16846,8911,81,3,0.0
16847,8912,79,1,0.02
16848,8913,66,1,0.0
16849,8913,89,1,0.02
16850,8914,56,1,0.0
16851,8915,24,2,0.05
16852,8915,30,1,0.0
16853,8916,21,1,0.0
16854,8916,75,1,0.0
16855,8916,63,3,0.05
16856,8917,93,3,0.02
16857,8918,86,1,0.05
16858,8919,5,2,0.05
16859,8919,49,1,0.0
16860,8920,80,2,0.0
16861,8920,78,1,0.05
16862,8921,78,3,0.02
16863,8921,13,1,0.1
16864,8921,2,2,0.05
16865,8921,39,3,0.0
16866,8922,69,1,0.05
16867,8922,53,1,0.0
16868,8922,60,1,0.02
16869,8923,32,2,0.1
16870,8923,63,2,0.02
16871,8924,24,1,0.0
16872,8925,46,1,0.02
16873,8925,5,1,0.0
16874,8926,76,1,0.02
16875,8926,61,1,0.1
16876,8927,68,2,0.0
16877,8927,87,1,0.0
16878,8927,79,3,0.05
16879,8928,53,1,0.0
16880,8928,66,1,0.0
16881,8928,7,2,0.0
16882,8928,64,1,0.0
16883,8928,13,1,0.0
16884,8929,72,1,0.0
16885,8930,17,1,0.1
16886,8930,62,1,0.05
16887,8930,32,2,0.0
16888,8930,77,2,0.0
16889,8930,47,1,0.05
16890,8931,85,1,0.0
16891,8931,83,1,0.0
16892,8931,26,1,0.0
16893,8932,79,2,0.02
16894,8932,74,2,0.0
16895,8933,77,2,0.02
16896,8933,62,1,0.02
16897,8934,95,1,0.05
16898,8934,24,1,0.02
16899,8934,10,4,0.05
16900,8935,58,1,0.15
16901,8935,46,1,0.0
16902,8935,66,2,0.02
16903,8935,45,2,0.0
16904,8935,4,3,0.0
16905,8936,77,4,0.0
16906,8937,41,2,0.05
16907,8938,43,2,0.0
16908,8938,37,3,0.0
16909,8938,70,1,0.02
16910,8938,27,1,0.0
16911,8939,19,1,0.0
16912,8939,81,1,0.0
16913,8939,86,1,0.0
16914,8940,56,2,0.02
16915,8941,17,2,0.0
16916,8941,89,1,0.0
16917,8941,88,2,0.0
16918,8941,37,4,0.1
16919,8942,58,3,0.1
16920,8942,92,1,0.0
16921,8942,22,3,0.02
16922,8943,56,1,0.05
16923,8944,80,2,0.05
16924,8944,60,1,0.0
16925,8944,29,2,0.1
16926,8944,84,3,0.05
16927,8945,60,3,0.0
16928,8945,86,1,0.1
16929,8946,52,1,0.15
16930,8946,6,1,0.0
16931,8947,57,3,0.05
16932,8948,61,1,0.0
16933,8948,73,1,0.0
16934,8949,95,4,0.05
16935,8949,69,1,0.02
16936,8949,42,2,0.0
16937,8949,20,2,0.05
16938,8950,7,1,0.05
16939,8951,46,3,0.02
16940,8951,88,1,0.0
16941,8952,1,2,0.05
16942,8953,29,1,0.0
16943,8953,92,2,0.1
16944,8953,26,2,0.02
16945,8953,63,2,0.02
16946,8954,29,1,0.0
16947,8955,86,1,0.0
16948,8956,69,1,0.0
16949,8956,40,1,0.1
16950,8956,51,2,0.02
16951,8957,57,1,0.0
16952,8958,1,1,0.02
16953,8959,82,2,0.02
16954,8960,30,1,0.0
16955,8960,95,2,0.0
16956,8961,1,2,0.05
16957,8961,53,1,0.02
16958,8961,83,1,0.05
16959,8961,79,1,0.0
16960,8962,17,2,0.0
16961,8963,77,3,0.0
16962,8964,27,2,0.0
16963,8964,93,2,0.0
16964,8964,37,1,0.15
16965,8965,8,1,0.02
16966,8965,2,1,0.02
16967,8965,57,1,0.05
16968,8965,87,3,0.0
16969,8966,74,1,0.0
16970,8967,86,1,0.0
16971,8968,51,2,0.05
16972,8968,87,1,0.0
16973,8969,22,1,0.1
16974,8969,50,3,0.05
16975,8969,3,1,0.0
16976,8969,41,1,0.1
16977,8970,24,2,0.1
16978,8971,68,2,0.1
16979,8972,89,1,0.02
16980,8973,5,1,0.0
16981,8973,92,1,0.1
16982,8973,6,1,0.1
16983,8974,41,2,0.0
16984,8974,42,4,0.05
16985,8974,14,2,0.0
16986,8974,95,2,0.05
16987,8975,79,1,0.0
16988,8976,59,3,0.05
16989,8977,73,1,0.0
16990,8978,88,1,0.0
16991,8978,90,4,0.02
16992,8978,6,2,0.15
16993,8979,92,2,0.0
16994,8979,60,1,0.15
16995,8980,94,2,0.0
16996,8980,56,1,0.1
16997,8980,7,1,0.02
16998,8981,66,1,0.02
16999,8982,34,1,0.0
17000,8983,13,2,0.0
17001,8983,92,3,0.0
17002,8984,89,1,0.02
17003,8985,16,1,0.0
17004,8985,44,1,0.05
17005,8986,64,1,0.0
17006,8987,37,2,0.0
17007,8987,29,1,0.02
17008,8988,55,1,0.0
17009,8988,83,1,0.0
17010,8988,27,1,0.15
17011,8989,81,3,0.02
17012,8990,75,1,0.0
17013,8991,76,1,0.0
17014,8992,28,4,0.05
17015,8992,63,3,0.0
17016,8992,6,2,0.05
17017,8993,87,1,0.02
17018,8993,37,2,0.05
17019,8993,20,1,0.05
17020,8994,38,1,0.15
17021,8995,5,1,0.0
17022,8996,23,1,0.05
17023,8997,59,1,0.05
17024,8997,7,1,0.05
17025,8997,35,1,0.0
17026,8998,14,1,0.02
17027,8999,41,1,0.05
17028,8999,56,1,0.0
17029,9000,93,2,0.05
17030,9000,82,2,0.0
17031,9000,83,1,0.0
17032,9001,57,1,0.0
17033,9002,11,1,0.0
17034,9003,84,1,0.0
17035,9003,24,4,0.02
17036,9004,32,1,0.1
17037,9004,21,1,0.0
17038,9005,96,2,0.0
17039,9006,60,1,0.02
17040,9007,16,1,0.15
17041,9008,77,1,0.0
17042,9009,6,1,0.0
17043,9009,9,1,0.05
17044,9009,75,1,0.0
17045,9009,84,1,0.0
17046,9010,59,1,0.05
17047,9011,80,1,0.05
17048,9011,32,2,0.02
17049,9011,82,1,0.0
17050,9012,2,2,0.0
17051,9012,77,2,0.0
17052,9013,21,1,0.15
17053,9014,94,1,0.02
17054,9014,70,2,0.02
17055,9014,66,2,0.1
17056,9014,55,1,0.0
17057,9015,35,1,0.0
17058,9016,2,2,0.1
17059,9016,43,1,0.1
17060,9016,4,2,0.1
17061,9016,70,3,0.0
17062,9017,25,1,0.0
17063,9017,48,3,0.02
17064,9018,59,1,0.0
17065,9019,54,1,0.1
17066,9019,94,1,0.05
17067,9019,76,2,0.0
17068,9020,47,3,0.02
17069,9020,6,1,0.05
17070,9020,93,1,0.05
17071,9021,6,1,0.05
17072,9021,71,1,0.0
17073,9022,71,2,0.1
17074,9023,30,2,0.15
17075,9023,56,1,0.0
17076,9023,20,2,0.1
17077,9024,45,1,0.05
17078,9024,69,1,0.02
17079,9025,52,1,0.02
17080,9026,38,2,0.05
17081,9027,24,1,0.05
17082,9028,16,1,0.0
17083,9028,74,4,0.05
17084,9028,41,2,0.05
17085,9029,29,4,0.0
17086,9030,13,1,0.02
17087,9031,44,1,0.0
17088,9031,5,1,0.0
17089,9031,87,1,0.0
17090,9032,59,2,0.0
17091,9032,64,1,0.05
17092,9032,45,3,0.0
17093,9032,50,1,0.0
17094,9032,92,1,0.0
17095,9033,52,2,0.05
17096,9034,80,1,0.02
17097,9034,61,2,0.1
17098,9035,40,2,0.0
17099,9036,94,4,0.0
17100,9036,89,2,0.02
17101,9037,57,1,0.05
17102,9037,89,2,0.1
17103,9037,72,2,0.0
17104,9038,61,2,0.02
17105,9038,16,3,0.02
17106,9038,14,2,0.0
17107,9039,31,1,0.05
17108,9040,77,1,0.0
17109,9041,85,2,0.0
17110,9041,20,1,0.0
17111,9042,23,2,0.02
17112,9042,60,1,0.0
17113,9042,20,1,0.0
17114,9043,74,1,0.02
17115,9043,56,1,0.0
17116,9043,93,1,0.0
17117,9043,22,3,0.0
17118,9044,63,2,0.0
17119,9044,40,4,0.0
17120,9044,30,3,0.0
17121,9045,71,1,0.02
17122,9046,93,1,0.0
17123,9046,51,2,0.0
17124,9046,15,1,0.05
17125,9047,79,1,0.0
17126,9048,16,3,0.0
17127,9049,86,2,0.05
17128,9049,17,2,0.02
17129,9050,36,1,0.0
17130,9051,28,2,0.05
17131,9051,22,2,0.1
17132,9052,88,1,0.02
17133,9052,16,1,0.05
17134,9052,1,1,0.02
17135,9053,18,1,0.0
17136,9054,23,3,0.05
17137,9055,86,1,0.0
17138,9056,57,1,0.0
17139,9057,42,1,0.02
17140,9057,18,2,0.02
17141,9057,34,1,0.0
17142,9057,78,2,0.0
17143,9057,54,3,0.0
17144,9058,17,1,0.05
17145,9058,94,1,0.0
17146,9059,81,1,0.02
17147,9059,75,1,0.0
17148,9060,55,2,0.0
17149,9060,13,1,0.05
17150,9061,81,1,0.1
17151,9062,96,1,0.02
17152,9063,81,1,0.05
17153,9064,33,1,0.1
17154,9064,31,1,0.02
17155,9064,28,4,0.0
17156,9065,60,2,0.15
17157,9065,77,1,0.02
17158,9066,92,1,0.02
17159,9067,43,1,0.02
17160,9067,49,1,0.02
17161,9067,71,2,0.02
17162,9067,4,1,0.1
17163,9067,65,4,0.05
17164,9068,78,1,0.0
17165,9069,53,2,0.0
17166,9069,32,1,0.0
17167,9070,1,1,0.0
17168,9070,59,1,0.0
17169,9070,21,2,0.0
17170,9070,32,1,0.0
17171,9070,25,3,0.0
17172,9071,29,1,0.0
17173,9072,26,2,0.02
17174,9073,73,3,0.05
17175,9073,86,1,0.0
17176,9073,43,1,0.0
17177,9073,56,2,0.02
17178,9073,72,1,0.0
17179,9074,56,3,0.0
17180,9075,70,2,0.05
17181,9076,20,1,0.05
17182,9076,96,1,0.0
17183,9077,73,1,0.1
17184,9078,91,1,0.02
17185,9079,89,3,0.02
17186,9080,90,1,0.05
17187,9081,16,1,0.05
17188,9082,47,1,0.02
17189,9083,73,1,0.02
17190,9083,6,2,0.0
17191,9083,5,1,0.0
17192,9084,33,1,0.0
17193,9084,85,2,0.0
17194,9085,67,2,0.0
17195,9085,90,1,0.0
17196,9085,73,1,0.05
17197,9085,78,3,0.0
17198,9086,61,1,0.0
17199,9086,96,1,0.05
17200,9086,60,2,0.02
17201,9087,95,1,0.1
17202,9087,37,1,0.0
17203,9087,18,1,0.15
17204,9087,6,1,0.0
17205,9088,56,2,0.0
17206,9089,15,2,0.02
17207,9090,68,1,0.1
17208,9091,65,1,0.05
17209,9092,42,1,0.02
17210,9093,80,1,0.05
17211,9094,34,2,0.0
17212,9095,72,4,0.0
17213,9096,63,1,0.0
17214,9097,3,1,0.02
17215,9097,12,1,0.0
17216,9097,67,1,0.1
17217,9097,83,2,0.02
17218,9097,25,1,0.0
17219,9098,79,1,0.05
17220,9098,74,2,0.05
17221,9099,86,1,0.0
17222,9099,6,1,0.0
17223,9100,20,1,0.05
17224,9101,12,1,0.1
17225,9102,40,1,0.0
17226,9102,22,2,0.02
17227,9102,48,1,0.0
17228,9103,88,2,0.0
17229,9103,37,2,0.0
17230,9104,14,1,0.05
17231,9105,50,1,0.0
17232,9106,74,1,0.0
17233,9106,33,1,0.1
17234,9106,20,1,0.0
17235,9107,22,2,0.0
17236,9107,31,1,0.0
17237,9108,2,1,0.05
17238,9108,93,1,0.05
17239,9108,46,2,0.0
17240,9109,51,1,0.1
17241,9110,70,2,0.05
17242,9110,16,1,0.0
17243,9110,82,1,0.0
17244,9110,95,2,0.0
17245,9111,82,4,0.02
17246,9112,64,1,0.15
17247,9112,88,1,0.1
17248,9113,34,2,0.1
17249,9114,41,1,0.0
17250,9114,29,2,0.0
17251,9114,69,1,0.05
17252,9115,19,3,0.0
17253,9116,20,3,0.1
17254,9116,60,1,0.05
17255,9116,18,1,0.02
17256,9117,57,1,0.02
17257,9117,38,2,0.0
17258,9118,80,1,0.0
17259,9119,55,1,0.0
17260,9120,80,2,0.0
17261,9120,21,1,0.0
17262,9120,19,3,0.0
17263,9120,74,1,0.0
17264,9121,14,1,0.05
17265,9122,12,3,0.0
17266,9123,84,2,0.05
17267,9124,29,1,0.05
17268,9124,44,1,0.15
17269,9125,64,2,0.1
17270,9126,27,2,0.0
17271,9127,79,2,0.0
17272,9127,43,1,0.0
17273,9128,43,1,0.05
17274,9128,62,2,0.02
17275,9128,96,2,0.05
17276,9128,2,3,0.02
17277,9129,61,3,0.1
17278,9130,83,1,0.0
17279,9131,60,1,0.05
17280,9131,52,1,0.0
17281,9131,46,1,0.05
17282,9132,66,1,0.1
17283,9133,93,2,0.02
17284,9134,93,2,0.02
17285,9135,18,1,0.0
17286,9135,50,1,0.05
17287,9135,43,1,0.02
17288,9136,3,1,0.0
17289,9136,88,2,0.0
17290,9137,88,2,0.1
17291,9138,36,2,0.0
17292,9139,2,1,0.02
17293,9140,68,2,0.0
17294,9141,12,2,0.15
17295,9142,54,1,0.0
17296,9142,48,1,0.05
17297,9143,57,3,0.05
17298,9144,20,3,0.0
17299,9145,22,1,0.02
17300,9146,21,4,0.0
17301,9146,52,1,0.15
17302,9147,30,2,0.02
17303,9148,9,1,0.0
17304,9148,42,3,0.0
17305,9148,38,1,0.05
17306,9148,4,1,0.0
17307,9148,33,2,0.02
17308,9149,69,1,0.0
17309,9149,34,1,0.0
17310,9149,5,1,0.0
17311,9149,30,1,0.0
17312,9150,71,2,0.05
17313,9150,68,1,0.0
17314,9150,26,1,0.0
17315,9151,63,1,0.0
17316,9152,45,2,0.02
17317,9153,59,1,0.0
17318,9153,30,1,0.05
17319,9154,4,1,0.02
17320,9155,19,2,0.0
17321,9155,96,1,0.02
17322,9155,78,1,0.02
17323,9155,50,2,0.0
17324,9156,71,1,0.1
17325,9156,2,1,0.0
17326,9157,80,2,0.02
17327,9157,25,1,0.0
17328,9158,38,2,0.1
17329,9159,17,2,0.1
17330,9159,4,1,0.0
17331,9159,38,2,0.05
17332,9160,52,1,0.05
17333,9160,15,1,0.02
17334,9160,14,2,0.1
17335,9161,3,1,0.02
17336,9161,35,1,0.0
17337,9162,47,4,0.1
17338,9162,56,1,0.05
17339,9163,5,1,0.05
17340,9163,33,1,0.1
17341,9164,46,1,0.0
17342,9164,60,2,0.05
17343,9165,79,2,0.02
17344,9166,88,2,0.0
17345,9166,4,2,0.1
17346,9167,42,1,0.02
17347,9167,6,2,0.0
17348,9168,64,1,0.0
17349,9169,55,1,0.02
17350,9170,9,1,0.02
17351,9171,79,1,0.05
17352,9171,75,1,0.02
17353,9172,75,2,0.0
17354,9173,4,2,0.02
17355,9174,77,1,0.1
17356,9174,65,2,0.05
17357,9174,84,1,0.1
17358,9175,75,2,0.05
17359,9176,32,1,0.0
17360,9177,2,1,0.0
17361,9177,82,1,0.0
17362,9177,57,1,0.0
17363,9177,73,1,0.0
17364,9177,37,1,0.1
17365,9178,65,1,0.0
17366,9178,54,3,0.02
17367,9179,78,1,0.0
17368,9179,16,3,0.0
17369,9180,56,2,0.0
17370,9181,29,1,0.0
17371,9181,71,1,0.05
17372,9182,42,1,0.0
17373,9182,31,1,0.0
17374,9183,49,1,0.0
17375,9183,83,2,0.05
17376,9184,2,2,0.0
17377,9184,64,2,0.0
17378,9184,40,1,0.0
17379,9185,73,3,0.0
17380,9186,16,1,0.1
17381,9187,88,2,0.02
17382,9187,4,1,0.02
17383,9188,35,4,0.0
17384,9188,23,2,0.05
17385,9189,17,2,0.0
17386,9189,37,3,0.02
17387,9190,2,1,0.02
17388,9191,71,1,0.02
17389,9192,95,1,0.0
17390,9193,11,2,0.15
17391,9194,41,1,0.1
17392,9195,63,1,0.0
17393,9196,13,1,0.1
17394,9196,22,1,0.0
17395,9197,57,1,0.05
17396,9197,34,1,0.02
17397,9198,10,1,0.1
17398,9198,92,4,0.05
17399,9198,19,2,0.0
17400,9198,55,1,0.05
17401,9199,43,1,0.02
17402,9199,40,1,0.0
17403,9200,42,2,0.0
17404,9201,68,2,0.05
17405,9201,22,2,0.0
17406,9201,58,1,0.1
17407,9201,50,2,0.02
17408,9201,15,1,0.05
17409,9202,19,2,0.05
17410,9202,63,1,0.0
17411,9202,76,1,0.0
17412,9203,22,1,0.05
17413,9203,45,2,0.0
17414,9203,9,2,0.0
17415,9204,12,3,0.15
17416,9204,74,1,0.0
17417,9205,8,4,0.0
17418,9205,4,2,0.0
17419,9206,18,1,0.02
17420,9207,61,2,0.05
17421,9208,82,2,0.0
17422,9208,57,1,0.0
17423,9209,45,1,0.05
17424,9210,45,2,0.0
17425,9211,20,2,0.02
17426,9212,14,3,0.05
17427,9212,42,2,0.0
17428,9213,59,1,0.0
17429,9214,94,2,0.0
17430,9214,59,1,0.15
17431,9215,25,1,0.0
17432,9215,16,1,0.05
17433,9216,51,3,0.02
17434,9216,86,1,0.0
17435,9216,66,2,0.0
17436,9217,70,2,0.05
17437,9217,52,1,0.0
17438,9217,63,2,0.05
17439,9218,69,1,0.0
17440,9218,65,1,0.02
17441,9218,83,1,0.02
17442,9219,47,1,0.05
17443,9219,24,1,0.0
17444,9219,56,2,0.05
17445,9220,72,1,0.05
17446,9220,50,1,0.0
17447,9221,52,1,0.0
17448,9222,85,1,0.0
17449,9222,77,1,0.02
17450,9222,70,1,0.02
17451,9223,12,1,0.15
17452,9223,90,1,0.0
17453,9223,75,1,0.05
17454,9224,28,1,0.0
17455,9225,28,3,0.05
17456,9226,10,1,0.05
17457,9226,36,1,0.0
17458,9226,37,1,0.0
17459,9227,10,1,0.15
17460,9228,12,1,0.02
17461,9229,73,1,0.05
17462,9229,81,1,0.02
17463,9230,61,1,0.0
17464,9230,36,2,0.05
17465,9231,45,1,0.0
17466,9231,89,3,0.0
17467,9232,29,2,0.0
17468,9232,59,1,0.0
17469,9232,81,2,0.0
17470,9232,49,1,0.0
17471,9233,51,2,0.05
17472,9234,89,1,0.0
17473,9234,9,3,0.05
17474,9234,11,2,0.02
17475,9235,79,1,0.0
17476,9236,21,2,0.02
17477,9237,39,1,0.02
17478,9238,12,2,0.0
17479,9238,21,2,0.0
17480,9239,94,3,0.02
17481,9240,38,1,0.02
17482,9241,18,1,0.0
17483,9241,33,3,0.05
17484,9241,5,2,0.0
17485,9241,16,1,0.05
17486,9242,25,2,0.0
17487,9242,35,2,0.05
17488,9243,39,1,0.0
17489,9243,69,2,0.0
17490,9243,7,2,0.0
17491,9244,90,1,0.0
17492,9244,57,1,0.05
17493,9245,31,2,0.0
17494,9245,76,3,0.0
17495,9246,61,1,0.0
17496,9246,34,2,0.15
17497,9246,32,1,0.1
17498,9247,20,1,0.15
17499,9248,86,1,0.0
17500,9248,12,1,0.02
17501,9248,48,1,0.02
17502,9248,59,1,0.0
17503,9249,26,1,0.0
17504,9250,24,2,0.0
17505,9250,38,1,0.02
17506,9250,7,1,0.0
17507,9251,56,1,0.05
17508,9251,40,1,0.0
17509,9251,38,1,0.0
17510,9252,52,1,0.0
17511,9252,27,2,0.05
17512,9253,19,1,0.1
17513,9253,96,1,0.0
17514,9254,8,4,0.0
17515,9254,30,1,0.05
17516,9255,32,1,0.1
17517,9256,89,1,0.0
17518,9256,66,1,0.0
17519,9256,7,2,0.0
17520,9256,63,1,0.02
17521,9257,76,1,0.02
17522,9257,35,4,0.0
17523,9257,26,1,0.05
17524,9257,72,1,0.1
17525,9258,42,1,0.05
17526,9258,76,1,0.05
17527,9258,18,1,0.05
17528,9258,33,2,0.0
17529,9259,50,1,0.0
17530,9259,8,1,0.05
17531,9259,11,1,0.05
17532,9260,64,1,0.05
17533,9261,38,2,0.0
17534,9261,39,1,0.05
17535,9261,91,1,0.0
17536,9261,72,1,0.02
17537,9262,56,1,0.0
17538,9263,44,3,0.02
17539,9264,4,1,0.05
17540,9265,6,1,0.0
17541,9266,66,1,0.15
17542,9266,93,2,0.05
17543,9266,4,1,0.0
17544,9266,65,3,0.05
17545,9266,52,3,0.0
17546,9267,68,1,0.05
17547,9267,90,1,0.0
17548,9268,56,2,0.0
17549,9268,90,1,0.0
17550,9269,24,2,0.1
17551,9270,64,4,0.0
17552,9271,61,2,0.15
17553,9271,91,1,0.1
17554,9271,62,2,0.0
17555,9272,96,1,0.0
17556,9273,75,3,0.05
17557,9274,25,2,0.0
17558,9275,39,1,0.0
17559,9276,20,2,0.0
17560,9276,14,2,0.0
17561,9276,71,1,0.05
17562,9276,64,1,0.05
17563,9277,24,1,0.0
17564,9277,51,1,0.1
17565,9277,54,1,0.0
17566,9277,66,1,0.0
17567,9277,81,2,0.02
17568,9278,26,2,0.02
17569,9278,46,1,0.0
17570,9278,63,1,0.0
17571,9278,59,1,0.02
17572,9279,24,1,0.0
17573,9279,62,1,0.0
17574,9279,53,1,0.0
17575,9280,65,1,0.0
17576,9280,11,1,0.02
17577,9281,32,1,0.0
17578,9282,38,3,0.1
17579,9283,95,3,0.0
17580,9284,63,1,0.1
17581,9285,53,1,0.05
17582,9286,31,1,0.05
17583,9287,51,2,0.0
17584,9288,9,1,0.02
17585,9288,93,3,0.05
17586,9289,75,1,0.15
17587,9290,88,3,0.05
17588,9290,6,1,0.02
17589,9291,69,1,0.05
17590,9291,15,1,0.0
17591,9291,90,1,0.02
17592,9291,75,1,0.0
17593,9292,69,1,0.05
17594,9292,56,1,0.0
17595,9293,20,2,0.15
17596,9294,54,1,0.0
17597,9295,94,1,0.02
17598,9295,73,1,0.02
17599,9295,95,2,0.0
17600,9296,37,3,0.05
17601,9296,7,1,0.0
17602,9297,1,1,0.02
17603,9298,44,1,0.0
17604,9298,4,2,0.05
17605,9298,83,2,0.0
17606,9299,16,1,0.0
17607,9300,78,1,0.02
17608,9300,87,2,0.02
17609,9301,58,1,0.1
17610,9301,61,1,0.05
17611,9301,18,2,0.0
17612,9301,53,2,0.05
17613,9302,20,1,0.1
17614,9303,75,2,0.0
17615,9303,77,1,0.1
17616,9304,53,1,0.02
17617,9304,84,3,0.0
17618,9305,29,1,0.0
17619,9306,48,1,0.05
17620,9306,67,3,0.05
17621,9306,25,1,0.0
17622,9306,32,1,0.0
17623,9307,29,1,0.0
17624,9307,12,1,0.05
17625,9307,95,1,0.0
17626,9308,39,2,0.1
17627,9308,22,1,0.0
17628,9308,88,2,0.0
17629,9309,26,2,0.15
17630,9309,95,1,0.0
17631,9310,11,1,0.02
17632,9311,78,1,0.0
17633,9312,37,1,0.0
17634,9313,69,3,0.0
17635,9313,79,1,0.0
17636,9313,78,1,0.05
17637,9314,46,2,0.0
17638,9315,76,2,0.02
17639,9315,22,1,0.05
17640,9315,4,1,0.15
17641,9316,30,2,0.0
17642,9316,91,1,0.02
17643,9316,55,2,0.0
17644,9317,15,3,0.0
17645,9317,2,1,0.05
17646,9317,81,1,0.02
17647,9317,12,1,0.02
17648,9318,82,1,0.0
17649,9318,65,1,0.0
17650,9318,88,1,0.0
17651,9319,70,1,0.0
17652,9319,22,1,0.1
17653,9319,7,1,0.0
17654,9320,41,1,0.1
17655,9320,49,1,0.0
17656,9321,15,1,0.0
17657,9322,18,1,0.0
17658,9323,11,1,0.02
17659,9324,58,1,0.02
17660,9325,12,1,0.0
17661,9326,89,2,0.0
17662,9327,18,2,0.1
17663,9328,53,1,0.02
17664,9329,26,2,0.05
17665,9330,82,1,0.0
17666,9330,19,1,0.0
17667,9330,95,4,0.05
17668,9330,11,4,0.0
17669,9331,63,2,0.05
17670,9331,18,1,0.1
17671,9331,75,1,0.1
17672,9332,10,2,0.0
17673,9332,14,1,0.1
17674,9333,7,1,0.02
17675,9333,31,1,0.0
17676,9333,80,2,0.05
17677,9334,19,2,0.02
17678,9335,46,1,0.05
17679,9336,34,4,0.15
17680,9336,84,3,0.0
17681,9337,55,1,0.02
17682,9337,54,3,0.02
17683,9337,10,2,0.0
17684,9337,91,1,0.0
17685,9338,33,2,0.0
17686,9339,25,1,0.05
17687,9339,67,1,0.05
17688,9339,89,1,0.0
17689,9340,78,1,0.0
17690,9340,1,1,0.02
17691,9341,51,1,0.02
17692,9341,18,2,0.0
17693,9341,90,1,0.0
17694,9342,93,1,0.0
17695,9343,56,4,0.0
17696,9344,31,2,0.02
17697,9345,21,1,0.0
17698,9346,20,1,0.0
17699,9346,24,1,0.05
17700,9346,14,1,0.0
17701,9347,48,1,0.02
17702,9347,16,3,0.05
17703,9348,8,1,0.0
17704,9349,81,3,0.0
17705,9349,3,1,0.02
17706,9349,84,1,0.0
17707,9350,73,1,0.1
17708,9351,81,1,0.0
17709,9351,18,1,0.0
17710,9351,91,1,0.0
17711,9352,23,1,0.15
17712,9353,18,4,0.05
17713,9353,41,2,0.05
17714,9353,80,2,0.02
17715,9353,84,3,0.1
17716,9354,27,1,0.15
17717,9354,26,1,0.0
17718,9355,52,2,0.0
17719,9356,8,2,0.0
17720,9356,60,1,0.05
17721,9356,26,2,0.02
17722,9356,87,4,0.0
17723,9357,18,3,0.0
17724,9358,14,1,0.0
17725,9359,45,1,0.0
17726,9360,14,1,0.02
17727,9361,8,1,0.0
17728,9361,80,2,0.05
17729,9362,4,2,0.0
17730,9362,72,1,0.0
17731,9362,94,4,0.02
17732,9362,70,2,0.02
17733,9363,57,2,0.0
17734,9363,33,2,0.02
17735,9364,32,2,0.0
17736,9364,75,1,0.02
17737,9364,78,3,0.15
17738,9364,12,1,0.0
17739,9365,82,1,0.0
17740,9366,89,3,0.0
17741,9367,88,1,0.0
17742,9367,96,1,0.02
17743,9368,34,4,0.0
17744,9368,84,2,0.05
17745,9368,68,2,0.02
17746,9368,79,2,0.02
17747,9369,45,1,0.1
17748,9370,54,3,0.0
17749,9370,90,1,0.02
17750,9371,22,1,0.0
17751,9371,36,1,0.0
17752,9371,17,2,0.0
17753,9372,57,2,0.1
17754,9372,41,3,0.1
17755,9372,40,3,0.02
17756,9373,82,1,0.0
17757,9374,55,1,0.05
17758,9374,81,1,0.0
17759,9374,32,2,0.1
17760,9375,28,2,0.0
17761,9375,11,1,0.1
17762,9375,91,2,0.05
17763,9376,68,2,0.0
17764,9377,8,1,0.05
17765,9377,79,1,0.0
17766,9377,33,2,0.05
17767,9378,71,1,0.05
17768,9379,34,2,0.0
17769,9380,41,1,0.02
17770,9381,40,1,0.05
17771,9382,56,1,0.0
17772,9383,35,2,0.0
17773,9384,67,1,0.02
17774,9384,89,1,0.0
17775,9385,25,2,0.0
17776,9385,5,1,0.05
17777,9385,55,1,0.0
17778,9385,86,1,0.0
17779,9385,78,1,0.15
17780,9386,26,2,0.05
17781,9387,28,1,0.02
17782,9388,18,1,0.0
17783,9388,73,3,0.15
17784,9389,96,1,0.02
17785,9390,17,1,0.0
17786,9390,8,1,0.15
17787,9391,78,1,0.05
17788,9392,24,1,0.0
17789,9392,38,1,0.05
17790,9393,47,2,0.02
17791,9393,62,1,0.05
17792,9394,65,1,0.0
17793,9395,1,1,0.05
17794,9396,56,1,0.0
17795,9397,31,2,0.05
17796,9398,51,1,0.0
17797,9398,35,1,0.02
17798,9398,14,1,0.0
17799,9399,68,2,0.0
17800,9399,70,1,0.05
17801,9399,94,4,0.05
17802,9400,11,1,0.0
17803,9401,94,3,0.0
17804,9401,80,1,0.02
17805,9401,38,1,0.05
17806,9401,74,1,0.05
17807,9402,9,1,0.0
17808,9402,45,1,0.05
17809,9403,39,2,0.0
17810,9404,31,2,0.0
17811,9404,7,1,0.1
17812,9404,11,1,0.0
17813,9405,70,2,0.02
17814,9405,8,1,0.0
17815,9405,55,1,0.0
17816,9406,67,2,0.15
17817,9406,4,1,0.02
17818,9406,96,1,0.1
17819,9407,9,1,0.0
17820,9408,68,1,0.0
17821,9409,53,1,0.1
17822,9410,76,2,0.02
17823,9410,70,1,0.0
17824,9410,81,1,0.0
17825,9411,96,1,0.05
17826,9412,89,2,0.05
17827,9413,74,2,0.0
17828,9413,24,1,0.05
17829,9413,44,2,0.0
17830,9414,28,3,0.05
17831,9414,24,1,0.02
17832,9415,49,1,0.0
17833,9416,55,2,0.02
17834,9417,87,1,0.1
17835,9418,34,1,0.0
17836,9418,11,1,0.0
17837,9418,95,2,0.02
17838,9418,35,1,0.0
17839,9418,6,4,0.1
17840,9419,89,1,0.0
17841,9420,6,1,0.0
17842,9420,76,1,0.0
17843,9421,58,1,0.0
17844,9421,61,2,0.05
17845,9421,65,2,0.0
17846,9422,92,1,0.0
17847,9422,31,1,0.02
17848,9423,78,1,0.05
17849,9423,45,1,0.0
17850,9423,11,2,0.02
17851,9424,63,1,0.0
17852,9424,16,2,0.0
17853,9425,34,2,0.0
17854,9426,58,2,0.1
17855,9427,22,2,0.02
17856,9427,70,3,0.1
17857,9428,60,1,0.1
17858,9429,23,1,0.0
17859,9430,13,1,0.05
17860,9430,36,2,0.05
17861,9430,63,2,0.02
17862,9430,88,2,0.0
17863,9431,25,2,0.05
17864,9431,19,1,0.05
17865,9432,5,2,0.1
17866,9432,94,2,0.1
17867,9433,6,2,0.0
17868,9434,79,1,0.0
17869,9434,81,4,0.0
17870,9434,70,1,0.0
17871,9435,48,1,0.0
17872,9436,11,2,0.0
17873,9437,36,2,0.1
17874,9438,70,1,0.05
17875,9439,51,2,0.05
17876,9439,26,1,0.0
17877,9440,67,1,0.0
17878,9440,40,1,0.02
17879,9440,9,2,0.05
17880,9441,93,4,0.05
17881,9441,50,1,0.02
17882,9442,25,1,0.0
17883,9443,53,1,0.05
17884,9444,37,3,0.0
17885,9445,90,1,0.0
17886,9445,84,1,0.0
17887,9445,71,3,0.05
17888,9445,77,1,0.0
17889,9445,2,4,0.0
17890,9446,2,1,0.0
17891,9447,9,1,0.0
17892,9447,17,1,0.0
17893,9447,3,1,0.0
17894,9448,69,3,0.0
17895,9449,68,1,0.1
17896,9450,58,1,0.0
17897,9450,66,1,0.05
17898,9451,85,2,0.0
17899,9452,35,1,0.02
17900,9453,44,1,0.0
17901,9454,81,1,0.05
17902,9455,50,1,0.02
17903,9456,73,2,0.02
17904,9456,79,1,0.02
17905,9456,92,2,0.02
17906,9456,16,1,0.02
17907,9456,68,3,0.05
17908,9457,19,3,0.0
17909,9457,41,3,0.05
17910,9457,79,1,0.02
17911,9457,66,2,0.0
17912,9458,96,1,0.0
17913,9458,11,1,0.0
17914,9458,68,1,0.1
17915,9459,7,1,0.05
17916,9459,90,1,0.05
17917,9460,70,1,0.05
17918,9461,73,1,0.0
17919,9461,6,2,0.05
17920,9461,84,3,0.05
17921,9461,69,2,0.1
17922,9462,69,1,0.1
17923,9462,85,1,0.05
17924,9462,54,1,0.0
17925,9463,15,1,0.02
17926,9463,72,2,0.02
17927,9463,8,3,0.15
17928,9463,96,1,0.1
17929,9464,34,2,0.0
17930,9465,49,1,0.0
17931,9465,29,1,0.0
17932,9465,14,1,0.0
17933,9466,76,1,0.02
17934,9467,81,2,0.05
17935,9467,24,1,0.02
17936,9468,27,1,0.0
17937,9469,14,1,0.05
17938,9469,8,1,0.0
17939,9469,24,2,0.0
17940,9469,9,1,0.0
17941,9470,79,2,0.02
17942,9470,8,1,0.02
17943,9471,56,1,0.0
17944,9472,20,1,0.0
17945,9473,29,1,0.0
17946,9474,45,2,0.0
17947,9475,51,2,0.05
17948,9476,91,1,0.02
17949,9477,35,3,0.0
17950,9478,56,1,0.0
17951,9479,94,2,0.1
17952,9479,21,1,0.02
17953,9480,78,1,0.0
17954,9480,84,1,0.02
17955,9480,17,2,0.02
17956,9480,90,1,0.05
17957,9481,18,1,0.15
17958,9482,38,1,0.0
17959,9482,29,3,0.0
17960,9483,62,1,0.02
17961,9483,14,2,0.1
17962,9483,83,2,0.0
17963,9483,32,1,0.02
17964,9484,72,1,0.15
17965,9484,63,4,0.05
17966,9485,34,1,0.02
17967,9486,27,1,0.0
17968,9487,2,1,0.1
17969,9487,62,3,0.02
17970,9488,82,1,0.02
17971,9488,48,2,0.05
17972,9489,17,2,0.02
17973,9490,52,1,0.0
17974,9491,71,1,0.05
17975,9491,47,2,0.0
17976,9491,86,2,0.0
17977,9491,10,1,0.15
17978,9492,61,2,0.1
17979,9493,27,1,0.0
17980,9493,37,1,0.05
17981,9493,16,2,0.05
17982,9494,57,1,0.05
17983,9495,79,1,0.0
17984,9496,65,1,0.0
17985,9497,21,2,0.05
17986,9497,88,1,0.05
17987,9498,41,2,0.1
17988,9499,53,1,0.05
17989,9499,13,1,0.0
17990,9500,55,2,0.02
17991,9500,82,1,0.02
17992,9500,23,1,0.02
17993,9500,46,1,0.0
17994,9501,13,1,0.0
17995,9502,34,1,0.0
17996,9503,29,2,0.0
17997,9504,18,1,0.05
17998,9505,80,1,0.0
17999,9506,78,1,0.02
18000,9507,30,1,0.02
18001,9507,93,1,0.0
18002,9507,61,2,0.05
18003,9507,75,2,0.05
18004,9508,44,2,0.0
18005,9509,25,1,0.05
18006,9510,18,3,0.0
18007,9511,5,1,0.05
18008,9512,71,1,0.02
18009,9513,80,1,0.02
18010,9514,39,1,0.02
18011,9515,90,1,0.05
18012,9516,11,2,0.02
18013,9516,94,1,0.02
18014,9516,25,1,0.05
18015,9517,43,3,0.0
18016,9517,11,1,0.0
18017,9517,42,2,0.0
18018,9518,29,1,0.05
18019,9518,46,3,0.0
18020,9519,23,2,0.02
18021,9520,5,1,0.02
18022,9520,78,1,0.02
18023,9521,87,1,0.05
18024,9521,54,1,0.0
18025,9521,12,4,0.0
18026,9521,25,1,0.0
18027,9521,1,1,0.0
18028,9522,10,2,0.1
18029,9523,80,1,0.15
18030,9524,11,3,0.0
18031,9525,49,2,0.0
18032,9525,23,1,0.05
18033,9526,96,1,0.05
18034,9526,77,1,0.05
18035,9527,22,1,0.05
18036,9527,20,1,0.02
18037,9527,49,2,0.05
18038,9528,86,3,0.02
18039,9528,27,1,0.02
18040,9529,23,1,0.02
18041,9530,58,3,0.0
18042,9531,34,2,0.02
18043,9532,82,3,0.0
18044,9532,54,1,0.05
18045,9532,71,2,0.0
18046,9532,60,1,0.05
18047,9533,73,2,0.0
18048,9534,62,2,0.0
18049,9534,48,1,0.0
18050,9535,61,2,0.05
18051,9535,83,1,0.02
18052,9536,1,1,0.1
18053,9536,49,1,0.02
18054,9537,78,1,0.0
18055,9537,71,3,0.1
18056,9538,22,1,0.0
18057,9539,29,1,0.15
18058,9539,54,1,0.05
18059,9539,48,3,0.05
18060,9540,4,2,0.0
18061,9540,61,1,0.0
18062,9541,57,1,0.02
18063,9541,42,1,0.0
18064,9542,55,2,0.0
18065,9542,10,1,0.05
18066,9542,95,1,0.0
18067,9543,66,1,0.05
18068,9544,90,1,0.15
18069,9544,20,3,0.0
18070,9545,54,4,0.1
18071,9545,77,1,0.05
18072,9545,3,1,0.0
18073,9545,53,1,0.0
18074,9546,28,1,0.1
18075,9547,44,1,0.0
18076,9548,87,1,0.05
18077,9549,46,1,0.1
18078,9550,68,1,0.0
18079,9550,29,1,0.0
18080,9551,26,1,0.0
18081,9552,9,1,0.0
18082,9552,70,1,0.1
18083,9553,58,2,0.05
18084,9554,94,4,0.02
18085,9554,68,2,0.15
18086,9554,48,1,0.05
18087,9555,4,3,0.05
18088,9555,58,1,0.05
18089,9555,48,1,0.05
18090,9556,21,1,0.05
18091,9556,60,1,0.02
18092,9557,79,1,0.0
18093,9558,27,1,0.0
18094,9558,42,1,0.02
18095,9558,69,1,0.05
18096,9559,48,3,0.05
18097,9559,96,1,0.0
18098,9559,53,1,0.05
18099,9560,5,1,0.02
18100,9561,75,1,0.05
18101,9561,65,1,0.1
18102,9561,87,3,0.0
18103,9561,74,1,0.1
18104,9561,67,1,0.0
18105,9562,33,1,0.05
18106,9562,77,2,0.1
18107,9562,58,1,0.02
18108,9563,72,1,0.0
18109,9563,87,1,0.02
18110,9563,59,1,0.05
18111,9564,45,2,0.0
18112,9564,36,1,0.0
18113,9564,32,1,0.0
18114,9565,77,1,0.15
18115,9565,93,1,0.1
18116,9566,63,1,0.02
18117,9567,83,1,0.05
18118,9567,21,2,0.02
18119,9567,85,3,0.0
18120,9568,63,1,0.05
18121,9569,47,1,0.1
18122,9569,43,1,0.05
18123,9570,79,2,0.05
18124,9571,88,1,0.05
18125,9572,8,1,0.02
18126,9572,23,2,0.0
18127,9572,58,1,0.05
18128,9573,17,3,0.05
18129,9573,19,1,0.02
18130,9573,59,1,0.0
18131,9573,40,3,0.0
18132,9574,34,1,0.0
18133,9574,23,1,0.0
18134,9574,81,1,0.05
18135,9575,11,1,0.02
18136,9575,20,1,0.0
18137,9575,32,3,0.05
18138,9576,77,1,0.15
18139,9576,71,1,0.02
18140,9577,63,1,0.0
18141,9578,54,1,0.02
18142,9579,30,2,0.0
18143,9579,80,2,0.05
18144,9579,20,2,0.05
18145,9580,62,2,0.0
18146,9580,68,1,0.0
18147,9581,42,1,0.05
18148,9581,7,1,0.0
18149,9581,80,4,0.0
18150,9582,39,1,0.02
18151,9582,64,2,0.15
18152,9582,88,1,0.0
18153,9583,41,1,0.05
18154,9583,59,1,0.0
18155,9583,49,1,0.05
18156,9584,77,1,0.0
18157,9584,59,1,0.1
18158,9585,60,2,0.0
18159,9585,58,1,0.0
18160,9585,33,2,0.05
18161,9586,28,3,0.0
18162,9587,20,1,0.0
18163,9588,75,1,0.1
18164,9588,55,3,0.0
18165,9588,24,1,0.05
18166,9589,63,4,0.0
18167,9590,9,2,0.0
18168,9590,56,1,0.0
18169,9590,88,2,0.1
18170,9591,45,1,0.02
18171,9591,80,2,0.1
18172,9591,13,3,0.05
18173,9591,40,1,0.1
18174,9591,76,1,0.0
18175,9592,69,2,0.0
18176,9592,13,2,0.05
18177,9592,62,2,0.0
18178,9592,84,2,0.02
18179,9592,55,2,0.0
18180,9593,18,1,0.05
18181,9593,94,1,0.0
18182,9594,23,2,0.0
18183,9595,10,1,0.0
18184,9595,39,2,0.0
18185,9595,95,1,0.02
18186,9595,37,1,0.05
18187,9595,7,1,0.0
18188,9596,57,2,0.05
18189,9597,82,1,0.0
18190,9597,90,3,0.0
18191,9598,68,4,0.0
18192,9598,74,1,0.0
18193,9599,65,1,0.1
18194,9600,14,1,0.0
18195,9600,54,2,0.05
18196,9601,33,1,0.0
18197,9601,46,1,0.05
18198,9602,66,1,0.02
18199,9603,32,4,0.0
18200,9604,34,1,0.02
18201,9605,20,1,0.1
18202,9606,6,1,0.0
18203,9606,42,1,0.02
18204,9606,9,1,0.15
18205,9606,17,2,0.05
18206,9606,12,1,0.05
18207,9607,57,1,0.0
18208,9607,23,2,0.0
18209,9607,15,1,0.05
18210,9607,65,1,0.05
18211,9608,54,1,0.15
18212,9609,57,3,0.02
18213,9609,53,2,0.1
18214,9610,9,1,0.05
18215,9610,16,1,0.05
18216,9611,65,2,0.05
18217,9612,85,3,0.02
18218,9612,27,3,0.0
18219,9612,4,2,0.05
18220,9613,38,1,0.0
18221,9613,23,2,0.05
18222,9614,3,1,0.0
18223,9614,67,1,0.02
18224,9614,42,1,0.05
18225,9614,10,1,0.02
18226,9615,63,1,0.0
18227,9616,76,1,0.0
18228,9617,33,1,0.02
18229,9617,26,1,0.02
18230,9617,93,1,0.02
18231,9617,63,2,0.0
18232,9617,54,1,0.02
18233,9618,41,1,0.0
18234,9618,26,1,0.05
18235,9618,58,2,0.02
18236,9619,80,2,0.0
18237,9620,61,1,0.02
18238,9621,37,1,0.0
18239,9622,19,1,0.02
18240,9623,18,2,0.02
18241,9624,96,3,0.05
18242,9625,90,2,0.1
18243,9625,46,1,0.05
18244,9626,51,2,0.1
18245,9627,61,3,0.0
18246,9627,94,1,0.15
18247,9627,31,1,0.15
18248,9627,49,1,0.02
18249,9627,73,3,0.0
18250,9628,91,2,0.0
18251,9628,84,1,0.0
18252,9629,1,1,0.02
18253,9629,30,2,0.05
18254,9630,87,1,0.0
18255,9631,62,3,0.0
18256,9632,37,1,0.0
18257,9633,82,1,0.1
18258,9633,3,1,0.0
18259,9634,48,1,0.02
18260,9635,30,2,0.05
18261,9635,43,1,0.1
18262,9635,68,4,0.02
18263,9635,88,1,0.02
18264,9635,40,1,0.05
18265,9636,18,1,0.1
18266,9636,29,2,0.0
18267,9636,13,1,0.02
18268,9637,95,2,0.0
18269,9638,23,4,0.0
18270,9639,96,1,0.0
18271,9640,78,1,0.0
18272,9641,14,1,0.0
18273,9641,34,1,0.0
18274,9641,24,1,0.0
18275,9642,1,1,0.05
18276,9642,67,2,0.0
18277,9643,69,3,0.0
18278,9643,33,2,0.0
18279,9643,4,1,0.0
18280,9643,29,1,0.0
18281,9643,42,1,0.0
18282,9644,13,1,0.1
18283,9644,6,1,0.02
18284,9644,11,1,0.0
18285,9644,32,1,0.05
18286,9644,79,1,0.02
18287,9645,63,1,0.02
18288,9645,60,1,0.05
18289,9646,16,1,0.0
18290,9646,86,4,0.0
18291,9647,23,1,0.02
18292,9648,34,2,0.0
18293,9649,14,1,0.0
18294,9649,11,2,0.0
18295,9649,89,2,0.0
18296,9650,11,1,0.0
18297,9650,67,3,0.0
18298,9650,2,1,0.02
18299,9650,34,1,0.0
18300,9651,54,3,0.02
18301,9651,86,1,0.0
18302,9651,40,2,0.0
18303,9651,60,1,0.0
18304,9651,75,1,0.05
18305,9652,66,3,0.0
18306,9652,91,1,0.0
18307,9653,59,1,0.1
18308,9653,29,1,0.0
18309,9653,40,2,0.05
18310,9653,17,3,0.02
18311,9654,16,2,0.1
18312,9654,65,1,0.0
18313,9655,65,1,0.0
18314,9655,34,3,0.15
18315,9656,87,1,0.02
18316,9656,53,3,0.0
18317,9656,86,1,0.0
18318,9657,47,3,0.0
18319,9657,8,1,0.1
18320,9658,4,1,0.05
18321,9659,36,1,0.1
18322,9660,22,1,0.0
18323,9660,86,1,0.0
18324,9661,96,1,0.0
18325,9662,86,1,0.05
18326,9662,93,2,0.0
18327,9663,7,1,0.0
18328,9663,15,1,0.05
18329,9664,4,1,0.0
18330,9664,20,1,0.05
18331,9664,79,2,0.0
18332,9665,22,2,0.0
18333,9666,79,1,0.1
18334,9667,65,1,0.0
18335,9668,4,1,0.0
18336,9669,18,1,0.05
18337,9670,75,1,0.0
18338,9671,47,1,0.05
18339,9671,72,1,0.15
18340,9672,27,1,0.02
18341,9673,24,1,0.02
18342,9674,19,1,0.0
18343,9675,65,2,0.0
18344,9675,8,4,0.02
18345,9675,19,2,0.0
18346,9675,38,1,0.0
18347,9676,9,1,0.1
18348,9677,88,1,0.02
18349,9677,29,1,0.0
18350,9678,53,3,0.1
18351,9678,78,2,0.0
18352,9679,17,2,0.0
18353,9680,60,3,0.05
18354,9680,46,2,0.0
18355,9680,88,1,0.0
18356,9680,20,1,0.02
18357,9681,22,1,0.0
18358,9682,41,2,0.0
18359,9683,34,2,0.05
18360,9684,76,2,0.0
18361,9685,31,1,0.05
18362,9686,42,1,0.15
18363,9687,70,2,0.05
18364,9688,42,3,0.1
18365,9689,77,1,0.0
18366,9689,16,1,0.05
18367,9690,83,2,0.05
18368,9690,19,1,0.05
18369,9690,8,2,0.0
18370,9691,14,3,0.0
18371,9692,77,1,0.05
18372,9692,43,1,0.0
18373,9692,32,2,0.1
18374,9693,37,1,0.0
18375,9694,94,1,0.1
18376,9695,4,1,0.05
18377,9696,16,1,0.0
18378,9696,67,2,0.02
18379,9696,74,1,0.02
18380,9697,48,2,0.0
18381,9697,57,2,0.05
18382,9698,4,1,0.05
18383,9698,79,1,0.0
18384,9698,71,1,0.0
18385,9699,85,1,0.05
18386,9700,41,1,0.0
18387,9700,67,1,0.0
18388,9700,27,1,0.1
18389,9701,94,2,0.02
18390,9701,25,2,0.1
18391,9701,58,1,0.0
18392,9702,20,2,0.02
18393,9703,64,1,0.0
18394,9703,65,2,0.0
18395,9703,32,1,0.0
18396,9704,86,2,0.0
18397,9704,59,1,0.1
18398,9704,11,1,0.0
18399,9705,6,1,0.05
18400,9706,39,1,0.0
18401,9706,1,1,0.0
18402,9706,44,2,0.0
18403,9707,87,2,0.0
18404,9708,7,4,0.0
18405,9709,86,3,0.1
18406,9709,18,1,0.0
18407,9709,71,1,0.0
18408,9709,12,1,0.0
18409,9710,75,1,0.05
18410,9711,2,1,0.05
18411,9712,79,1,0.0
18412,9712,70,1,0.05
18413,9713,54,2,0.0
18414,9713,6,3,0.0
18415,9713,7,1,0.0
18416,9714,50,1,0.0
18417,9715,70,1,0.0
18418,9716,2,1,0.0
18419,9717,22,3,0.05
18420,9718,30,1,0.0
18421,9718,92,1,0.0
18422,9719,45,1,0.05
18423,9720,12,4,0.05
18424,9720,4,2,0.0
18425,9720,94,2,0.0
18426,9721,33,2,0.02
18427,9721,17,2,0.1
18428,9721,21,1,0.1
18429,9722,94,2,0.05
18430,9722,57,1,0.05
18431,9723,86,2,0.0
18432,9723,72,1,0.0
18433,9724,82,3,0.0
18434,9724,1,2,0.1
18435,9725,13,1,0.1
18436,9726,78,2,0.02
18437,9727,93,3,0.02
18438,9728,4,2,0.1
18439,9729,96,1,0.02
18440,9730,29,1,0.0
18441,9730,74,1,0.0
18442,9731,63,1,0.02
18443,9732,18,2,0.0
18444,9733,80,3,0.0
18445,9733,72,3,0.1
18446,9733,2,1,0.05
18447,9733,41,1,0.1
18448,9733,36,1,0.05
18449,9734,10,1,0.0
18450,9735,18,1,0.0
18451,9735,64,2,0.1
18452,9736,70,2,0.0
18453,9736,72,1,0.05
18454,9736,14,1,0.05
18455,9736,93,3,0.0
18456,9736,61,1,0.02
18457,9737,36,3,0.05
18458,9737,5,2,0.15
18459,9738,88,1,0.0
18460,9739,65,1,0.05
18461,9740,40,2,0.02
18462,9741,26,1,0.0
18463,9741,82,2,0.05
18464,9742,6,1,0.0
18465,9742,82,2,0.1
18466,9743,36,1,0.0
18467,9744,58,4,0.05
18468,9744,10,1,0.02
18469,9745,50,1,0.05
18470,9745,33,2,0.05
18471,9746,61,1,0.0
18472,9747,84,1,0.0
18473,9748,89,2,0.05
18474,9749,69,1,0.0
18475,9750,90,4,0.05
18476,9750,55,1,0.0
18477,9750,72,1,0.02
18478,9751,96,2,0.15
18479,9752,12,1,0.02
18480,9752,80,2,0.0
18481,9753,6,3,0.0
18482,9753,73,1,0.0
18483,9754,90,1,0.05
18484,9755,73,2,0.02
18485,9756,33,2,0.0
18486,9756,96,1,0.0
18487,9756,86,2,0.0
18488,9756,52,1,0.05
18489,9757,27,1,0.02
18490,9758,61,1,0.0
18491,9759,51,2,0.0
18492,9759,75,2,0.0
18493,9760,13,1,0.0
18494,9761,25,1,0.15
18495,9761,90,2,0.05
18496,9762,54,1,0.0
18497,9763,7,2,0.1
18498,9763,67,1,0.1
18499,9764,64,2,0.05
18500,9764,34,1,0.0
18501,9764,96,1,0.0
18502,9765,44,1,0.0
18503,9766,55,1,0.0
18504,9767,3,1,0.0
18505,9768,86,1,0.05
18506,9769,45,2,0.0
18507,9770,68,1,0.0
18508,9771,35,1,0.0
18509,9772,88,1,0.0
18510,9772,1,2,0.02
18511,9773,63,1,0.0
18512,9773,56,1,0.0
18513,9773,22,2,0.0
18514,9774,54,2,0.05
18515,9774,41,2,0.0
18516,9775,6,1,0.05
18517,9775,33,1,0.0
18518,9776,77,1,0.02
18519,9777,60,2,0.0
18520,9777,11,1,0.0
18521,9777,34,1,0.0
18522,9778,38,1,0.0
18523,9778,83,1,0.05
18524,9778,58,3,0.0
18525,9779,45,1,0.0
18526,9780,14,1,0.0
18527,9781,41,3,0.0
18528,9782,66,1,0.1
18529,9782,32,1,0.0
18530,9782,82,1,0.0
18531,9783,33,1,0.02
18532,9783,76,2,0.05
18533,9784,43,1,0.0
18534,9784,18,3,0.0
18535,9784,58,4,0.05
18536,9785,90,1,0.0
18537,9785,86,1,0.0
18538,9786,17,1,0.0
18539,9787,35,2,0.02
18540,9788,48,1,0.0
18541,9788,5,2,0.05
18542,9789,67,1,0.0
18543,9789,62,1,0.02
18544,9790,19,1,0.05
18545,9790,50,1,0.05
18546,9791,16,1,0.1
18547,9791,45,2,0.05
18548,9791,63,2,0.0
18549,9791,77,2,0.0
18550,9792,47,1,0.0
18551,9792,94,2,0.02
18552,9792,86,2,0.02
18553,9793,39,3,0.05
18554,9793,27,1,0.05
18555,9794,25,2,0.05
18556,9794,13,1,0.0
18557,9795,90,1,0.0
18558,9796,21,2,0.0
18559,9797,56,1,0.1
18560,9797,12,1,0.02
18561,9798,40,1,0.0
18562,9799,81,1,0.1
18563,9800,62,3,0.0
18564,9800,34,2,0.02
18565,9801,65,1,0.02
18566,9802,41,2,0.0
18567,9803,42,2,0.0
18568,9804,17,1,0.0
18569,9804,53,1,0.0
18570,9805,42,1,0.05
18571,9805,76,1,0.0
18572,9805,52,1,0.05
18573,9805,7,2,0.05
18574,9806,86,1,0.0
18575,9807,21,4,0.0
18576,9808,12,2,0.15
18577,9809,23,1,0.05
18578,9809,5,1,0.0
18579,9809,41,1,0.0
18580,9809,84,1,0.02
18581,9810,44,1,0.0
18582,9810,68,3,0.0
18583,9811,63,3,0.02
18584,9812,84,2,0.15
18585,9813,28,1,0.0
18586,9814,53,1,0.02
18587,9815,25,2,0.0
18588,9815,67,1,0.0
18589,9815,10,1,0.0
18590,9815,59,3,0.02
18591,9816,80,2,0.15
18592,9816,6,1,0.1
18593,9817,10,1,0.02
18594,9817,78,2,0.02
18595,9818,62,1,0.1
18596,9819,54,1,0.1
18597,9820,54,1,0.05
18598,9820,15,3,0.0
18599,9821,2,3,0.05
18600,9822,77,3,0.05
18601,9822,73,1,0.0
18602,9823,10,1,0.02
18603,9823,31,4,0.1
18604,9824,32,2,0.0
18605,9825,66,2,0.05
18606,9825,90,2,0.1
18607,9825,45,2,0.0
18608,9826,77,1,0.0
18609,9827,94,2,0.02
18610,9827,69,1,0.05
18611,9827,65,2,0.0
18612,9828,52,2,0.0
18613,9828,33,3,0.05
18614,9829,31,1,0.02
18615,9830,19,2,0.02
18616,9831,63,1,0.05
18617,9832,41,1,0.0
18618,9833,25,1,0.1
18619,9833,71,1,0.1
18620,9833,48,2,0.0
18621,9834,72,2,0.0
18622,9835,38,4,0.15
18623,9835,67,1,0.0
18624,9835,25,1,0.0
18625,9835,44,1,0.05
18626,9836,55,1,0.02
18627,9836,66,2,0.0
18628,9837,30,1,0.15
18629,9837,9,2,0.1
18630,9837,58,2,0.0
18631,9837,65,1,0.02
18632,9837,2,1,0.02
18633,9838,52,3,0.02
18634,9839,40,2,0.0
18635,9839,57,4,0.1
18636,9840,74,1,0.0
18637,9841,68,1,0.1
18638,9841,71,1,0.0
18639,9842,21,1,0.05
18640,9843,56,1,0.0
18641,9843,6,1,0.02
18642,9844,35,1,0.02
18643,9845,71,2,0.0
18644,9845,61,1,0.02
18645,9845,37,1,0.02
18646,9846,96,1,0.0
18647,9847,28,2,0.05
18648,9847,23,1,0.0
18649,9847,17,1,0.0
18650,9847,85,1,0.0
18651,9848,27,2,0.02
18652,9848,45,1,0.0
18653,9848,11,2,0.1
18654,9848,6,1,0.0
18655,9848,85,2,0.0
18656,9849,81,2,0.05
18657,9850,92,2,0.05
18658,9851,22,1,0.02
18659,9852,6,2,0.0
18660,9852,54,1,0.0
18661,9852,32,1,0.05
18662,9853,26,2,0.0
18663,9854,61,2,0.0
18664,9855,55,1,0.05
18665,9856,69,1,0.1
18666,9857,21,1,0.0
18667,9858,11,1,0.1
18668,9858,76,1,0.05
18669,9859,11,1,0.0
18670,9859,45,2,0.0
18671,9860,39,2,0.0
18672,9860,8,1,0.05
18673,9861,34,2,0.1
18674,9861,15,1,0.0
18675,9862,58,1,0.0
18676,9862,93,2,0.1
18677,9862,15,2,0.02
18678,9862,87,2,0.0
18679,9863,54,1,0.02
18680,9863,38,1,0.0
18681,9863,29,1,0.1
18682,9863,78,1,0.05
18683,9864,1,2,0.0
18684,9864,31,2,0.1
18685,9865,60,1,0.1
18686,9866,58,3,0.02
18687,9867,35,3,0.0
18688,9867,68,1,0.0
18689,9867,63,2,0.0
18690,9868,73,1,0.0
18691,9868,69,1,0.05
18692,9869,29,1,0.05
18693,9869,20,1,0.05
18694,9870,38,2,0.0
18695,9871,55,1,0.0
18696,9872,1,2,0.05
18697,9872,93,2,0.0
18698,9873,7,2,0.0
18699,9874,79,1,0.0
18700,9875,37,1,0.02
18701,9875,80,2,0.02
18702,9875,61,2,0.1
18703,9876,6,1,0.02
18704,9877,47,1,0.1
18705,9878,93,1,0.02
18706,9879,9,1,0.0
18707,9879,73,1,0.0
18708,9880,42,1,0.1
18709,9880,78,1,0.0
18710,9880,69,1,0.02
18711,9881,49,1,0.0
18712,9882,65,2,0.0
18713,9882,74,1,0.0
18714,9883,70,3,0.0
18715,9883,87,1,0.0
18716,9884,1,1,0.05
18717,9884,45,2,0.0
18718,9884,52,1,0.0
18719,9885,37,1,0.0
18720,9886,48,1,0.0
18721,9887,42,1,0.0
18722,9888,52,1,0.0
18723,9888,1,2,0.05
18724,9889,92,1,0.0
18725,9890,70,3,0.0
18726,9890,2,1,0.0
18727,9891,34,1,0.0
18728,9892,60,4,0.0
18729,9893,54,1,0.15
18730,9894,72,1,0.0
18731,9895,8,1,0.0
18732,9896,33,3,0.0
18733,9897,50,1,0.05
18734,9898,85,1,0.15
18735,9898,53,1,0.1
18736,9899,44,2,0.0
18737,9900,25,3,0.15
18738,9900,33,1,0.15
18739,9900,76,3,0.0
18740,9900,7,2,0.0
18741,9901,89,1,0.02
18742,9901,88,1,0.05
18743,9901,90,1,0.05
18744,9902,32,3,0.0
18745,9903,56,1,0.02
18746,9904,29,1,0.05
18747,9905,15,1,0.15
18748,9905,82,1,0.02
18749,9906,28,2,0.0
18750,9906,15,3,0.02
18751,9906,17,1,0.0
18752,9906,45,1,0.0
18753,9907,70,2,0.02
18754,9907,15,1,0.05
18755,9907,6,1,0.0
18756,9907,21,1,0.02
18757,9908,13,2,0.1
18758,9908,76,1,0.05
18759,9909,41,2,0.15
18760,9910,85,2,0.02
18761,9911,69,1,0.0
18762,9911,95,1,0.05
18763,9911,66,2,0.0
18764,9911,56,2,0.05
18765,9912,36,2,0.0
18766,9912,88,1,0.0
18767,9913,66,4,0.02
18768,9914,56,2,0.0
18769,9914,1,1,0.1
18770,9914,77,3,0.0
18771,9915,35,1,0.0
18772,9916,47,1,0.05
18773,9916,69,1,0.02
18774,9916,53,1,0.05
18775,9917,34,1,0.15
18776,9918,30,2,0.05
18777,9919,2,2,0.1
18778,9920,28,2,0.05
18779,9920,9,1,0.0
18780,9921,34,2,0.0
18781,9921,81,2,0.0
18782,9921,59,2,0.02
18783,9922,61,4,0.0
18784,9922,1,1,0.0
18785,9923,79,1,0.02
18786,9923,59,2,0.02
18787,9924,85,2,0.05
18788,9925,30,1,0.05
18789,9926,71,2,0.0
18790,9926,54,1,0.02
18791,9927,61,1,0.0
18792,9928,81,1,0.0
18793,9928,9,1,0.05
18794,9928,30,1,0.1
18795,9928,46,1,0.0
18796,9928,71,1,0.02
18797,9929,2,2,0.0
18798,9930,37,1,0.0
18799,9931,4,3,0.05
18800,9932,52,1,0.1
18801,9933,2,2,0.1
18802,9933,34,1,0.05
18803,9934,32,1,0.0
18804,9934,44,1,0.05
18805,9935,23,2,0.0
18806,9936,91,1,0.02
18807,9937,92,2,0.1
18808,9937,96,1,0.0
18809,9937,64,1,0.15
18810,9938,14,1,0.02
18811,9939,52,2,0.05
18812,9939,53,1,0.05
18813,9939,23,1,0.0
18814,9939,44,2,0.05
18815,9940,11,1,0.0
18816,9941,83,4,0.02
18817,9942,92,1,0.0
18818,9943,72,1,0.0
18819,9943,20,1,0.02
18820,9943,88,3,0.02
18821,9943,6,1,0.0
18822,9944,36,4,0.1
18823,9944,85,1,0.02
18824,9945,78,3,0.02
18825,9945,37,2,0.05
18826,9945,34,1,0.0
18827,9946,56,2,0.0
18828,9947,53,1,0.0
18829,9947,55,3,0.02
18830,9947,38,4,0.0
18831,9948,49,4,0.0
18832,9949,22,2,0.02
18833,9950,67,2,0.05
18834,9950,83,1,0.0
18835,9951,21,1,0.05
18836,9952,58,1,0.05
18837,9952,76,1,0.0
18838,9953,46,1,0.1
18839,9954,92,1,0.02
18840,9954,95,1,0.0
18841,9955,41,1,0.0
18842,9956,62,3,0.0
18843,9957,29,1,0.15
18844,9958,1,1,0.1
18845,9958,40,2,0.02
18846,9959,4,3,0.0
18847,9959,60,1,0.02
18848,9960,70,1,0.0
18849,9961,55,2,0.02
18850,9961,17,1,0.0
18851,9961,66,1,0.0
18852,9962,65,3,0.02
18853,9962,45,1,0.1
18854,9962,52,1,0.02
18855,9962,54,3,0.02
18856,9962,90,1,0.15
18857,9963,43,3,0.0
18858,9963,82,1,0.0
18859,9963,30,3,0.0
18860,9964,86,2,0.02
18861,9965,73,1,0.0
18862,9965,41,1,0.05
18863,9965,8,1,0.0
18864,9966,19,1,0.0
18865,9967,12,1,0.02
18866,9968,47,2,0.02
18867,9969,15,1,0.15
18868,9969,60,3,0.0
18869,9970,51,1,0.02
18870,9970,90,1,0.15
18871,9970,61,1,0.0
18872,9970,87,1,0.0
18873,9971,93,1,0.0
18874,9972,16,1,0.02
18875,9973,26,3,0.05
18876,9973,50,1,0.05
18877,9974,70,3,0.0
18878,9974,46,2,0.1
18879,9974,95,1,0.0
18880,9975,34,1,0.0
18881,9976,9,1,0.05
18882,9976,57,1,0.05
18883,9977,5,1,0.0
18884,9977,49,2,0.02
18885,9977,61,1,0.0
18886,9977,53,1,0.0
18887,9978,46,2,0.0
18888,9978,70,1,0.0
18889,9979,46,1,0.15
18890,9979,22,1,0.0
18891,9979,87,1,0.0
18892,9980,46,1,0.02
18893,9981,86,1,0.05
18894,9982,39,2,0.0
18895,9983,87,2,0.05
18896,9984,45,4,0.0
18897,9984,18,2,0.0
18898,9984,36,1,0.02
18899,9984,93,1,0.0
18900,9985,50,2,0.0
18901,9985,71,4,0.05
18902,9985,77,1,0.0
18903,9985,8,1,0.15
18904,9986,56,3,0.0
18905,9986,69,2,0.02
18906,9986,52,1,0.0
18907,9987,6,1,0.0
18908,9988,89,2,0.05
18909,9989,3,1,0.0
18910,9989,32,2,0.05
18911,9990,96,3,0.05
18912,9991,70,1,0.15
18913,9992,38,1,0.0
18914,9993,18,1,0.0
18915,9994,5,1,0.15
18916,9995,55,2,0.0
18917,9996,74,2,0.0
18918,9996,89,3,0.0
18919,9996,93,4,0.0
18920,9997,59,1,0.05
18921,9997,55,1,0.1
18922,9998,65,1,0.0
18923,9998,42,1,0.0
18924,9998,37,1,0.05
18925,9998,52,2,0.02
18926,9999,85,2,0.05
18927,9999,41,1,0.0
18928,10000,23,1,0.0
18929,10000,52,3,0.05
18930,10000,2,1,0.15
